name,address,city,state,price,lat,lng
WOODSHED OF BIG CABIN,"I-44, EXIT 283 & US-69",Big Cabin,OK,3.0073,36.607931,-95.274736
KWIK TRIP #796,"I-94, EXIT 143 & US-12 & SR-21",Tomah,WI,3.2873,43.994833,-90.491704
PILOT TRAVEL CENTER #1243,"I-8, EXIT 119 & SR-85",Gila Bend,AZ,3.899,32.93059,-112.746832
LITTLEFIELD EXPRESS #2,"I-540, EXIT 12 & US-71",Fort Smith,AR,3.399,35.365272,-94.411035
ACI TRUCK STOP,US-46,Columbia,NJ,3.079,40.938805,-75.054983
SHENANDOAH TRUCK CENTER,"I-81, EXIT 273 & SR-703/SR-292",Mount Jackson,VA,2.899,38.768819,-78.676655
CIRCLE K #2612042,"I-35,  EXIT 271",Jarrell,TX,2.919,30.748406,-97.600833
PETRO STOPPING CENTER #348,"I-85,  EXIT 22 & CR-138",Shorter,AL,3.154,32.383585,-85.91616
TA SEYMOUR TRAVEL CENTER,"I-65, EXIT 50 & US-50 & US-31",Seymour,IN,3.959,38.957133,-85.882477
TA COUNCIL BLUFFS TRAVEL CENTER,"I-29 & I-80, EXIT 3",Council Bluffs,IA,3.7257,41.252954,-95.880992
TOPS TRUCK STOP,"I-94, EXIT 182 & US-83",Sterling,ND,3.5157,46.843583,-100.274392
Good 2 Go #709,US-50,Montrose,CO,3.424,38.46783,-107.875182
OASIS TRAVEL PLAZA,US-13,Laurel,DE,3.229,38.553695,-75.563052
DELAWARE TRUCK PLAZA,US-13 & US-40,New Castle,DE,3.249,39.67703,-75.589938
One9 #89,"I-75, EXIT 224",Ellenton,FL,3.439,27.53818,-82.5006
DOWNIEVILLE FUEL STOP,"I-70, EXIT 234",Dumont,CO,3.459,39.764722,-105.599722
MOLLYS FOOD & FUEL,"I-20 & ST 22, EXIT 55",Crawfordville,GA,3.499,33.570801,-82.887234
TA SAGINAW I 75 TRAVEL CENTER,"I-75, EXIT 144-B",Bridgeport,MI,3.269,43.355309,-83.854906
Lupton Truck Stop #567,"I-40, EXIT 359",Lupton,AZ,3.299,35.4086,-109.07
PETRO STOPPING CENTER #306,"I-10, EXIT 200",Eloy,AZ,3.474,32.750929,-111.583275
CIRCLE K #4700095,US-41,Henderson,KY,3.609,37.836111,-87.59
THE EFFINGHAM CHROME SHOP,"I-57 & I-70, EXIT 159",Effingham,IL,3.349,39.121727,-88.561105
LOVES TRAVEL STOP #766,"I-80, EXIT 27",Atkinson,IL,3.389,41.41619,-90.022482
SPEEDWAY #8039,"I-69, EXIT 234 & SR-67",Daleville,IN,3.624,40.125738,-85.511016
RAYS TRUCK WASH,"I-69, EXIT 309 & US-30",Fort Wayne,IN,3.5923,41.0716,-85.1367
CUBBYS #2101,"I-80, EXIT 211 & SR-47",Gothenburg,NE,3.1323,40.940035,-100.154707
PILOT TRAVEL CENTER #87,"I-10, EXIT 343",Jacksonville,FL,3.859,30.3163,-81.4175
PILOT TRAVEL CENTERS #79,"I-12, EXIT 10 AT MILE 10",Denham Springs,LA,3.2323,30.5821,-90.9341
FLYING J TRAVEL PLAZA #650,"I-94, EXIT 15 B",Lake Station,IN,3.809,41.568629,-87.262209
FLYING J TRAVEL PLAZA #653,RT 2 & I-65 EXIT 240,Hebron,IN,3.4357,41.315537,-87.208791
Hop-In Food Stores,US-59 & SR-224,Nacogdoches,TX,2.859,31.618534,-94.651093
SAPP BROS TRAVEL CENTER,"I-29 & I-80, EXIT 1B",Council Bluffs,IA,3.719,41.252954,-95.880992
COFFEE CUP FUEL STOP #5,"I-90, EXIT 154 & US-16",Moorcroft,WY,3.239,44.299932,-104.905904
DUDLEYS CORNER,"I-35, EXIT 165 & SR-3",Latimer,IA,3.2323,42.759783,-93.351798
KUM & GO #0302,"I-35, EXIT 193 & SR 106",Clear Lake,IA,3.1857,43.140607,-93.384978
Brew Stuart Truckstop,"I-80, EXIT 93",Stuart,IA,3.099,41.518643,-94.304563
PETRO STOPPING CENTER #311,"I-40 & I-55, EXIT 280",West Memphis,AR,3.3673,35.148442,-90.17792
SINCLAIR,"I-76, EXIT 115",Atwood,CO,3.299,40.517432,-103.039301
PETRO STOPPING CENTER #366,"I-70, EXIT 252",Salina,KS,3.8057,38.823802,-97.608787
PILOT TRAVEL CENTERS #31,"I-80/94, EXIT 2",Highland,IN,3.799,41.55005,-87.456911
MARATHON,SR-32,Sardinia,OH,3.5657,38.983232,-83.796649
CIRCLE K #2721593,"I-10, EXIT 50",Ocean Springs,MS,3.4157,30.440433,-88.780099
NORTH 9TH 24/7,"I-70, EXIT 252",Salina,KS,3.0257,38.823802,-97.608787
DERBY CITYS TRUCK PLAZA,"I-75, EXIT 62 & US-25",Mount Vernon,KY,2.999,37.336609,-84.354882
PILOT TRAVEL CENTERS #92,"I-75, EXIT 358",Ocala,FL,3.359,29.1981,-82.0974
LA 1 SOUTH TRUCKSTOP,"I-10, EXIT 153 & SR-1",Port Allen,LA,3.039,30.471983,-91.254088
SAVE,US-41 & SR-10,Lake Village,IN,3.179,41.138741,-87.445422
BIG D TRUCK TRAVEL PLAZA,"I-10, EXIT 92 & SR-95",Duson,LA,2.9823,30.191216,-92.152455
Mardi Gras Truck Stop,"I-10, EXIT 236",New Orleans,LA,3.729,29.963071,-90.160953
GOLDEN OX TRUCK STOP,"I-70/US-40, EXIT 159 & US-183",Hays,KS,3.499,38.878046,-99.320134
LOVES TRAVEL STOP #450,"I-40, EXIT 280 & I-55, EXIT 4",West Memphis,AR,3.3257,35.148442,-90.17792
BFS FOODS #66,"I-68/US-40, EXIT 22 & US-219",Grantsville,MD,3.899,39.684436,-79.151665
PILOT TRAVEL CENTER #917- TOWN PUMP,I-15 & 31ST STREET EXIT 277,Great Falls,MT,3.6357,47.509812,-111.273397
CASEYS #3956,I-94 EXIT 16,Bridgman,MI,3.559,41.936199,-86.554334
CORNER MARKET #117,SR-154 & SR-129,Dodge City,KS,3.399,37.756882,-100.024074
PILOT TRAVEL CENTERS #24,"I-75, EXIT 15",Monroe,MI,3.249,41.92751,-83.404848
CARLISLE PLAZA,US-41,Carlisle,IN,3.499,38.976297,-87.366738
CIRCLE K #4700065,"I-65, EXIT 76 & US-31",Taylorsville,IN,3.399,39.295833,-85.950833
LOVES TRAVEL STOP #173,"I-70, MM 209",Lawrence,KS,3.229,38.964402,-95.241789
PETES #56,US-169 & CR-5000,Cherryvale,KS,3.2323,37.266828,-95.559019
LOVES TRAVEL STOP #176,"I-35, MILE MARKER 97",Matfield Green,KS,3.2557,38.144768,-96.554105
FL Roberts,"I-91, EXIT 4",Springfield,MA,3.599,42.106,-72.5977
QUIKTRIP #231,"I-635, EXIT 3",Kansas City,KS,3.199,39.115733,-94.627139
SAPP BROS TRAVEL CENTER,"I-80, EXIT 126",Ogallala,NE,3.4657,41.127505,-101.710742
FLYING J TRAVEL PLAZA #748,"I-15, EXIT 357",Willard,UT,3.749,41.398944,-112.031653
TA JACKSONVILLE SOUTH TRAVEL CENTER,"I-95, EXIT 329",Saint Johns,FL,3.469,30.095578,-81.621701
7-ELEVEN #40514,I-90/80-IN TOLL RD MM 22E,Portage,IN,3.9907,41.567201,-87.175689
TA BINGHAMTON TRAVELCENTER,"I-81N, EXIT 2W & I-81S, EXIT 3",Binghamton,NY,3.689,42.146307,-75.886517
CIRCLE K #2726293,"I-295, EXIT 25",Jacksonville,FL,3.3157,30.3163,-81.4175
WILTON TRAVEL PLAZA,"I-87, EXIT 16",Gansevoort,NY,3.749,43.180343,-73.705267
GAS DEPOT,"I-94, EXIT 5",Hammond,IN,3.999,41.609929,-87.507911
7-Eleven #41830,US-69 & US-135,Jacksonville,TX,2.9157,31.96177,-95.270328
Circle K #2709664,"I-8, EXIT 12",Yuma,AZ,3.489,32.701507,-114.642362
Pilot Travel Centers #14,"I-71, EXIT 131",Sunbury,OH,3.719,40.265499,-82.851051
PILOT TRAVEL CENTERS #13,"I-71, EXIT 209",Seville,OH,3.699,41.022731,-81.856199
TRUCKOMAT OF HEBRON,"I-70, EXIT 126 & SR-37",Hebron,OH,3.429,39.953464,-82.491868
FUEL MART #641,"I-80 & I-280, EXIT 71",Perrysburg,OH,3.499,41.542926,-83.592727
PETRO STOPPING CENTER #316,"I-40 & I-35, EXIT 127",Oklahoma City,OK,3.3023,35.3337,-97.4922
E EXPRESS,"I-40, EXIT 166",Choctaw,OK,2.899,35.471758,-97.272564
Neighbors Express,"I-16, EXIT 51",Dublin,GA,3.299,32.547794,-82.90368
WESTERN COOP,US-385 & SR-2,Alliance,NE,3.324,42.114943,-102.888045
MR FUEL #753,"I-95, EXIT 104 & SR-207",Ruther Glen,VA,3.2657,37.945059,-77.47135
THE COUNTRY OASIS,US-24,Woodburn,IN,3.399,41.136102,-84.892871
HAPPY HILLS GAS & COFFEE,I-29 EXIT 110,Rock Port,MO,3.399,40.430581,-95.527403
TRUCK STOP 44,I-20 EXIT 44,Gilbert,SC,3.079,33.95805,-81.39136
SPINX #271,"I-26, EXIT 145 & US-601",Orangeburg,SC,3.2623,33.502545,-80.859282
LOAF N JUG #750010,US-160 & SR-17,Alamosa,CO,3.259,37.470274,-105.878602
KEWANEE 1 STOP,"I-20, EXIT 169 & US-80",Toomsuba,MS,3.299,32.429583,-88.489225
GASTRAK OF PEMBINA,"I-29, EXIT 215",Pembina,ND,3.299,48.936124,-97.275611
ALLSUPS #2387,US-54/SR-136/SR-3 & US-64,Guymon,OK,2.9757,36.696052,-101.47778
LA NORIA CONV STORES,"I-35 N, EXIT 4",Laredo,TX,3.299,27.515538,-99.498579
EDDIES CORNER,US-87 & US-191,Moore,MT,3.749,46.989811,-109.653838
One9 #403,"I-75, EXIT 117",Heiskell,TN,2.999,36.115027,-84.043826
PILOT TRAVEL CENTERS #270,"I-40 & I-75, EXIT 374",Knoxville,TN,3.439,35.9609,-83.9189
LOVES TRAVEL STOPS #256,"I-10, EXIT 140B",Van Horn,TX,3.649,31.042879,-104.832249
GO MART FOOD STORE #57,"I-70 & ST-285, EXIT 186",Lore City,OH,3.179,40.045854,-81.447853
CIRCLE K #2723322,"I-985, EXIT 20 & SR-60",Gainesville,GA,3.2657,34.307269,-83.825596
FASTBREAK,US-45 ALT,West Point,MS,3.059,33.626496,-88.68226
PLAZA 30,US-30,Wanatah,IN,3.499,41.384477,-86.876439
SAPP BROS TRAVEL CENTER,"I-80, EXIT 73",Peru,IL,3.289,41.333021,-89.126478
SHELL MORGAN ROAD TRUCK STOP,"I-40, EXIT 142",Maumelle,AR,3.2073,34.849085,-92.405892
TA GARY TRAVEL CENTER,"I-80/I-94, EXIT 6",Gary,IN,3.8307,41.593333,-87.346389
TA ELOY TRAVEL CENTER,"I-10 & I-8, EXIT 203",Eloy,AZ,3.459,32.750929,-111.583275
PILOT TRAVEL CENTERS #881,"I-69, EXIT 309A",Fort Wayne,IN,3.879,41.0716,-85.1367
PETRO STOPPING CENTER #343,"I-10, EXIT 76",Egan,LA,3.624,30.250966,-92.500226
LOVES TRAVEL STOP #449,"I-84, EXIT 17",Troutdale,OR,3.779,45.525398,-122.373866
FLYING J TRAVEL PLAZA #764,"I-80, EXIT 104 & US-191",Rock Springs,WY,3.6707,41.605957,-109.230047
AMERISTAR TRAVEL PLAZA #120,"I-82, EXIT 80",Prosser,WA,4.399,46.223183,-119.771014
TA TUSCALOOSA TRAVEL CENTER,"I-20/I-59, EXIT 77",Cottondale,AL,2.964,33.176667,-87.387051
TA Concordia Travel Plaza,"I-70, EXIT 58 & SR-23",Concordia,MO,3.2257,38.977553,-93.581205
Sapp Bros Travel Center,"I-80, EXIT 59 & SR-17J",Sidney,NE,3.5007,41.142778,-102.9775
JIFFY MART EXIT 18 TRUCK STOP,"I-89/SR-120, EXIT 18 & SR-120",Lebanon,NH,3.599,43.642222,-72.252222
TA MAYBROOK TRAVEL CENTER,"I-84, EXIT 5",Montgomery,NY,4.359,41.53332,-74.253417
KWIK FILL #227,"I-90,  EXIT 218",Geneva,OH,3.1523,41.802864,-80.947363
UNION 76,"I-5, EXIT 233 E",Albany,OR,3.379,44.627722,-123.094409
ONE9 #1366,"I-40, EXIT 126 & US-641",Holladay,TN,2.9857,35.895143,-88.091183
TA KNOXVILLE EAST TRAVEL CENTER,"I-40 & I-75, EXIT 374",Knoxville,TN,3.4257,35.9609,-83.9189
PETRO STOPPING CENTER #350,"I-10,  EXIT 4",Canutillo,TX,3.499,31.934379,-106.592888
CROWN POINT TRUCK STOP,"I-295/US-130,EXIT 22",Thorofare,NJ,3.549,39.859178,-75.176698
TA EXPRESS SUMMIT,"I-29, EXIT 207 & US-12",Summit,SD,3.2057,45.352128,-97.042654
7-ELEVEN #35101,"I-86/SR-17, EXIT 16",Randolph,NY,4.499,42.163143,-78.960034
FLYING EAGLE,"I-235, EXIT 4",Wichita,KS,3.499,37.6898,-97.3415
BP,US-63,Ottumwa,IA,3.399,41.015099,-92.413428
Arco #364420,US-23,Greenup,KY,3.649,38.547969,-82.868396
QUIKTRIP #4231,US-85,Evans,CO,3.1723,40.380255,-104.697095
AYERCO #26,US-61/US-136,Alexandria,MO,3.0157,40.344514,-91.515437
Kwik Trip #1508,"US-18/SR-151, EXIT 58",Barneveld,WI,3.489,43.015797,-89.904229
SPEEDWAY #7459,US-41 & SR-137,North Chicago,IL,3.289,42.318901,-87.847819
Ocean Fuel,US-301/SR-73,Sylvania,GA,3.499,32.77627,-81.633394
PILOT TRAVEL CENTER #429,"I-40, EXIT 280",West Memphis,AR,3.291,35.148442,-90.17792
CIRCLE K #2704888,"I-65, EXIT 246 & SR-119",Pelham,AL,3.4657,33.31046,-86.806176
PETRO STOPPING CENTER #319,"I-20/59,  EXIT 100",Mc Calla,AL,3.1257,33.284546,-87.102379
CASEYS #4254,"I-40, EXIT 129",Conway,AR,3.0323,35.084199,-92.423574
CIRCLE K #2702885,"I-17/SR-60, EXIT 199A",Phoenix,AZ,3.3923,33.451,-112.0685
PILOT TRAVEL CENTER #328,"I-10, EXIT 17",Quartzsite,AZ,3.959,33.5675,-114.2731
STINKER #85,"I-15, EXIT 93",Blackfoot,ID,3.5323,43.194327,-112.361545
CIRCLE K #2701948,"I-8, EXIT 7 & SR-195",Yuma,AZ,3.5657,32.701507,-114.642362
FOUR STATES TRUCK STOP,"I-495, EXIT 4 & SR-9",New Castle,DE,3.399,39.67703,-75.589938
Union 76,US-441 & SR-100A,Lake City,FL,3.5623,30.0949,-82.7117
SHELL DBA ONE9 #1401,I-75 EXIT 414  & US-41,Lake City,FL,3.244,30.0949,-82.7117
TA MARIANNA TRAVEL CENTER,"I-10/SR-8, EXIT 142 & SR-71",Marianna,FL,3.6073,30.758587,-85.229367
PILOT TRAVEL CENTERS #68,"I-16 /SR-404, EXIT 51 & US-441",Dublin,GA,3.399,32.547794,-82.90368
CIRCLE K #2705367,"I-20, EXIT 172",Thomson,GA,3.399,33.477363,-82.494204
BC AMPRIDE TRUCK PLAZA,US-59/SR-141,Denison,IA,3.399,42.019626,-95.363572
KWIK STAR #704,SR-57/SR-14,Parkersburg,IA,3.5823,42.571377,-92.768763
TRAVELERS OASIS,"I-84, EXIT 182",Eden,ID,3.799,42.580374,-114.162762
TA CHICAGO NORTH TRAVEL CENTER,"I-94/US-41, EXIT 1",Wadsworth,IL,3.769,42.446032,-87.904048
SPEEDWAY #7423,"I-57, EXIT 83",Ina,IL,3.249,38.152743,-88.889362
PILOT TRAVEL CENTER #171,"I-74, EXIT 206",Oakwood,IL,3.399,40.116656,-87.7825
CIRCLE K #4701398,"I-55, EXIT 82 & SR-104",Divernon,IL,3.499,39.567684,-89.654654
PILOT TRAVEL CENTER #30,"I-70, EXIT 96",Greenfield,IN,3.959,39.790204,-85.814102
SPEEDWAY #8061,"I-70, EXIT 115 & SR-109",Knightstown,IN,3.759,39.806029,-85.526148
CIRCLE K #2704691,SR-71 & CR-214,Cedar Creek,TX,3.199,30.096636,-97.497602
CIRCLE K #4700028,"I-74/US-421, EXIT 116 & SR-44",Shelbyville,IN,3.599,39.50434,-85.787515
One9 #297,"I-70, EXIT 11 & SR-46",Terre Haute,IN,3.4357,39.4667,-87.4068
PILOT TRAVEL CENTER #36,US-30  & SR-49,Valparaiso,IN,3.859,41.475661,-87.075866
SHORT STOP #13,US-54,Emporia,KS,2.839,38.418405,-96.187145
PILOT TRAVEL CENTERS #353,"I-75, EXIT 129",Georgetown,KY,3.2057,38.211712,-84.556179
PILOT TRAVEL CENTERS #399,"I-65, EXIT 105",Lebanon Junction,KY,3.609,37.851054,-85.724641
SOUTHERN BELLE TRUCK STOP,US-61 & SR-964,Saint Francisville,LA,3.384,30.858658,-91.392266
ALLTOWN MARKETS #306,"I-190, EXIT 7",Leominster,MA,3.6823,42.52744,-71.756308
ONE9 #290,"I-95, EXIT 93 & SR-222",Perryville,MD,3.599,39.564894,-76.059227
PETRO STOPPING CENTER #321,"I-70 & I-57, EXIT 159",Effingham,IL,3.349,39.121727,-88.561105
D AVENUE FUEL PLAZA,US-131,Kalamazoo,MI,3.099,42.273565,-85.545653
ROADHAWK TRAVEL CENTER,"I-94, EXIT 56 & SR-51",Paw Paw,MI,3.559,42.234931,-85.900488
KWIK TRIP #250,"I-90, EXIT 179",Austin,MN,3.374,43.669538,-92.978374
CASEYS #3658,SR-210,Pillager,MN,3.299,46.398395,-94.392287
AYERCO #35,US-61 & US-61 BUS,Bowling Green,MO,3.0157,39.334639,-91.196232
Lamar Travel Plaza,US-71 & US-160,Lamar,MO,3.199,37.500221,-94.270253
AYERCO #44,US-36 & US-24,Palmyra,MO,3.0157,39.791309,-91.536817
TEMP STOP #103,US-65,Sedalia,MO,3.199,38.696076,-93.232268
SNAPPY MART #11,US-63 & SR-14,West Plains,MO,3.299,36.728418,-91.871681
MAPCO #3009,US-72,Corinth,MS,3.154,34.93236,-88.543884
DOUBLE QUICK #89,US-82/US-278,Greenville,MS,3.2557,33.378737,-91.046793
JOE JOES TRAVEL CENTER,US-78 & RED BANKS RD S,Red Banks,MS,2.9723,34.875039,-89.519839
LOVES TRAVEL STOP #667,"I-85, EXIT 152",Mebane,NC,3.9473,36.097862,-79.271895
CIRCLE K #2720218,US-421 BUS & US-15/US-501/US-1,Sanford,NC,3.0823,35.464148,-79.176446
SCOTCHMAN #3303,US-421 & US-74,Wilmington,NC,3.629,34.225304,-77.937856
SPEEDWAY #7949,US-301/US-264 ALT & CR-1674,Wilson,NC,3.199,35.727022,-77.922733
PUMP & PANTRY #15,US-30,Grand Island,NE,3.3073,40.921858,-98.341062
BORDENTOWN VALERO,"NJ TNPK, EXIT 7 & US-206",Bordentown,NJ,3.499,40.143141,-74.703249
Delta,"I-80, EXIT 47B",Fairfield,NJ,3.2023,40.882178,-74.296027
BOLLA TRUCK STOP #193,US-202 & SR-17,Mahwah,NJ,3.5323,41.074473,-74.155974
GLOBAL,SR-73,Palmyra,NJ,3.359,40.003654,-75.025685
LOVES TRAVEL STOP #257,"I-40 & HORIZON, EXIT 79",Milan,NM,3.5907,35.169722,-107.890278
7- ELEVEN #40507,"I-80/I-90, MM 56 WB",Rolling Prairie,IN,3.9823,41.72286,-86.584092
PILOT TRAVEL CENTER #469,"I-77, EXIT 101 & SR-627",Canton,OH,3.6223,40.827,-81.3853
FUEL MART #782,"I-75, EXIT 118",Lima,OH,3.0857,40.764066,-84.097296
TA LODI TRAVEL CENTER,"I-71, EXIT 209 & I-76/US-224, EXIT 1",Seville,OH,3.739,41.022731,-81.856199
SUNOCO,"I-80/I-90, EXIT 13 & US-20ALT/SR-15",Montpelier,OH,3.4157,41.59821,-84.614703
ONCUE EXPRESS #2045,"I-35, EXIT 203 & SR-15",Billings,OK,3.2157,36.524609,-97.418889
DOMINO FOOD AND FUEL #1,"I-40, EXIT 66",Clinton,OK,3.099,35.511543,-98.979533
ONE9 #339,"I-74, EXIT 4 & SR-63",Covington,IN,3.2623,40.132618,-87.381876
SAC SHOP #507,"I-70, EXIT 12/161",Breezewood,PA,4.099,39.990521,-78.245271
GETTYSBURG TRAVEL PLAZA,US-15 & SR-394,Gettysburg,PA,3.899,39.832044,-77.222313
CIRCLE K #4702408,"I-65, EXIT 168 & SR-38/SR-25",Lafayette,IN,3.4323,40.417743,-86.888358
KWIK FILL #259,"I-81, EXIT 57",Mechanicsburg,PA,4.049,40.214167,-77.008889
PILOT TRAVEL CENTERS #346,"I-20, EXIT 92 & US-601",Lugoff,SC,3.4323,34.22961,-80.714712
PILOT TRAVEL CENTERS #402,"I-80, EXIT 367",Cheyenne,WY,3.709,41.143719,-104.796234
HOT SPOT #3005,US-221,Chesnee,SC,3.199,35.115398,-81.867827
EXPRESS STOP,US-278/SR-101/SR-6 & SR-113,Rockmart,GA,3.319,33.997912,-85.05937
PETRO FLORENCE,"I-95, EXIT 169",Florence,SC,3.3257,34.18375,-79.772786
CIRCLE K #2705370,"I-26, EXIT 15 & US-176",Inman,SC,3.099,35.052795,-82.054013
CIRCLE K #2723254,"I-20, EXIT 55 & SR-6",Lexington,SC,3.199,33.981389,-81.236389
CIRCLE K #2705348,US-1,Beech Island,SC,3.159,33.427222,-81.891111
TA SPARTANBURG TRAVEL CENTER,"I-85, EXIT 63 & SR-290",Duncan,SC,3.4323,34.917645,-82.125821
ROADRUNNER MARKET #6019,"I-81, EXIT 36 NORTH",Greeneville,TN,3.499,36.160807,-82.833136
MAPCO #3538,"I-24, EXIT 174",Chattanooga,TN,2.899,35.0455,-85.3081
CIRCLE K #4703941,"I-55, EXIT 5A",Memphis,TN,3.189,35.0337,-89.9343
LOVES TRAVEL STOP #261,I-27 EXIT 116,Amarillo,TX,3.2323,35.203238,-101.842052
CircleK #4702365,"I-74, EXIT 112 & SR-9",Shelbyville,IN,3.509,39.50434,-85.787515
YESWAY #1157,US-62,Brownfield,TX,2.9923,33.169801,-102.276157
SHELL,"I-35, EXIT 86 & SR-85",Dilley,TX,3.099,28.678201,-99.174684
TOOT N TOTUM #107,US-287,Dumas,TX,3.0323,35.882315,-101.967984
STRIPES #40911,US-59 & SR-16,Freer,TX,3.099,27.879984,-98.606129
SEIBERT TRAVEL PLAZA,"I-70, EXIT 405 & SR-59",Seibert,CO,3.499,39.318329,-102.882184
CATTREZ,US-20 & SR-5,Irving,NY,2.899,42.573866,-79.059634
I MART #108,"I-40, EXIT 108",Wildersville,TN,3.099,35.769772,-88.438794
KUM & GO #4110,"I-235, EXIT 11",Des Moines,IA,3.0273,41.6005,-93.6088
FLYING J TRAVEL PLAZA #924- TOWN PUMP,"I-15, EXIT 122 & I-90 MM220",Butte,MT,3.5657,45.991579,-112.517807
LOVES TRAVEL STOP #250,I-40 EXIT 60,Amarillo,TX,3.314,35.203238,-101.842052
Stripes 7Fleet #42498,US-385 & CR-1910,Andrews,TX,3.369,32.320125,-102.540926
ROAD RANGER #240,"I-80 & I-94, EXIT 15-A",Lake Station,IN,3.559,41.568629,-87.262209
FLYING J #305,"I-40, EXIT 39",Jamestown,NM,3.4423,35.421667,-108.308333
7-ELEVEN #36156,"I-70 & SR-519, EXIT 25/333",Eighty Four,PA,4.999,40.186821,-80.062695
ONVO TRAVEL PLAZA,"I-81, EXIT 10",Mc Graw,NY,3.439,42.594758,-76.081958
CIRCLE K #2723387,US-98,Beaumont,MS,3.5657,31.136763,-88.905492
DONNAS TRAVEL PLAZA,"I-5, EXIT 202",Marysville,WA,4.559,48.065639,-122.156168
TA BALTIMORE TRAVEL CENTER,"I-95, EXIT 57",Baltimore,MD,4.759,39.17185,-76.648287
GO MART FOOD STORE #33,US-33,Ripley,WV,3.499,38.809042,-81.701987
CIRCLE K #2709337,"I-65, EXIT 262B",Birmingham,AL,3.489,33.519,-86.8014
RACEWAY #6973,US-380 & SR-114/SR-101,Bridgeport,TX,2.7823,33.187027,-97.78098
SAPP BROS TRAVEL CENTER,"I-70 & I-270, EXIT 278",Commerce City,CO,3.389,39.825875,-104.911349
PILOT TRAVEL CENTERS #60,"I-26, EXIT 159",Bowman,SC,3.4323,33.347466,-80.670868
PILOT TRAVEL CENTERS #266,"I-10, EXIT 139 & SR-292",Las Cruces,NM,3.1907,32.321641,-106.746034
7-ELEVEN #36302,"I-35, EXIT 144",Von Ormy,TX,3.109,29.274979,-98.667741
PILOT TRAVEL CENTERS #40,"I-94, EXIT 322",Oak Creek,WI,3.889,42.88916,-87.902661
ALLSUPS CONVENIENCE STORE #2414,"I-20, EXIT 235",Roscoe,TX,2.929,32.427558,-100.539088
SPEEDWAY #8310,US-6  & US-31,Plymouth,IN,3.609,41.333897,-86.324087
SPEEDWAY #8305,US-41 & SR-312,Hammond,IN,3.7657,41.609929,-87.507911
ROAD RANGER #187,"I-55, EXIT 289",Chicago,IL,3.569,41.885847,-87.618123
CEFCO #3,US-77/US190/SR-36,Cameron,TX,2.989,30.852713,-96.976562
CHEVRON,"I-20, EXIT 101 & SR-151",Calhoun,LA,3.159,32.524791,-92.329929
BETTY BEAVERS TRUCKSTOP,"I-90, EXIT 28",Fultonville,NY,3.149,42.903601,-74.359765
Petro Stopping Center #54,"I-44, EXIT 4 & SR-3",Joplin,MO,3.449,37.096858,-94.505144
LOVES TRAVEL STOP #412,"I-95, EXIT 77",Dunn,NC,3.699,35.316511,-78.615079
HANA TRAVEL PLAZA,"I-40,  EXIT 77",Amarillo,TX,2.899,35.203238,-101.842052
ALLENS FOOD MART280,US-280/US-231/SR-53/SR-38 & CR-8/CR-34,Sylacauga,AL,3.799,33.171675,-86.271257
TOPPS FUEL STOPS,US-259/SR-49,Daingerfield,TX,3.109,33.031263,-94.735899
TOOT N TOTUM #120,US-54 & S WESTERN AVE,Liberal,KS,3.0157,37.043789,-100.92857
HIGHWAY 96 FUEL STOP,US-96 & SR-62/FM-1004,Buna,TX,3.149,30.413209,-93.991263
PWI #169,"I-35/US-77, EXIT 359 & CR-1304",Abbott,TX,2.899,31.891642,-97.067146
M-46 AUTO TRUCK PLAZA,"US-131, EXIT 120 & SR-46",Howard City,MI,3.099,43.408326,-85.485609
PILOT TRAVEL CENTERS #257,"I-20, EXIT 126 & FM-1788",Midland,TX,3.5657,31.989636,-102.06261
LOVES TRAVEL STOP #229,I-40 EXIT 96 & SR-207,Panhandle,TX,3.314,35.380841,-101.43037
KENT KWIK #804,US-83,Perryton,TX,2.999,36.374825,-100.815558
PILOT TRAVEL CENTER #96,"SR- 60 & FL TURNPIKE, EXIT 193",Okeechobee,FL,3.699,27.311532,-80.847853
CORNER FUEL CENTER,US-49,Hattiesburg,MS,3.299,31.314553,-89.306471
PUMP N PANTRY #15,"I-20, EXIT 617 & US-59",Marshall,TX,2.899,32.53378,-94.36191
Stripes #42457,US-67/US-277,San Angelo,TX,3.244,31.478165,-100.481752
EXIT 76 AUTO TRUCK PLAZA,US-131,Byron Center,MI,3.499,42.801614,-85.713602
FLYING J TRAVEL PLAZA #737,"I-10, EXIT 583",San Antonio,TX,3.224,29.468525,-98.526352
GO MART FOOD STORE #44,"I-79, EXIT 67 & US-19/SR-4",Sutton,WV,3.559,38.673855,-80.681072
MR FUEL #278,"I-75/71, EXIT 175 & SR-338",Walton,KY,3.019,38.887491,-84.63277
PETRO STOPPING CENTER #315,"I-40, EXIT 66",Kingman,AZ,3.899,35.258379,-114.05689
PRI MART FUEL CENTER,"I-94, EXIT 29",Benton Harbor,MI,3.499,42.108594,-86.423417
JDS TRUCKSTOP,"US-12 & US-31, EXIT 3",Niles,MI,3.749,41.820168,-86.236789
CIRCLE K #2744529,US-175,Seagoville,TX,2.9507,32.652522,-96.557967
HOLIDAY STATIONSTORE #3552,"I-35, EXIT 81 & SR-70",Lakeville,MN,3.549,44.674865,-93.257802
STRIPES 7FLEET #42449,US-87,Sterling City,TX,3.2807,31.835063,-101.001729
TOOT N TOTUM #105,US-54 & US-287,Stratford,TX,2.9657,36.33349,-101.988568
MIKE MCDONALD TRUCK STOP,"I-20, EXIT 509",Terrell,TX,2.8707,32.714292,-96.251342
CIRCLE K #2741544,"I-37 & SR-72, EXIT 69",Three Rivers,TX,3.0657,28.475646,-98.178162
YESWAY #1077,"I-20/US-84, EXIT 278",Tye,TX,2.8757,32.447728,-99.868434
LUCKY TRUCK STOP,US-82,Whitesboro,TX,2.8857,33.659021,-96.878984
RALLYSTOP #1,"I-15, EXIT 62",Cedar City,UT,3.459,37.689544,-113.074513
LOVES TRAVEL STOP #792,"I-70, EXIT 160",Green River,UT,3.709,39.000243,-110.159817
BELL TRUCK STOP,"I-80, EXIT 146",Park City,UT,3.4523,40.695724,-111.528021
SCENIC QUIK STOP,"I-70, EXIT 54 & US-89",Salina,UT,3.459,38.956028,-111.881072
CASEYS #3058,"I-35, EXIT 19 & US-160 E",Wellington,KS,3.299,37.27783,-97.390976
RBS ONE STOP,"I-15, EXIT 320",Woods Cross,UT,3.459,40.887447,-111.902712
CIRCLE K #2723710,"I-77, EXIT 24",Austinville,VA,3.2407,36.819461,-80.858322
QUICK STOP MARKET #36,"I-81, EXIT 10 & US-11",Bristol,VA,3.399,36.618093,-82.182297
7-ELEVEN #40063,"I-81, EXIT 98 & SR-100",Dublin,VA,3.199,37.098879,-80.669696
LOVES TRAVEL STOPS #399,"I-77, EXIT 1 & SR-620",Lambsburg,VA,3.589,36.577483,-80.760133
7-ELEVEN #34515,"I-81, EXIT 205",King George,VA,3.399,38.281142,-77.126023
CIRCLE K #2723713,"I-81, EXIT 205",Staunton,VA,3.3857,38.145104,-79.07519
FAS MART #3555,"I-64, EXIT 136 & US-15",Gordonsville,VA,3.699,38.107261,-78.195195
Joe's Kwik Mart #8409,US-58 & CR-645,Suffolk,VA,3.0323,36.866823,-76.559811
PILOT TRAVEL CENTER #4642,"I-81, EXIT 291",Toms Brook,VA,3.659,38.97016,-78.403757
SPEEDWAY #4618,"I-81 & I-77, EXIT 77",Wytheville,VA,3.4123,36.940669,-81.094082
MAPLEWOOD IRVING,"I-89, EXIT 7",Montpelier,VT,3.699,44.2574,-72.5698
SUPER QUIK,"I-64, EXIT 172 & SR-1/SR-7",Grayson,KY,3.799,38.328037,-82.965087
One9 #963,"I-90, EXIT 276",Spokane,WA,3.959,47.666485,-117.436527
GEE CEES TRUCK STOP,"I-5, EXIT 57",Toledo,WA,3.839,46.439552,-122.826559
KWIK TRIP #427,"US-53, EXIT 110 & SR-40",Bloomer,WI,3.4157,45.102477,-91.489974
Camp Douglas BP,"I-90 & I-94, EXIT 55",Camp Douglas,WI,3.154,43.936705,-90.268861
RIVER CITY TRAVEL PLAZA,US-41,Marinette,WI,3.399,45.087403,-87.669684
KWIK TRIP #222,US-53/US-2,Superior,WI,3.339,46.701552,-92.091174
KWIK TRIP #139,"I-43, EXIT 120 & CR-V/CR-OK",Sheboygan,WI,3.2907,43.740981,-87.724667
BFS FOODS #72,"I-68, EXIT 23 & SR-26",Bruceton Mills,WV,3.499,39.645394,-79.615941
GO MART FOOD STORE #59,"I-64, EXIT 15 & US-60",Huntington,WV,3.499,38.409726,-82.442348
GO MART FOOD STORE #86,"I-79, EXIT 40 & SR-16",Ivydale,WV,3.599,38.530476,-81.033506
HOMAX SERVICE,"I-25, EXIT 188",Mills,WY,3.169,42.840556,-106.365278
GHOST TOWN FUEL STOP,US-26/US-20,Casper,WY,3.429,42.845763,-106.316571
TA CHEYENNE TRAVEL CENTER,"I-80, EXIT 377 & SR-217/CR-140",Cheyenne,WY,3.699,41.143719,-104.796234
Fast Stop Travel Centers #1133,"I-25, EXIT 126 & US-18/20",Douglas,WY,3.499,42.762558,-105.385484
PINE BLUFFS SINCLAIR,"I-80, EXIT 401 & US-30",Pine Bluffs,WY,3.699,41.178799,-104.066591
One9 #1251,"I-80, EXIT 173",Wamsutter,WY,3.499,41.658278,-108.151674
STRIPES #40522,"I-10, EXIT 550",San Antonio,TX,3.059,29.468525,-98.526352
ALLSUPS CONVENIENCE STORE #2159,US-283 BUS/US-277 BUS & SR-422,Seymour,TX,3.299,33.591445,-99.258727
ALLSUPS CONVENIENCE STORE #2366,US-84 & CR-3300,Slaton,TX,2.969,33.436795,-101.65192
Main Street Market #112,"I-20, EXIT 73",Wickett,TX,2.879,31.57,-103.000556
LWS TRUCK STOP,SR-30,Logan,UT,3.4257,41.747025,-111.822613
FLYING J TRAVEL PLAZA #773,"I-70, EXIT 40",Richfield,UT,3.699,38.757075,-112.062253
FLYING J TRAVEL PLAZA #774,"I-84, EXIT 7",Snowville,UT,3.749,41.840321,-112.353391
KWIK TRIP #838,SR-23/SR-33,Reedsburg,WI,3.194,43.5325,-90.0025
BIG D #44,"I-80, EXIT 311 & SR-130",Laramie,WY,3.249,41.312907,-105.581146
Mountain View Truck Stop,US-15,Thurmont,MD,4.099,39.606576,-77.405114
SPEEDWAY #4709,"I-90, EXIT 102",Fairmont,MN,3.299,43.637592,-94.45095
PILOT TRAVEL CENTERS #134,"I-94, EXIT 171 (CR 75)",Saint Cloud,MN,3.2873,45.552113,-94.128447
PILOT TRAVEL CENTER #4649,"I-64 & I-81, EXIT 205",Raphine,VA,3.659,37.937353,-79.221903
GO MART FOOD STORE #51,US-19/SR-129,Mount Nebo,WV,3.599,38.197064,-80.820204
A AND A TRUCKSTOP,US-35 & CR-41,Jackson,OH,3.799,39.042821,-82.647209
Certified Oil #400410,I-76 EXIT 43,Ravenna,OH,3.3157,41.164886,-81.233656
NATURAL BRIDGE SHELL,US-278 & SR-5,Lynn,AL,3.6823,34.052984,-87.539814
Roadrunner #471,"I-40/US-65, EXIT 142 & SR-365",North Little Rock,AR,3.0323,34.766974,-92.265376
PILOT TRAVEL CENTER #66,"I-85, EXIT 129",Braselton,GA,3.2723,34.138941,-83.781162
PO JOS GAS N GO,"I-16 SR-404, EXIT 116 & US-301/SR-73",Register,GA,3.2323,32.338235,-81.872828
SPEEDWAY #7448,SR-59,Naperville,IL,3.299,41.766198,-88.141038
QUIKTRIP #605,"I-270, EXIT 33",Saint Louis,MO,2.899,38.642574,-90.324189
S&G #36,"I-280, EXIT 2 & SR-795",Millbury,OH,3.4923,41.56106,-83.438083
Circle K #4703917,"I-65, EXIT 112 & SR-25",Cross Plains,TN,2.949,36.553068,-86.676088
CIRCLE K #2707321,SR-60,Bartow,FL,3.5223,27.895664,-81.812684
SAC SHOP #511,"I-76/I-70, EXIT 146 & I-99/US-220 EXIT 1",Bedford,PA,4.099,39.990838,-78.526071
SCOTCHMAN #3894,"I-77, EXIT 73 & SR-901",Rock Hill,SC,3.079,34.915068,-81.012904
MAPCO #3686,"I-24, EXIT 175",Chattanooga,TN,2.889,35.0455,-85.3081
SHELL,"I-24 & EPPS MILL RD, EXIT 89",Christiana,TN,3.1323,35.740877,-86.407932
PINNERS POINT,SR-135,Portsmouth,VA,3.499,36.808902,-76.36714
FLYING J TRAVEL PLAZA #754,"I-77 & I-81, EXIT 77",Wytheville,VA,3.549,36.940669,-81.094082
RSTORE #4478,SR-8 & SR-13,Prentice,WI,3.039,45.548201,-90.294217
PWI #106,"I-30, EXIT 77B",Royse City,TX,2.899,32.962778,-96.36484
PILOT TRAVEL CENTERS #9,"I-75, EXIT 36",Franklin,OH,3.3523,39.547839,-84.305881
TA JANESVILLE TRAVEL CENTER,"I-90/I-39, EXIT 171B & US-14",Janesville,WI,3.299,42.691542,-89.033124
WEST END SINCLAIR,"I-80, EXIT 211",Rawlins,WY,3.319,41.795131,-107.234883
PILOT TRAVEL CENTERS #253,"I-295 & NJ TRNPK,  EXIT 2B",Penns Grove,NJ,3.989,39.717938,-75.465623
FLYING J #584,"I-5, EXIT 278",Aurora,OR,3.859,45.228432,-122.803881
PIT STOP TRAVEL CENTER,US-789,Riverton,WY,4.399,43.045786,-108.411335
LITTLE NASHVILLE,"I-64, EXIT 50 & SR-127",Nashville,IL,3.299,38.335208,-89.384058
FREDERICKS TRAVEL CENTER,"I-25/US-87, EXIT 235 & SR-52",Erie,CO,3.499,40.059746,-105.068583
PAR MAR FOOD STORE #89,"I-77/SR-2, EXIT 170 & SR-14 E",Mineral Wells,WV,3.499,39.21,-81.5305
PONY EXPRESS SERVICE CENTER,US-36 & SR-148,Hanover,KS,2.9557,39.89266,-96.868947
LOVES TRAVEL STOP #046,US-64/54 & SR-94,Hooker,OK,3.5623,36.847981,-101.190683
LOVES TRAVEL STOP #023,US-50 & US-287,Lamar,CO,3.4623,38.084136,-102.619195
PILOT TRAVEL CENTERS #29,"I- 80, EXIT 144; I-69, EXIT 357",Fremont,IN,3.899,41.733125,-84.945247
Stinker #121,I-84 & EXIT 208,Heyburn,ID,3.5607,42.559922,-113.770885
JIFFY MART #451,"I-91, EXIT 17 & SR-302",Wells River,VT,3.569,44.152438,-72.052958
Fast Stop Travel Centers #1145,"I-15,  EXIT 31",Downey,ID,3.799,42.418127,-112.109019
SUDDEN SERVICE #25,"I-24, EXIT 11",Clarksville,TN,3.3073,36.522014,-87.348997
KWIK FILL #22,"I-90, EXIT 40 & SR-34/SR-31",Weedsport,NY,3.899,43.048882,-76.542502
Chevron #382354,"I-5/US-12, EXIT 72",Chehalis,WA,4.299,46.638193,-122.965764
TA TONOPAH TRAVEL CENTER,"I-10, EXIT 103",Tonopah,AZ,3.939,33.422797,-112.952785
SPEEDWAY #2958,"I-8, EXIT 12",Yuma,AZ,3.479,32.701507,-114.642362
TA TALLULAH TRAVEL CENTER,"I-20, EXIT 171 & US-65",Tallulah,LA,3.209,32.402127,-91.190066
KUM & GO #0493,I-49 BUS/SR-59,Neosho,MO,3.059,36.870634,-94.386218
CIRCLE K #2744138,"I-25, EXIT 101 & US-50/SR-47",Pueblo,CO,3.399,38.287876,-104.584828
PILOT TRAVEL CENTERS #293,"I-75, EXIT 341 & CR-484",Ocala,FL,3.359,29.1981,-82.0974
SP Truckstop & Travel Center,US-84/SR-38,Bainbridge,GA,3.599,30.9355,-84.5809
MOULTON COWBOYS,SR-157,Moulton,AL,3.099,34.505836,-87.222385
PETRO STOPPING CENTER #338,"I-80, EXIT 21",Sparks,NV,3.949,39.547254,-119.755588
EAGLE TRUCK STOP,I-77 EXIT 81,New Philadelphia,OH,3.3157,40.484539,-81.435827
NORTH LEWISTON DYNAMART,US-12 & SR 128,Lewiston,ID,3.669,46.389457,-116.987714
GAS N GO #15,"I-80, EXIT 41",Lyman,WY,3.4657,41.329136,-110.292629
FLYING J TRAVEL PLAZA #685,"I-29 & I- 94, EXIT 349",Fargo,ND,3.569,46.900878,-96.793577
ONE9#226,"I-40, EXIT 417 & SR-92",Dandridge,TN,3.259,36.001798,-83.404435
TP TRUCK STOP,"I-15, EXIT 80",Fort Hall,ID,3.519,42.988717,-112.459854
GOLDYS TRUCK PLAZA,US-29,Rustburg,VA,3.519,37.25454,-79.121507
LOVES TRAVEL STOP #210,"I-40, EXIT 158",Albuquerque,NM,3.5207,35.0936,-106.6423
LOVES TRAVEL STOPS #435,"I-95, EXIT 104 & SR-207",Ruther Glen,VA,3.589,37.945059,-77.47135
HWY 190 FUEL STOP,US-190,Jasper,TX,3.1323,30.925348,-94.021481
EXIT 77 TRAVEL PLAZA,"I-81, EXIT 77 & SR-39",Harrisburg,PA,3.499,40.261767,-76.883079
TA EXPRESS STEELE,"I-94, EXIT 200 & SR- 3",Steele,ND,3.599,46.852357,-99.933559
CIRCLE K #2726163,"I-295, EXIT 22",Jacksonville,FL,3.299,30.3163,-81.4175
FLYING J TRAVEL PLAZA #664,"I-75, EXIT 171",Walton,KY,3.0857,38.887491,-84.63277
PILOT TRAVEL CENTERS #275,"I-85, EXIT 39 I-77, EXIT 13",Charlotte,NC,3.5523,35.2269,-80.8433
SUPERPUMPER #26,"I-94, EXIT 258 & US-281",Jamestown,ND,3.629,46.905899,-98.706127
PETRO STOPPING CENTER #317,"I-57, EXIT 71",Perrysburg,OH,3.7857,41.542926,-83.592727
E-Z MART #4460,"I-20,  EXIT 124",Monroe,LA,3.129,32.528551,-92.106104
DISCOUNT FUEL,"I-90, EXIT 150 & SR-73",Kadoka,SD,3.229,43.84457,-101.552272
CIRCLE K #2723726,"I-59/I-20, EXIT 52 & US-11/US-43/SR-7",Knoxville,AL,3.089,32.982423,-87.791855
CHEVRON,"I-20, EXIT 186",Delta,LA,2.994,32.325556,-90.926944
BUSY BEE,"I-10, EXIT 283 & US-129",Live Oak,FL,3.779,30.286622,-83.024994
TA GREENCASTLE TRAVEL CENTER,"I-81, EXIT 5",Greencastle,PA,3.959,39.781827,-77.746956
Mr Ts Riverside,US-412,Cardwell,MO,3.199,36.04345,-90.290696
PORTS TO PLAINS TRAVEL PLAZA,US-50 & US-287,Lamar,CO,3.399,38.084136,-102.619195
SPEEDWAY #4638,US-29,Madison Heights,VA,3.4957,37.453102,-79.114089
RSTORE #4488,US-51,Merrill,WI,3.2407,45.180924,-89.690696
HOBO PANTRY #6,US-431/SR-210,Dothan,AL,3.959,31.202888,-85.418036
MOBIL,"I-87, EXIT 42 & US-11",Champlain,NY,3.799,44.977292,-73.446603
TA ATLANTA SOUTH TRAVEL CENTER,"I-75, EXIT 201 & SR-36",Jackson,GA,3.334,33.282006,-83.978391
TA EXPRESS #6264,"I-70, EXIT 26 & US-50",Grand Junction,CO,4.049,39.078326,-108.545692
CHEROKEE TRAVEL MART,"I-40,  EXIT 108",Calumet,OK,3.1057,35.594819,-98.189991
YESWAY #1038,US-60 & SR-86,Neosho,MO,3.059,36.870634,-94.386218
QUIK MART #18,US-72/SR-157,Tuscumbia,AL,3.0073,34.687432,-87.683259
QUIKTRIP #71,"I-44, EXIT 238",Tulsa,OK,3.039,36.05566,-96.060229
QUIKTRIP #102,"I-44, EXIT 222A",Tulsa,OK,3.039,36.05566,-96.060229
LOVES TRAVEL STOP #213,"I-35, EXIT 211",Tonkawa,OK,3.584,36.68062,-97.30634
JASPER FOOD MART,US-78,Jasper,AL,3.229,33.871672,-87.249144
One9 #265,"I-40, EXIT 287 & SR-136",Cookeville,TN,3.084,36.174261,-85.49531
BP,US-6 & SR-15,New Paris,IN,3.6573,41.491652,-85.83383
ERNIES FUEL STOP #1605,SR-167,Kent,WA,4.599,47.3695,-122.1949
MR FUEL #1020,"I-80 & I-94, EXIT 15B",Lake Station,IN,3.5657,41.568629,-87.262209
BUSY CORNER TRUCK STOP AND MARKET,"I-24, EXIT 105 & US-41/SR-2",Manchester,TN,3.049,35.481667,-86.088611
CROSSROADS TRUCK STOP STATION,"I-29 & SR 34, MM 109",Colman,SD,3.159,43.955761,-96.818882
PERHAM OASIS,US-10 & SR-78,Perham,MN,3.499,46.603106,-95.581763
SHELL TRUCKSTOP,"I-4, EXIT 44",Polk City,FL,3.449,28.19867,-81.808282
MAXS #124,"I-24, EXIT 86 & US-41",Oak Grove,KY,3.0423,36.665225,-87.425514
Southern Travel Plaza,"US-67, EXIT 55 & US-64/US-167 & SR-367",Bald Knob,AR,3.391,35.311331,-91.550197
POMPANO TRUCK STOP,"I-95, EXIT 36B",Pompano Beach,FL,3.759,26.231529,-80.12346
ONE9 #245,"I-81, EXIT 77 & SR-39",Harrisburg,PA,3.609,40.261767,-76.883079
ONE9 MR FUEL #64,"I-26 & US-17, EXIT 199",Summerville,SC,3.219,33.028045,-80.173852
STRIPES #40815,US-281 & US-285,Falfurrias,TX,3.299,27.22416,-98.140844
TA WEST MEMPHIS TRAVEL CENTER,"I-40/US-63, EXIT 260 & SR-149",Earle,AR,3.3673,35.27989,-90.450261
OUTPOST TRUCK STOP,US-85 & US-18/US-20,Lusk,WY,3.689,42.765953,-104.465076
AMERICAN TRUCK PLAZA,I-80 EXIT 215 & SR-254,Milton,PA,3.799,41.01681,-76.839817
CASEYS #4390,"I-49/US-71, EXIT 77 & US-160",Lamar,MO,3.199,37.500221,-94.270253
SAPP BROS TRAVEL CENTER,"I-80, EXIT 370",Cheyenne,WY,3.7007,41.143719,-104.796234
TRUCKOMAT OF N LITTLE ROCK,"I-40, EXIT 161 & SR-391",North Little Rock,AR,3.249,34.766974,-92.265376
MIRABITO #61,"I-81, EXIT 32",Central Square,NY,4.299,43.308986,-76.184852
TA # 211 GREENLAND TRAVEL CENTER,"I-95, EXIT 3A & US-101",Greenland,NH,3.759,43.035294,-70.847476
QUEEN CITY TRUCK STOP,"I-20 & I-59, EXIT150",Meridian,MS,2.939,32.357441,-88.655973
E-Express at Central Truck Stop,"I-35, EXIT 137",Oklahoma City,OK,2.879,35.3337,-97.4922
LONGMONT TRUCK STOP,"I-25/US-87, EXIT 240 & SR-119",Longmont,CO,3.239,40.177921,-105.10095
POPS Mart #333,"I-77, EXIT 48 & SR-200",Winnsboro,SC,3.0907,34.381008,-81.10899
COUNTRY GIRL TRUCK STOP,US-167 & SR-156,Winnfield,LA,3.319,31.921389,-92.636646
JAYS EL CHEAPO FUEL STOP,"I-16, EXIT 104",Metter,GA,3.249,32.401034,-82.060722
Par Mar Store #164,"I-79, EXIT 105 & CR-7",Jane Lew,WV,3.999,39.109989,-80.431059
ERNIES TRUCK STOP,"I-5, EXIT 142",Federal Way,WA,4.599,47.3203,-122.311726
PWI #167,"I-10, EXIT 601",Seguin,TX,2.889,29.561316,-97.962801
JOHNNYS MARKET,"I-69, EXIT 357",Fremont,IN,3.699,41.733125,-84.945247
PILOT TRAVEL CENTERS #34,"I-65, EXIT 201 & US-231",Remington,IN,3.659,40.766653,-87.15994
PWI #168,"I-35, EXIT 266 & SR-195",Georgetown,TX,2.799,30.633038,-97.670704
Acme Truck Stop,US-441/SR-500,Orlando,FL,3.449,28.498821,-80.58248
CHROME TRUCK STOP,US-18 & US-169,Algona,IA,3.499,43.065976,-94.230638
BOISE PETROLEUM LLC,"I-84,  EXIT 71",Boise,ID,3.379,43.6136,-116.2025
ONE9 MR FUEL #72,"I-16, EXIT 160",Savannah,GA,3.119,32.067631,-81.102394
PILOT TRAVEL CENTERS #56,"I-85, EXIT 63",Kannapolis,NC,3.499,35.502016,-80.635875
CIRCLE K #4707404,"I-91, EXIT 7",Springfield,VT,3.699,43.303433,-72.477769
FAST MARKET #4550,"I-75/SR-401, EXIT 136 & US-341",Perry,GA,3.099,32.46051,-83.728258
CIRCLE K #2723675,"I-75, EXIT 290 & SR-20",Cartersville,GA,3.0857,34.186975,-84.820401
PILOT TRAVEL CENTERS #431,"I-10, EXIT 873",Orange,TX,3.309,30.125167,-93.771883
SUNMART #308,US-59,Livingston,TX,2.859,30.718018,-94.935278
JOE STOP 99,"I-75, EXIT 99 & SR-119",Anna,OH,3.064,40.405105,-84.210344
SPARKYS ONE STOP #22,"I-35, EXIT 111B & US-30",Jefferson,IA,3.2323,42.009325,-94.388768
PETRO STOPPING CENTER #307,I-40 EAST & S LAKESIDE Dr,Amarillo,TX,3.279,35.203238,-101.842052
Bigs 211,"I-10, EXIT 620 & SR-123",Seguin,TX,3.099,29.561316,-97.962801
STOCKMENS TRUCK PLAZA,"I-494, EXIT 64A",South Saint Paul,MN,3.499,44.888128,-93.046013
STINKER I 80 TRAVEL PLAZA,"I-80, EXIT 221 & SR-76",Sinclair,WY,3.759,41.779741,-107.109083
CHEVRON,"I-80, EXIT 129",Lovelock,NV,3.499,40.1819,-118.468915
BINGO TRUCK STOP,"I-10, EXIT 829 & SR-124",Winnie,TX,2.999,29.815676,-94.339499
TA BRIDGER TRAVEL CENTER #188,"I-80, EXIT 30 & CR-202",Fort Bridger,WY,3.7157,41.28282,-110.347428
TA Parowan Travel Center,"I-15, EXIT 78",Parowan,UT,3.7057,37.844861,-112.832251
SPEEDYS #6,"I-35, EXIT 33",Saint Joseph,MO,3.169,39.768755,-94.838488
FUEL MART #787,"I-57, EXIT 212 & US-36",Tuscola,IL,3.199,39.799509,-88.281585
PILOT TRAVEL CENTERS #35,"I-80/90, EXIT 72 & US-31",South Bend,IN,3.799,41.672699,-86.253489
PILOT TRAVEL CENTERS #15,"I-75, EXIT 210",Toledo,OH,3.7723,41.642,-83.5438
ROAD RANGER #141,"I-70, EXIT 23",Brazil,IN,3.659,39.521041,-87.127767
One9 #16,"I-71 & US-68, EXIT 50",Wilmington,OH,3.1423,39.448788,-83.841653
SNOW SHOE TRAVEL PLAZA,"I-80, EXIT 147 & SR-144",Snow Shoe,PA,3.469,41.037581,-77.95228
TIMES MARKET #299,US-281 BUS,Alice,TX,3.099,27.743171,-98.083622
SPEEDWAY #2314,"I-94, EXIT 243 & SR-29",New Baltimore,MI,3.559,42.675344,-82.780102
CHARLOTTE TRAVEL PLAZA,"I-77,  EXIT 16B",Charlotte,NC,3.5323,35.2269,-80.8433
WARREN TRAVEL PLAZA,"I-69, EXIT 278 & SR-5",Warren,IN,3.399,40.688646,-85.418337
BEARS DEN TRADING POST #101,ST 37 11 MI E OF MASSENA,Hogansburg,NY,3.649,44.982511,-74.662649
SPEEDWAY #4704,"I-90, EXIT 154",Albert Lea,MN,3.299,43.653678,-93.370672
SPEEDWAY #4706,"I-90, EXIT 265",Chamberlain,SD,3.299,43.795295,-99.311819
KEYSTONE TRUCK STOP,US-22 & SR-164,Loretto,PA,3.999,40.510484,-78.629357
GENEVA TRUCK STOP,"I-79, EXIT 35/141",Cochranton,PA,3.8157,41.520487,-80.057269
PLAZA 23 TRUCK STOP,"I-787, EXIT 2",Albany,NY,3.799,42.6525,-73.7566
JORDAN'S KWIK STOP #70,US-49,West Helena,AR,3.399,34.549635,-90.654531
PILOT TRAVEL CENTER #906-TOWN PUMP,"I-90, EXIT 408 & SR-78",Columbus,MT,3.5807,45.626171,-109.257126
EXXON,US-67 & SR-18,Newport,AR,4.1323,35.598823,-91.257064
SIMMONS TRAVEL CENTER,"I-95, EXIT 8 & US-301",Emporia,VA,3.099,36.685689,-77.562953
Brake Time Corner Market,"I-25, EXIT 240",Burlington,CO,3.499,39.310649,-102.258281
SINCLAIR,"I-70, EXIT 438",Burlington,CO,3.889,39.310649,-102.258281
REATTA TRAVEL STOP,"I-76, EXIT 149 & SR-55/CR-81",Crook,CO,3.3823,40.874743,-102.847174
CIRCLE K #2744095,"I-25, EXIT 215",Denver,CO,3.299,39.840562,-105.007985
SPEEDWAY #4701,"I-90, EXIT 73",Jackson,MN,3.299,43.645732,-94.993827
FAST MARKET,"I-25, EXIT 158",Colorado Springs,CO,3.159,38.8335,-104.8206
ONCUE EXPRESS #61,"I-35, EXIT 185 & US-77",Perry,OK,3.2157,36.287468,-97.284175
SHORE STOP #279,US-13,Greenwood,DE,3.239,38.817519,-75.593547
Fics Plaza,"I-90, EXIT 184",Deer Lodge,MT,3.519,46.38807,-112.747589
CIRCLE K #2701686,"I-75, EXIT 220",Bradenton,FL,3.439,27.502778,-82.513889
SUNOCO,US-46 & SR-93,Palisades Park,NJ,3.279,40.846238,-73.995436
SEMINOLE TRUCK STOP,"I-75, EXIT 354",Fort Lauderdale,FL,3.699,26.121561,-80.128778
MICCOSUKEE SERVICE PLAZA,"I-75, EXIT 49 & SR-84",Fort Lauderdale,FL,3.6657,26.121561,-80.128778
Uncle Petes Truck  Stop,"I-40, EXIT 239 & US-70/SR-26",Lebanon,TN,2.989,36.209792,-86.302367
Fast Lane,US-24 & US-63,Moberly,MO,3.469,39.420239,-92.435793
SUNSTOP #337,"I-10/SR-8, EXIT 303 & US-441",Lake City,FL,3.699,30.0949,-82.7117
CIRCLE K #2707451,US-27/SR-25 & SR-70,Lake Placid,FL,3.399,27.294474,-81.364918
SPEEDWAY #6604,"I-94, EXIT 66",Mattawan,MI,3.489,42.245069,-85.794281
EXXON - Pilot #1293,"I-30, EXIT 61",Garland,TX,2.8423,32.922744,-96.624804
LOVES TRAVEL STOP #205,"I-35 & I-44, EXIT 137",Oklahoma City,OK,3.319,35.3337,-97.4922
LOVES TRAVEL STOP #201,I-40 EXIT 41,Elk City,OK,3.1257,35.410359,-99.421086
SUNSTOP #334,"I-10, EXIT 335 & SR-121",Macclenny,FL,3.459,30.273671,-82.132475
PETRO GARY 369,"I-80 & I-94, EXIT 9",Gary,IN,3.8307,41.593333,-87.346389
MISSILE MART #1,US-167 & SR-7,El Dorado,AR,3.499,33.20735,-92.662856
BALDWIN TRAVEL PLAZA,"I-94, EXIT 19 & US HWY 63",Baldwin,WI,3.503,44.9657,-92.365498
BP,"I-85, EXIT 21  & US-178",Anderson,SC,2.909,34.526051,-82.630436
PILOT TRAVEL CENTER #430,"I-40,  EXIT 84",Russellville,AR,3.375,35.284208,-93.131476
DUDLEYS TRUCK STOP RESTAURANT,US-220,Rocky Mount,VA,3.299,36.989101,-79.883959
STUCKEY'S,"I-59, EXIT 67 & US-49",Hattiesburg,MS,2.999,31.314553,-89.306471
SHELL DBA PILOT DEALER #874,US-41,Miami,FL,3.699,25.779,-80.1982
E-Z MART #4411,HIGHWAY 69 & COBBLESTONE DR,Pryor,OK,3.099,36.292112,-95.312942
ASAP GENERAL STORE #330,US-412/SR-15,Enid,OK,3.0823,36.402842,-97.862257
QUIKTRIP #707,"I-85 , EXIT 96",Atlanta,GA,3.3407,33.749788,-84.31685
JET FOOD STORE #82,US-441 & CR-13,Douglas,GA,3.4407,31.497287,-82.846468
PETRO STOPPING CENTER #305,"I-10, EXIT 582",San Antonio,TX,3.2073,29.468525,-98.526352
EL CHEAPO,I-95 & EXIT 76,Midway,GA,3.5257,31.801803,-81.390897
CIRCLE K #2723897,"I-75, EXIT 138",Thomasville,GA,3.2357,30.8665,-83.9233
TA KINGMAN TRAVEL CENTER,"I-40, EXIT 48 & US-93",Kingman,AZ,3.899,35.258379,-114.05689
PETRO SERVE USA #11,US-2 & US-71,Bemidji,MN,3.499,47.488071,-94.848809
FLYING J TRAVEL PLAZA #639,"I-90, EXIT 2",Post Falls,ID,3.7623,47.720475,-116.935349
FLYING J TRAVEL PLAZA #632,"I-75, EXIT 320",Resaca,GA,3.2957,34.591996,-84.916251
TIGER MART #63,"I-20, EXIT 454",Grand Prairie,TX,3.599,32.76488,-97.01121
PWI #574,"I-70, EXIT 193/US-40",Bunker Hill,KS,2.959,38.835704,-98.678285
PILOT TRAVEL CENTER #415,"I-59, EXIT 4",Rising Fawn,GA,3.819,34.853491,-85.471078
FLYING J #513,"I-15, EXIT 1",Jean,NV,3.7323,35.854839,-115.469154
KENNETT TRUCK STOP,"I-275, EXIT 16",Lawrenceburg,IN,3.424,39.140123,-84.865819
Circle K #4703906,"I-24, EXIT 24 & SR-49",Pleasant View,TN,2.899,36.378281,-87.03948
TA PEMBROKE TRAVEL CENTER,"I-90, EXIT 48A",Corfu,NY,3.829,42.977734,-78.392906
LOVES TRAVEL STOP #203,"I-40, EXIT 140",Oklahoma City,OK,3.3557,35.3337,-97.4922
QUIKTRIP #7220,"I-20, EXIT 8",Shreveport,LA,2.8923,32.503743,-93.748696
SPEEDWAY #8256,"I-64, EXIT 94 & SR-1958 & US-60",Winchester,KY,2.9223,37.987161,-84.178894
EXXON,"I-285, EXIT 53",Conley,GA,3.999,33.644722,-84.325833
CONOCO,US-30 & SR-41,Gap,PA,3.799,40.002018,-75.997801
KUM & GO #0032,"I-80/US-6, EXIT 155 & SR-117",Colfax,IA,3.0823,41.678785,-93.258816
TIGER DISCOUNT TRUCKSTOP,"I-94, EXIT 64 & I-94 BUS",Dickinson,ND,3.5157,46.887289,-102.787595
Saveway Truck Plaza,"I-65, EXIT 164 & US-31",Hope Hull,AL,3.139,32.224256,-86.393189
KWIK STOP C STORES,US-61/US-151,Dubuque,IA,3.559,42.514977,-90.681914
PILOT TRAVEL CENTER #468,"I-57, EXIT 283 & US-24",Gilman,IL,3.399,40.767987,-87.993336
HIGHWAY 20  AUTO TRUCK PLAZA,US-20,Peosta,IA,3.489,42.443535,-90.809372
ROAD RANGER #273,I-69E/US-77 & SR-107,Combes,TX,3.049,26.248333,-97.733611
ROAD RANGER #144,"I-380, EXIT 68US-20, EXIT 68",Evansdale,IA,3.729,42.475453,-92.281158
EL CHEAPO #4,"I-95, EXIT 87",Richmond Hill,GA,3.0957,31.896152,-81.294026
HOODS SERVICE CENTER,"I-44, EXIT 61",Bois D Arc,MO,3.074,37.221417,-93.544722
GRADYS TRUCKSTOP,"I-16, EXIT 111",Pulaski,GA,3.4657,32.39,-81.956944
KUM & GO #0043,"I-35, EXIT 43 & SR-207/CRG76",New Virginia,IA,3.114,41.160063,-93.711312
TAYLOR QUIK-PIK,"I-29, EXIT 75 & US-30",Missouri Valley,IA,3.399,41.564399,-95.891346
BREAK TIME #3147,"I-55, EXIT 67 & US-62",Sikeston,MO,3.499,36.891111,-89.58197
TA MORIARITY TRAVEL CENTER,"I-40, EXIT 194",Moriarty,NM,3.2173,34.988878,-106.060871
CASEYS #3081,"I-35, EXIT 92 & US-136",Bethany,MO,3.0607,40.260055,-94.018863
CASEYS #2654,"I-80/US-6, EXIT 93 & CR-P28",Stuart,IA,3.099,41.518643,-94.304563
CASEYS #2653,"US-63 & US-30, EXIT 202",Toledo,IA,3.349,42.007696,-92.566206
UNDERWOOD TRUCK STOP I 80,"I-80, EXIT 17",Underwood,IA,3.0007,41.360294,-95.626997
PILOT TRAVEL CENTERS #51,"I-81 BAILEYTON RD, EXIT 36",Greeneville,TN,3.5623,36.160807,-82.833136
Minuteman Food Mart #58,US-74/US-76,Delco,NC,3.5073,34.327419,-78.19169
TA Rogers,"I-94/US-52, EXIT 207 & SR-101",Rogers,MN,3.274,45.171484,-93.581445
LOVES TRAVEL STOP #200,I-40 EXIT 74,Amarillo,TX,3.209,35.203238,-101.842052
PRAIRIE JUNCTION TRUCK STOP,"I-29, EXIT 109 & SR-34",Colman,SD,3.099,43.955761,-96.818882
CASEYS #2867,US-63 & US-20,Waterloo,IA,3.499,42.477784,-92.366099
KUM & GO #1443,"I-80, EXIT 216",Williamsburg,IA,3.1307,41.639308,-92.024011
EXIT 62 TRUCKSTOP,"I-71, EXIT 62 & US-127",Glencoe,KY,3.1657,38.722946,-84.811552
QUIKTRIP #7901,"I-20, EXIT 556 & US-69",Lindale,TX,2.8073,32.517152,-95.429932
FLYING J FUEL STOP #777,"I-84, EXIT 54(FEDERAL WAY)",Boise,ID,3.7657,43.6136,-116.2025
3 MILE CORNER TRUCK STOP,US-2 & US-95,Bonners Ferry,ID,3.734,48.730642,-116.332178
STINKER #42,US-12/US-95 & SR-128,Lewiston,ID,3.6973,46.389457,-116.987714
WENATCHEE VALLEY TRUCK STOP,US-97 ALT,Wenatchee,WA,4.089,47.425269,-120.327345
SPEEDWAY #1449,"I-65, EXIT 262B",Birmingham,AL,2.9757,33.519,-86.8014
BIG CHARLIES TRUCK PLAZA,"I-64, EXIT 282 & US-13",Virginia Beach,VA,3.489,36.8527,-75.9783
PILOT TRAVEL CENTERS #406,"I-65, EXIT 22 & US-31A/SR-11",Cornersville,TN,3.799,35.34088,-86.82862
FAST STOP TRAVEL CENTERS #1109,"I-15, EXIT 392",Plymouth,UT,3.5823,41.875556,-112.143333
PILOT TRAVEL CENTERS #299,"I-55/I-74/US-51, EXIT 160 & US-150/SR-9",Bloomington,IL,3.399,40.478295,-88.989318
ONVO TRAVEL PLAZA,"I-90, EXIT 28",Fultonville,NY,3.159,42.903601,-74.359765
METROPOLIS TRUCK STOP,"I-24, EXIT 37 & US-45",Metropolis,IL,3.599,37.175348,-88.725179
Circle K #4701432,"I-74, EXIT 174",Mahomet,IL,3.669,40.196437,-88.39283
BIG CHIEF TRUCK STOP,"I-94/US-52, EXIT 61 & US-59/CR-82",Fergus Falls,MN,3.2357,46.289723,-96.064338
PILOT DEALER #898 SADLERS TRUCK STOP,"I-95, EXIT 11B & US-58",Emporia,VA,3.799,36.685689,-77.562953
OUTPOST TRAVEL CENTER,"I-20, EXIT 5 & US-80",Greenwood,LA,2.899,32.424025,-93.969252
PILOT TRAVEL CENTERS #95,"I-75, EXIT 329 & SR-44",Wildwood,FL,3.2257,28.845353,-82.03473
TA LEE HI TRAVEL PLAZA,"I-81,  EXIT 195",Lexington,VA,3.659,37.788463,-79.458111
QUARLES #4601,US-29/US-17/US-15,Warrenton,VA,3.3223,38.7063,-77.8159
THORNTONS #369 DBA PILOT TRAVEL CENTER #514,"I-55, EXIT 126 & SR-10",Lincoln,IL,3.399,40.14508,-89.368376
MARSHAL JUNCTION,"I-70, EXIT 147 & SR-1",Marshall,IL,3.199,39.421999,-87.692261
CIRCLE K #4706703,"I-80, EXIT 145A",Mokena,IL,3.339,41.53421,-87.891121
7-ELEVEN #35087,"I-490, EXIT 2 & SR-33 & SR-19",Bergen,NY,4.029,43.086937,-77.96033
QUICKLEES TRAVEL CENTER,"I-86, EXIT 30 & CR-20",Belmont,NY,3.999,42.233409,-78.01103
PWI #401,"I-20 & I-30, EXIT 1B",Aledo,TX,2.799,32.700351,-97.603885
A C TRUCKSTOP,"I-80, EXIT 290",Laramie,WY,3.079,41.312907,-105.581146
THE RIDGE,"I-68/US-219, EXIT 14 & US-40",Accident,MD,4.199,39.635504,-79.308467
SMITHTON TRUCKSTOP,"I-70, EXIT 39 & SR-3059",Smithton,PA,3.899,40.144267,-79.731277
MINIT MART #600244,"I-70, EXIT 131",Straughn,IN,3.859,39.831946,-85.272406
FLYING J TRAVEL PLAZA #684,"I-94, EXIT 1 & SR-16",Beach,ND,3.9657,46.932381,-103.98429
BROOKE TRAVEL PLAZA,"I-80, EXIT 259",West Liberty,IA,2.9873,41.570055,-91.266847
TA MONROE TRAVEL CENTER,"I-75, EXIT 15",Monroe,MI,3.249,41.92751,-83.404848
TRACK AND TRAVEL,"I-20, EXIT 406",Weatherford,TX,2.9173,32.8435,-97.7047
PILOT TRAVEL CENTERS #350,"I-84 & US-20, EXIT 95",Mountain Home,ID,3.759,43.139223,-115.696334
Alta Convenience #6333,"I-25, EXIT 11",Trinidad,CO,3.399,37.175475,-104.500715
I-20 Truck Stop,"I-20, EXIT 165",Lincoln,AL,2.999,33.605913,-86.111152
PETRO BEAUMONT #304,"I-10, EXIT 848",Beaumont,TX,3.3307,30.068805,-94.103896
SHELL,US-10 & SR-210,Motley,MN,3.399,46.321568,-94.628086
PILOT TRAVEL CENTER #910- TOWN PUMP,"I-90, EXIT 274 & US-287",Three Forks,MT,3.5973,45.881068,-111.543643
PILOT TRAVEL CENTER #1346,"I-135, EXIT 31",Newton,KS,3.3115,38.045067,-97.343457
PILOT TRAVEL CENTER #476,"I-74, EXIT 32 & SR-17",Woodhull,IL,3.899,41.184887,-90.283282
TA COMMERCE TRAVEL CENTER,"I-85, EXIT 149 & US-441",Commerce,GA,3.2157,34.2216,-83.3874
PWI #110,"I-20, EXIT 112 & FM-1936",Odessa,TX,3.049,31.8465,-102.3663
SHELL DBA ONE9 #1426,"I-84, EXIT 35",Nampa,ID,3.374,43.58342,-116.584818
PETRO STOPPING CENTER #14,"I-295, EXIT 56",Bordentown,NJ,4.029,40.143141,-74.703249
LOVES TRAVEL STOP #384,"I-70, EXIT 45",Greenville,IL,3.689,38.893338,-89.405185
SUNOCO,"I-80 & I-90, EXIT 3",Wauseon,OH,3.699,41.566796,-84.153745
CLOVERDALE TRAVEL PLAZA,"I-70, EXIT 41 & US-231",Cloverdale,IN,3.699,39.543442,-86.814021
HY-MILER #2204,SR-250,Sandusky,OH,3.5323,41.434878,-82.70633
CIRCLE K #2723916,US-441/US-301/US/27/SR-500,Ocala,FL,3.459,29.1981,-82.0974
PILOT TRAVEL CENTER #892,"I-70 EXIT 164, & US-50",Green River,UT,3.6857,39.000243,-110.159817
PILOT TRAVEL CENTERS #219,"I-40, EXIT 398",Knoxville,TN,3.699,35.9609,-83.9189
TA LAPLACE,"I-10, EXIT 209 & US-5",La Place,LA,3.2273,30.077718,-90.489544
PILOT TRAVEL CENTERS #231,"I-75, EXIT 29",Corbin,KY,3.609,36.934429,-84.10208
CIRCLE K #2704886,"I-65, EXIT 205 & US-31/SR-22",Clanton,AL,3.2073,32.835532,-86.642472
VILLAGE TRUCK STOP,"I-81, EXIT 18",Rural Retreat,VA,3.299,36.883616,-81.287872
KWIK TRIP #331,SR-54,Wisconsin Rapids,WI,3.2623,44.375803,-89.806229
JOHNNYS MARKET,"I-94, EXIT 110 & US-27",Marshall,MI,3.499,42.272047,-84.95828
KWIK TRIP #603,"I-94, EXIT 28 & SR-128",Wilson,WI,3.549,44.94658,-92.196538
ZIP TRIP #54,"I-90, EXIT 452",Billings,MT,3.5907,45.774489,-108.500452
TRAILWAY TRUCK STOP,US-301/SR-304,Centreville,MD,3.259,39.056423,-76.044975
SUNOCO,US-1/US-9,Linden,NJ,3.799,40.635366,-74.255567
I 55 MOTOR PLAZA,"I-55,  EXIT 180",Pevely,MO,2.9907,38.279911,-90.411075
YESWAY #1030,US-63 & E MARY ST,Ottumwa,IA,3.399,41.015099,-92.413428
TA MOUNT VERNON TRAVEL CENTER,"I-44, EXIT 46 & SR-39/SR265",Mount Vernon,MO,3.409,37.104466,-93.797632
ROCK PORT TRUCK PLAZA,"I-29 & US-136, EXIT 110",Rock Port,MO,3.099,40.430581,-95.527403
TREX MART #16,"I-35, EXIT, 61 & US-69",Winston,MO,3.119,39.84995,-94.148747
PHILLIPS 66,"I-35, EXIT 54 & I-35 BUS/US-36",Cameron,MO,3.099,39.730892,-94.243723
CRAZY FREDS TRUCK SHOP,"I-40, EXIT 44 & US-66",Kingman,AZ,3.539,35.258379,-114.05689
CLARK OIL #44,"I-59, EXIT 97",Laurel,MS,2.879,31.705444,-89.131155
FASTLANE TAYLOR 63,US-61 & SR-6,Taylor,MO,3.0157,39.914486,-91.527834
K AN T TRUCKSTOP,"I-79, EXIT 137 & SR-310",Fairmont,WV,3.399,39.472677,-80.146041
CIRCLE K #2723385,"I-59, EXIT 67 & US-49/SR-42",Hattiesburg,MS,3.149,31.314553,-89.306471
CIRCLE K #4702361,"I-65, EXIT 130 & SR-334",Whitestown,IN,3.2923,40.00002,-86.350716
CASEYS #2769,"I-80, EXIT 220 & SR-149",Williamsburg,IA,3.1423,41.639308,-92.024011
TRAILS END TRUCK STOP,"I-29, EXIT 110 & US-136",Rock Port,MO,3.4057,40.430581,-95.527403
Travel Centers of America,"I-44, EXIT 208 & SR-19",Cuba,MO,3.2657,38.092553,-91.40814
FUEL MART #727,"I-70, EXIT 193",Quaker City,OH,3.1657,39.986576,-81.289883
Blue Sky #733,"US-78, EXIT 81 & SR-178",Belden,MS,2.939,34.278663,-88.816011
ONE9 #046,"I-65, EXIT 6 & SR-100",Franklin,KY,3.0857,36.725353,-86.570043
SPEEDWAY #7575,"I-65, EXIT 255",Hobart,IN,3.6323,41.526281,-87.252499
FLYING J #516,"I-76, EXIT 161 & I-70",Breezewood,PA,5.099,39.990521,-78.245271
PETRO STOPPING CENTER #74,I-95 & EXIT 106,Kenly,NC,3.709,35.607742,-78.138227
NORTH POINT PLAZA,"I-90 & I-94, EXIT 115",Poynette,WI,3.1723,43.401342,-89.418857
Chevron #306185,US-30,Montpelier,ID,3.699,42.35199,-111.31946
OASIS TRAVEL CENTER,"I-10, EXIT 53",Robertsdale,AL,3.469,30.561608,-87.637268
JJ TRAVEL PLAZA,"I-70, EXIT 70 & US-83",Oakley,KS,3.6157,39.112102,-100.858048
PILOT TRAVEL CENTERS #900,"I-95, EXIT 75",Dunn,NC,3.709,35.316511,-78.615079
ONE9 #496,"I-80, EXIT 265",Atalissa,IA,3.0157,41.561443,-91.174764
CM EUNICE,US-190,Eunice,LA,3.399,30.51158,-92.398474
SINCLAIR,SR-37,Monett,MO,3.2907,36.921242,-93.925766
FLYING J #875,"I-95,  EXIT 109",Elkton,MD,4.199,39.626434,-75.84584
CASEYS #3842,US-36 & US-283,Norton,KS,3.1573,39.840706,-99.887832
EDGERTON TRAVEL PLAZA,"I-90, EXIT 160 & US-51",Edgerton,WI,3.199,42.838605,-89.064157
Taylor's Stateline Travel Center,US-67 & SR-278,Neelyville,MO,2.999,36.571005,-90.499491
TA CANDLER TRAVEL CENTER,"I-40, EXIT 37",Candler,NC,3.799,35.537626,-82.700081
7-ELEVEN #35788,"I-35, EXIT 215",Olathe,KS,3.339,38.8822,-94.8178
PT TRUCK STOP,"I-12, EXIT 42",Hammond,LA,3.249,30.51908,-90.487856
CASEYS #3548,US-54 & US-61,Pratt,KS,3.1407,37.650219,-98.73003
TULLO TRUCK STOP,"I-95, EXIT 15E & US-1/US-9",Kearny,NJ,3.799,40.76466,-74.147108
ERNIES TRUCK STOP,"I-90,  EXIT 179 & I-90 BUS/SR-17",Moses Lake,WA,3.949,47.137363,-119.289149
Sudden Service #62,"I-65, EXIT 6 & SR-100",Franklin,KY,3.084,36.725353,-86.570043
ONE9 #258,"I-81, EXIT 150 & US-220 ALT & US-11",Troutville,VA,3.0323,37.401855,-79.878636
PILOT TRAVEL CENTERS #11,"I-76, EXIT 232",North Lima,OH,3.799,40.964866,-80.654911
NEWBORN TRUCK STOP,I-20 EXIT 5,Tallapoosa,GA,3.4073,33.760174,-85.300047
FLYING J #576,"I-35, EXIT 69",Northfield,MN,3.859,44.458724,-93.166826
HY-MILER #2245,SR-53,Fremont,OH,3.3823,41.349792,-83.118095
KWIK STAR #1160,"US-75, EXIT 118 & SR-3",Le Mars,IA,3.299,42.79623,-96.170386
JET FOOD STORE #17,US-1/SR=4/SR-540 & US-220/SR-47,Wrens,GA,3.4157,33.210397,-82.380962
SPEEDWAY #6767,"I-75, EXIT 20",Manheim,PA,4.499,40.170229,-76.416794
FLYING J TRAVEL PLAZA #744,"I-15, EXIT 343",Ogden,UT,3.749,41.2443,-112.0072
PWI #605,"I-10, EXIT 378",San Simon,AZ,2.959,32.208167,-109.367152
FLYING J TRAVEL PLAZA #750,"I-81 & I-77, EXIT 80",Max Meadows,VA,3.549,36.91708,-80.921391
CASEYS #4535,US 81,Concordia,KS,2.9123,39.559427,-97.662735
One9 #1216,"I-10 ,EXIT 200 & SR-84",Eloy,AZ,3.199,32.750929,-111.583275
USA TRAVEL CENTER,"I-40, EXIT 48 & US-93",Kingman,AZ,3.399,35.258379,-114.05689
K AND H TRUCK PLAZA,"I-57, EXIT 283 & US-24",Gilman,IL,3.099,40.767987,-87.993336
WK TRUCK STOP,"US-231 & SR-9001, EXIT 75",Beaver Dam,KY,3.399,37.386958,-86.872932
MEADE AUTO AND TRUCK PLAZA,US-54,Meade,KS,3.799,37.282137,-100.336378
PARKWAY MARATHON,"US-79, EXIT 94",Caneyville,KY,3.7323,37.422168,-86.470207
PETRO STOPPING CENTER #308,"I-20, EXIT 8 & SR-526",Shreveport,LA,3.1757,32.503743,-93.748696
BOOZER KWIK STOP,"I-15, EXIT 118",Idaho Falls,ID,3.4473,43.517679,-111.990626
PILOT TRAVEL CENTERS #48,"I-65, EXIT 86",Glendale,KY,3.609,37.603398,-85.892101
One9 #88,"I-95/SR-9, EXIT 201 & SR-520",Cocoa,FL,3.3757,28.367183,-80.746455
CHEVRON #383766,"I-5, EXIT 216",Halsey,OR,3.099,44.386151,-123.125103
PILOT TRAVEL CENTERS #94,"I-75, EXIT 161",Punta Gorda,FL,3.799,26.915163,-82.053166
49ER FUEL CENTER,"I-75, EXIT 49",East Bernstadt,KY,2.999,37.190779,-84.145676
BFS FOODS #68,"I-70, EXIT 3",Hancock,MD,4.129,39.699083,-78.176246
ONE9 #301,"I-55,  EXIT 40",Marston,MO,3.109,36.508448,-89.628819
TA LIMON TRAVEL CENTER,"I-70, EXIT 359 & US-24",Limon,CO,3.9207,39.263889,-103.691667
FLYING J #549,"I-77, EXIT 100 & 101",Mount Airy,NC,3.599,36.500739,-80.611871
HUCKS TRAVEL CENTER #51 DBA FLYING J #889,"I-57/I-64, EXIT 95 & SR-15",Mount Vernon,IL,3.359,38.317014,-88.910525
Southfork TRUCK STOP,"I-30, EXIT 63 & SR-53",Gurdon,AR,3.459,33.912493,-93.141691
MIDWAY TRAVEL PLAZA,I-70 EXIT 121 & US-40,Columbia,MO,3.539,38.938176,-92.304865
TA EXPRESS NORWOOD #0450,US-60,Norwood,MO,3.449,37.068696,-92.408209
PETRO STOPPING CENTER #310,"I-12, EXIT 40 & US-51 BUS",Hammond,LA,3.249,30.51908,-90.487856
SAPP BROS TRAVEL CENTER,US-30,Columbus,NE,3.219,41.437225,-97.356469
TA COLUMBIA NORTH,"I-20, EXIT 71 & US-21",Columbia,SC,3.439,34.072613,-81.179617
CM LAKE CHARLES FUEL STOP 36,"I-10, EXIT 36 & SR-397",Lake Charles,LA,3.299,30.228453,-93.187966
BP,"I-24, EXIT 16",Paducah,KY,3.429,37.063377,-88.663204
TA NORTH CANTON TRAVEL CENTER,"I-77, EXIT 111",North Canton,OH,3.624,40.889919,-81.413464
FLYING J #511,"I-94, EXIT 147",Mandan,ND,3.9523,46.830649,-100.909175
RICE MART,"I-45 & FM 1603, EXIT 238",Rice,TX,3.019,32.225788,-96.460613
SHOP A LOTT  #3,US-84 & US-171,Mansfield,LA,3.1357,32.023863,-93.698045
CHEVRON #381108,"I-82, EXIT 36",Yakima,WA,3.999,46.606991,-120.477336
MCCLURE OIL #52,"I-65/US-52, EXIT 140 & SR-32",Lebanon,IN,3.584,40.044894,-86.464074
Fast Stop,"I-10, EXIT 182 & SR-22",Sorrento,LA,3.699,30.185388,-90.86314
LOVES TRAVEL STOP #303,"I-64, EXIT 43 & SR-395",Waddy,KY,3.749,38.105445,-85.12883
TEX-BEST #526,US-59 & US-281,George West,TX,3.299,28.320388,-98.116159
Pride Convenience Store,"I-90, EXIT 51 & I-291",Chicopee,MA,3.509,42.162046,-72.607962
TA Express #287,"I-40, EXIT 288 & SR-111",Cookeville,TN,3.299,36.174261,-85.49531
PILOT TRAVEL CENTERS #393,"I-40, EXIT 24 & SR-209",Waynesville,NC,3.759,35.488611,-82.988889
KWIK TRIP #497,I-90 EXIT 266 & CR-12,Dakota,MN,3.474,43.914806,-91.39404
TA MOUNT VERNON TRAVEL CENTER,"I-57 & I-64, EXIT 95",Mount Vernon,IL,3.449,38.317014,-88.910525
TA MADISON TRAVEL CENTER,"I-20, EXIT 114 & US-441",Madison,GA,3.8907,33.594681,-83.461781
YESWAY #1178,CR-13,Kadoka,SD,3.189,43.84457,-101.552272
Pilot Travel Center #666,"I-94, EXIT 30",Benton Harbor,MI,3.059,42.108594,-86.423417
BEACON & BRIDGE #18,US-131 BUS,Big Rapids,MI,3.319,43.689679,-85.479705
TOOT N TOTUM #104,US-287,Dalhart,TX,3.199,36.073183,-102.517658
TA BALTIMORE SOUTH TRAVEL CENTER,"I-95, EXIT 41A & SR-175 & US-1",Jessup,MD,4.599,39.148399,-76.792239
MENOMONIE FARMERS UNION,"I-94, EXIT 45 & CR-B",Menomonie,WI,3.649,44.87182,-91.92651
SCOTTS QUICK STOP,SR-53 & SR-46,Marlette,MI,3.399,43.339882,-83.057253
PILOT TRAVEL CENTERS #284,"I-75, EXIT 18",Monroe,MI,3.249,41.92751,-83.404848
TA LAKE PARK TRAVEL CENTER,"I-75,  EXIT 2",Lake Park,GA,3.3157,30.690615,-83.175293
ROAD TRIP OASIS PERRY,"I-69, EXIT 105 & SR-52",Perry,MI,3.699,42.820012,-84.231346
SPEEDY Q MARKET #8206,"I-94, EXIT 274",Port Huron,MI,3.899,42.995843,-82.459938
Kwik Trip # 1281,"I-43, EXIT 107",Belgium,WI,3.2557,43.499465,-87.850908
DUNES AUTO TRUCK PLAZA,"I-94, EXIT 12",Sawyer,MI,3.499,41.882866,-86.588508
PJ TRAVEL PLAZA,"I-80, EXIT 192 & SR-880",Loganton,PA,3.479,41.028317,-77.320397
BILLS TRUCKSTOP,"I-85, EXIT 86",Linwood,NC,3.449,35.75623,-80.374895
STAPLES OIL,"I-90, EXIT 146",Alden,MN,3.299,43.646586,-93.582307
TA WYTHEVILLE TRAVEL CENTER,"I-81, EXIT 72 & I-77, EXIT 41",Wytheville,VA,3.519,36.940669,-81.094082
TA PORTLAND TRAVEL CENTER,"I-5,  EXIT 278",Aurora,OR,4.0323,45.228432,-122.803881
ENMARKET #863,"I-95, EXIT 8 & SR-88",Hardeeville,SC,3.0823,32.263512,-81.066865
115 TRUCKSTOP #5001,"I-94, EXIT 115",Marshall,MI,3.429,42.272047,-84.95828
PETRO STOPPING CENTER #6367,"I-57,  EXIT 335",Monee,IL,3.399,41.419133,-87.77484
SPEEDWAY #4610,"I-35, EXIT 59 & SR-21",Faribault,MN,3.759,44.294457,-93.28179
SOUTHERN VALLEY COOP,ST 14 BYPASS,Mankato,MN,3.499,44.153809,-93.996044
ROTHSAY TRUCK STOP,"I-94, EXIT 38",Rothsay,MN,3.209,46.509412,-96.288726
Circle K #2746447,I-94/US-52 EXIT 127 & US-71/SR-28,Sauk Centre,MN,3.189,45.728079,-94.968166
SPEEDWAY #4035,CR-101,Shakopee,MN,3.599,44.7793,-93.519748
SINCLAIR,"I-90, EXIT 233",Saint Charles,MN,3.529,43.958481,-92.051738
HARRISONBURG TRAVEL CENTER,"I-81,  EXIT 243 & US-11",Harrisonburg,VA,2.899,38.448864,-78.871438
WESTHAMPTON VALERO,I-295 EXIT 47A,Mount Holly,NJ,3.329,39.993028,-74.795522
EXPRESS MART TRUCK STOP,"I-55, EXIT 185 & US-67/US-61",Barnhart,MO,2.9973,38.338425,-90.41417
LAKE MILLS TRAVEL PLAZA,"I-94, EXIT 259 & SR- 89/CR-G",Lake Mills,WI,3.3607,43.081576,-88.913335
PILOT TRAVEL CENTERS #918,I-90 EXIT 55,Rapid City,SD,3.999,44.077041,-103.200259
EXXON,US-59 & LOOP 151,Texarkana,TX,3.1657,33.407371,-94.118245
ROAD RANGER #157,I-64 EXIT 41,Okawville,IL,3.799,38.431862,-89.523045
OZONA ONE STOP,"I-10, EXIT 372",Ozona,TX,2.9823,30.716369,-101.238802
TRUCK TOWNE,I-29 EXIT 47 & SR-46,Beresford,SD,3.159,43.087409,-96.781256
WACO TRAVEL CENTER,SR-19,Perry,FL,3.699,30.097489,-83.585021
TA LAFAYETTE TRAVEL CENTER,"I-10 & SR-182, EXIT 101",Lafayette,LA,3.134,30.236141,-92.008261
THRIFT MART TRUCK PLAZA,"I-85/US-460, EXIT 63A & US-1/US-460 BUS",Petersburg,VA,3.199,37.220001,-77.432594
360 TRUCK STOP,US-360,Amelia Court House,VA,3.599,37.35017,-77.955177
Fast Stop Travel Centers #1134,"I-80/US-30, EXIT 99 & US-191/SR-373",Rock Springs,WY,3.499,41.605957,-109.230047
PILOT TRAVEL CENTER #492,"I-30, EXIT 78 & SR-7",Arkadelphia,AR,3.499,34.11525,-93.068989
ALLSUPS #2392,US-70 & US-285,Roswell,NM,3.199,33.388504,-104.525857
CASEYS #2652,US-65 & US-36,Chillicothe,MO,3.289,39.796569,-93.550887
SEGOVIA TRUCK STOP,"I-10, EXIT 465",Junction,TX,2.999,30.47544,-99.74731
TA BLOOMINGTON TRAVEL CENTER,"I-55, I-74 & I-39 , EXIT 160",Bloomington,IL,3.449,40.478295,-88.989318
EMERY'S,US-54,Deerfield,MO,3.349,37.82109,-94.484845
CRYSTAL OIL,"I-129/US-20/US-75,  EXIT 2",South Sioux City,NE,3.549,42.465615,-96.418161
COCKERHAM FUEL CENTER #4,"I-77, EXIT 14 & US-58/US-221",Hillsville,VA,3.2823,36.744225,-80.71973
FAST LANE #26,US-61,Eolia,MO,3.099,39.243097,-91.009322
CIRCLE K #2709846,"I-25, EXIT 240",Longmont,CO,3.0573,40.177921,-105.10095
PILOT TRAVEL CENTER #903,"I-70/US-40, EXIT 252",Salina,KS,3.759,38.823802,-97.608787
MOTOR INN AUTO TRUCK STOP,I-75 EXIT 110,Mendon,OH,3.199,40.677737,-84.51515
AYERCO #24,US-61 & CR MM,Hannibal,MO,3.099,39.70636,-91.38387
Palmetto Truck Plaza,US-27/SR-25 & SR-826,Hialeah,FL,3.399,25.905,-80.3049
BP,"I-35, EXIT 33",Holt,MO,3.049,39.428867,-94.368876
BREAK TIME #3173,US-54 & CR-HH,Fulton,MO,3.299,38.851821,-91.96055
ONE9 #901,"I-80 & US-183, EXIT 257",Elm Creek,NE,2.9657,40.730079,-99.372786
Waverly Travel Center,US-23,Waverly,OH,3.4157,39.126445,-83.004874
SAPP BROS TRAVEL CENTER,"I-80, EXIT 263",Elm Creek,NE,3.1873,40.730079,-99.372786
TA HUNTINGTON,"I-84, EXIT 353",Huntington,OR,3.639,44.381113,-117.309691
HAWGS EXXON,US-167/SR-25,Batesville,AR,3.359,35.782614,-91.63519
CIRCLE K #2723707,"I-81,  EXIT 150",Troutville,VA,3.0657,37.401855,-79.878636
TA MOBILE TRAVEL CENTER,"I-10,  EXIT 4",Grand Bay,AL,3.1357,30.498288,-88.32825
PILOT TRAVEL CENTER #268,"I-80/US-6, EXIT 284",Walcott,IA,3.859,41.645309,-90.725603
TEMP STOP #117,I-70 & GRAIN VALLEY RD EXIT 24,Grain Valley,MO,2.959,39.027361,-94.20874
PILOT TRAVEL CENTERS #167,US-71,Nevada,MO,3.4957,37.840853,-94.357127
SPEEDWAY #2319,"I-96, EXIT 77",Portland,MI,3.549,42.862414,-84.913933
PILOT TRAVEL CENTERS #21,"I-94, EXIT 167",Dexter,MI,3.579,42.35832,-83.900028
ONVO TRAVEL PLAZA - MIFFLINTOWN,US-322/US-22 & SR-35,Mifflintown,PA,3.479,40.572666,-77.376119
HENDERSON TRAVEL PLAZA,"I-10, EXIT 115 & SR-347",Breaux Bridge,LA,3.3857,30.274955,-91.905899
Circle #4703923,"I-24, EXIT 180B & US-27",Chattanooga,TN,2.7857,35.0455,-85.3081
Exxon,"I-20, EXIT 205 & SR-46",Heflin,AL,3.0157,33.611515,-85.588471
SIGNAL FOOD STORE #112,US-65 & SR-J,Ozark,MO,2.999,37.016926,-93.202211
DAVIS TRAVEL CENTER #102,"I-95/US-301, EXIT 33 & SR-602",Stony Creek,VA,3.0657,36.936132,-77.444276
KWIK FILL #388,"I-80, EXIT 29 & SR-8",Harrisville,PA,3.404,41.163087,-79.979639
PETRO PORTAGE,"I-90 & I-94, EXIT 108-A",Portage,WI,3.8073,43.550145,-89.47139
MR FUEL,"I-55, EXIT 180",Pevely,MO,3.0157,38.279911,-90.411075
PIONEER Travel Plaza,"I-41, EXIT 60 & SR-145",Richfield,WI,3.2157,43.273925,-88.215467
FUEL HUB,"I-87, EXIT 21B",West Coxsackie,NY,3.599,42.415055,-73.817033
LOVES TRAVEL STOP #215,"I-40, EXIT 16 & US-40 BUS/US-66",Gallup,NM,3.4373,35.506475,-108.741352
SCHATZ CROSSROADS,US-2 /US-52,Minot,ND,3.549,48.22914,-101.298476
LOVES TRAVEL STOP #214,I-10 EXIT 37,El Paso,TX,3.0757,31.758411,-106.478311
QUIKTRIP #236,"I-29/US-71, EXIT 18 & SR-92",Platte City,MO,2.999,39.360171,-94.788972
MARLOWS FUEL CENTER,"I-20, EXIT 479",Dallas,TX,3.2407,32.996848,-96.792113
FUEL MART #764,"I-70, EXIT 66 & SR- 54",South Vienna,OH,3.129,39.94732,-83.615704
OASIS TRUCK STOP,"I-44 & SR-133, MM 145",Richland,MO,3.324,37.852752,-92.396245
TA FORISTELL TRAVEL CENTER,"I-70, EXIT 203",Foristell,MO,3.019,38.762557,-90.934328
GARDEN INN TRAVEL PLAZA,US-60/US-63,Cabool,MO,3.299,37.131366,-92.114409
BREAUX BRIDGE VALERO #1408,"I-10 & SR-347, EXIT 115",Breaux Bridge,LA,3.499,30.274955,-91.905899
PILOT TRAVEL CENTERS #12,I-80 & I-90 EXIT 71,Perrysburg,OH,3.759,41.542926,-83.592727
CASEYS #6342,"I-29, EXIT 144 & US-169",Saint Joseph,MO,3.169,39.768755,-94.838488
TA DENTON TRAVEL CENTER,"I-35, EXIT 471 & US-77",Denton,TX,3.254,33.22893,-97.131436
TA SEATTLE EAST TRAVEL CENTER,"I-90, EXIT 34",North Bend,WA,3.859,47.475546,-121.757142
7-ELEVEN #40513,I-90/80-IN TOLL RD MM 22W,Portage,IN,3.999,41.567201,-87.175689
APPLE MARKET #526,"I-64, EXIT 94",Winchester,KY,2.9157,37.987161,-84.178894
FUEL KING NAPOLEON TRAVEL CENTER,"US-6/US-24/SR/CR-3, EXIT 41",Napoleon,OH,3.439,41.390969,-84.143271
PETRO STOPPING CENTER #313,"I-40, EXIT 79",Milan,NM,3.5707,35.169722,-107.890278
GRAY TRUCK STOP,US-71/US-136,Maryville,MO,3.2657,40.343399,-94.873479
HWY 34 TRUCKSTOP,"US-34, EXIT 258",West Burlington,IA,3.374,40.832081,-91.179894
I-95 Fuel Stop,"I-95, EXIT 126 & US-17/US-1",Fredericksburg,VA,3.264,38.299538,-77.477152
QUIKTRIP #608,"I-70, MID RIVERS MALL",Saint Peters,MO,2.904,38.78024,-90.622765
Pilot Travel Centers #354,"I-64, EXIT 28",Simpsonville,KY,3.759,38.231186,-85.354797
WINNERS CIRCLE #1,"I-30 & US-270, EXIT 98A",Malvern,AR,3.3523,34.355715,-92.829162
CIRCLE K #2707515,US-27/SR-25 & US-98/US-700/SR-700/SR-66,Sebring,FL,3.389,27.492391,-81.435712
AYERCO #25,US-24,Taylor,MO,3.0157,39.914486,-91.527834
Chisholm Corner #15,"I-35, EXIT 72 & US-19",Pauls Valley,OK,3.3873,34.738506,-97.219501
KANZA TRAVEL PLAZA,"I-35, EXIT 231 AND US-177",Braman,OK,3.0273,36.933054,-97.308231
PETRO STOPPING CENTER #312,"I-40 & I-75, EXIT 369",Knoxville,TN,3.4257,35.9609,-83.9189
TA EDINBURG TRAVEL CENTER,I-69C/US-281 & FM-2812,Edinburg,TX,3.0107,26.304221,-98.156922
231 PLAZA AND TRUCK STOP,US-231/SR-75 & SR-20,Youngstown,FL,3.494,30.326913,-85.516881
TA RAWLINS TRAVEL CENTER,"I-80, EXIT 214",Rawlins,WY,3.7223,41.795131,-107.234883
SPEEDWAY #4710,US-71/SR-60,Windom,MN,3.299,43.879022,-95.151531
FLYING J TRAVEL PLAZA #608,"I-10, EXIT 1",Ehrenberg,AZ,3.959,33.604167,-114.524444
CIRCLE K #2721536,ST 6 EAST,Batesville,MS,3.2407,34.331651,-89.91418
TA ROCKWALL TRAVEL CENTER,"I-30/US-67, EXIT 68 & SR-205",Rockwall,TX,3.1373,32.931111,-96.459444
TA ELGIN WEST TRAVEL CENTER,I-90 &  US-20,Hampshire,IL,3.459,42.080748,-88.517033
FLYING J FRANCHISE #966,"I-80, EXIT 229",Battle Mountain,NV,3.7923,40.621985,-116.955439
TOOT N TOTUM #106,US-287,Dumas,TX,3.0057,35.882315,-101.967984
PILOT TRAVEL CENTER #478,"I-64, EXIT 92",Leavenworth,IN,3.959,38.194244,-86.359862
CIRCLE K #2723457,"I-10, EXIT 34-B",Gulfport,MS,2.989,30.382556,-89.097618
AMPRIDE ALL ROUND TRUCK STOP,US-20,Fort Dodge,IA,3.299,42.508817,-94.180737
GRAND OIL,"I-75, EXIT 41 & SR-80",London,KY,3.499,37.101605,-84.097498
CLARK OIL #49,US-84,Laurel,MS,2.999,31.705444,-89.131155
CIRCLE K #2723392,"I-59, EXIT 97 & US-84",Laurel,MS,2.9523,31.705444,-89.131155
ARCO #471770,US-281 & SR-5,Dunseith,ND,3.499,48.84801,-100.031105
TA SAYRE TRAVEL CENTER,"I-40 & CEMETARY RD, EXIT 26",Sayre,OK,3.064,35.304722,-99.642928
FLYING J #934,"I-84, EXIT 265",La Grande,OR,3.5357,45.330435,-118.085228
FLICKS,US-49,Richland,MS,2.999,32.215224,-90.156231
SPEEDY EXPRESS #38,"I-35, EXIT 305",Mathis,TX,3.199,28.080208,-97.809659
SQUAW CREEK TRAVEL PLAZA,"I-29, EXIT 79 & US-159",Forest City,MO,3.339,39.989708,-95.191594
HARDYS #5,"I-80, EXIT 4   4",Wendover,UT,3.499,40.597396,-113.993573
TOWN PUMP FOOD STORE #310,"I-15, EXIT 164",Boulder,MT,3.559,46.230647,-112.113757
TULIP CITY TRUCK STOP,"I-196 & SR-40, EXIT 49",Holland,MI,3.739,42.7875,-86.108889
ZIP TRIP #50,"I-90, EXIT 426",Park City,MT,3.584,45.632864,-108.929279
FLYING J TRAVEL PLAZA #762,"I-90, EXIT 126 & SR-59",Gillette,WY,3.899,44.282009,-105.497442
PILOT #1323,"I-29, EXIT 35",Faucett,MO,3.2723,39.589124,-94.791276
Road Ranger #282,"I-35, EXIT 500",Gainesville,TX,3.1757,33.625943,-97.103208
FLYING J FRANCHISE #970,US-395,Pasco,WA,4.599,46.249183,-119.104387
TA Greeneville Travel Center,"I-81,  EXIT 36",Greeneville,TN,3.5523,36.160807,-82.833136
YELLOWSTONE TRUCK SHOP,"I-90, EXIT 330",Livingston,MT,3.649,45.654587,-110.560907
AC & T TRAVEL CENTER,"I-81, EXIT 5 W",Hagerstown,MD,3.659,39.632022,-77.737215
PILOT TRAVEL CENTER #909- TOWN PUMP,"I-15 & US-2, EXIT 363",Shelby,MT,3.6357,48.503666,-111.839122
TOWN PUMP FOOD STORE #4300,"I-90, EXIT 249",Whitehall,MT,3.659,45.877146,-112.124535
LITTLE AMERICA TRAVEL CENTER,"I-40, EXIT 198",Flagstaff,AZ,3.539,35.185911,-111.661979
TRANSIT TRUCK STOP,"I-97, EXIT 10",Millersville,MD,3.4657,39.104102,-76.61902
7-ELEVEN #35560,SR-16,Charlotte,NC,3.999,35.2269,-80.8433
FLYING J TRAVEL PLAZA #682,"I-85, EXIT 150",Haw River,NC,3.9423,36.055085,-79.334557
TA SAVANNAH TRAVEL CENTER,"I-95/SR-405,  EXIT 87 & US-17/SR-25",Richmond Hill,GA,3.3507,31.896152,-81.294026
BAKER TRUCK CORRAL,"I-84, EXIT 304",Baker City,OR,3.4257,44.780102,-117.828631
PETRO STOPPING CENTER JOHNSTOWN,"I-25, EXIT 254",Johnstown,CO,3.4273,40.335526,-104.923558
TA VERO BEACH TRAVEL CENTER #197,"I-95/SR-9, EXIT 147 & SR-60",Vero Beach,FL,3.484,27.632985,-80.403075
FAMILY EXPRESS #35 (DISCOUNT AVAILABLE),"I-65, EXIT 215 & SR-114",Rensselaer,IN,3.1323,40.947731,-87.133733
BP DBA TA ELKTON TRAVEL CENTER,"I-95,  EXIT 109B",Elkton,MD,4.969,39.626434,-75.84584
GURNEE TRUCK STOP,US-41,Gurnee,IL,3.289,42.366906,-87.945232
TA FRANKLIN TRAVEL CENTER,"I-65, EXIT 61",Franklin,TN,3.839,35.932782,-86.878833
TA of Mocksville,"I-40, EXIT 170 & US-601",Mocksville,NC,3.699,35.922007,-80.536965
ROADWAY TRAVEL CENTER,"I-29, EXIT 73",Sioux Falls,SD,3.199,43.488,-96.7343
SAPP BROS TRAVEL CENTER,US-77,Fremont,NE,3.3457,41.441637,-96.494468
JACKS TRUCK STOP,"I-65, EXIT 304 & SR-69",Cullman,AL,3.999,34.176146,-86.829777
FL Roberts,"I-91, EXIT 24",Whately,MA,3.559,42.439722,-72.635278
MARATHON,"I-29/US-81, EXIT 65 & I-94 BUS/US-10",Fargo,ND,3.449,46.900878,-96.793577
STAMART 1222,"I-29, EXIT 64",Fargo,ND,3.3857,46.900878,-96.793577
TA EXPRESS GRAND FORKS #948,"I-29, EXIT 141 & US-2",Grand Forks,ND,3.539,47.901041,-97.04463
TOMAHAWK TRUCK STOP,"I-25, EXIT 128",Fountain,CO,3.299,38.699563,-104.700469
EAGLEVILLE TRAVEL CENTER,"I-35 & ROUTE N, EXIT 106",Eagleville,MO,2.9357,40.491197,-93.995058
Holiday #3810,"I-94/US-52, EXIT 178 & SR-24",Clearwater,MN,3.2207,45.387694,-94.045246
FLYING J #550,US-2/US-52,Minot,ND,3.9357,48.22914,-101.298476
TIGER TRUCK STOP,"I-10, EXIT 139",Grosse Tete,LA,3.059,30.387935,-91.43829
PETRO STOPPING CENTER #326,"I-40, EXIT 161 & SR-391",North Little Rock,AR,3.2073,34.766974,-92.265376
BETTY BEAVERS TRUCKSTOP,"I-87, EXIT 32",Lewis,NY,3.619,44.307507,-73.549129
CIRCLE C TRAVEL PLAZA,"I-95, EXIT 68 & SR-61",Walterboro,SC,3.079,32.897367,-80.679225
Onvo Travel Plaza,"I-78/US-22, EXIT 45 & SR-863",Kutztown,PA,3.3273,40.521354,-75.777395
TA RICHMOND,"I-95, EXIT 89 & SR-802",Ashland,VA,3.6057,37.73948,-77.478373
PUMP & PANTRY #24,US-6/CR-74,Hastings,NE,3.399,40.587654,-98.391146
PETRO STOPPING CENTER #301,"I-10, EXIT 37",El Paso,TX,3.124,31.758411,-106.478311
PETRO DEMING,"I-10, EXIT 68",Deming,NM,3.3857,32.231808,-107.746559
FLYNNS TRUCK PLAZA,"US-20, EXIT 11 & SR-140",Shrewsbury,MA,3.6157,42.284801,-71.720503
NEBRASKALAND TIRE SHOP,"I-80, EXIT 237 & US-283",Lexington,NE,2.999,40.785002,-99.751515
BROKEN WHEEL TRUCK STOP,"I-25, EXIT 135",Douglas,WY,3.759,42.762558,-105.385484
TA SPARKS TRAVEL CENTER,"I-80, EXIT 19 & SR-659",Sparks,NV,3.899,39.547254,-119.755588
PRIME STOP,US-81,Norfolk,NE,3.229,42.032914,-97.422898
JJS TRUCK STOP,"I-30, EXIT 106",Malvern,AR,3.3157,34.355715,-92.829162
TA WHEELING TRAVEL CENTER,"I-70, EXIT 11 & CR-41",Valley Grove,WV,3.529,40.094649,-80.555059
PILOT TRAVEL CENTERS #517,US- 22 & SR-322,Duncannon,PA,4.199,40.408678,-77.047254
GO MART FOOD STORE #31,"I-77, EXIT 95 & SR-61",Charleston,WV,3.499,38.349,-81.630606
PWI #535,"I-70, EXIT 47",Palisade,CO,3.379,39.103178,-108.367977
Speedee Mart #2890,US-20 & US-83,Valentine,NE,3.329,42.806166,-100.621542
PRIME STOP,US-275,Wisner,NE,3.259,41.997994,-96.916975
FLITE LINE SUNOCO,"I-95, EXIT 3",Portsmouth,NH,3.6957,43.066524,-70.780412
TORCH 85 TRUCK PLAZA,"I-85, EXIT 42",Tuskegee,AL,3.2723,32.431623,-85.68606
CROSSROADS TRUCK STOP,"I-82, EXIT 1 & US-730",Umatilla,OR,3.239,45.915725,-119.313715
PILOT #4563,"I-8I, EXIT 77",Harrisburg,PA,3.869,40.261767,-76.883079
ARROWHEAD TRAVEL PLAZA,"I-84, EXIT 216 & SR 331,",Pendleton,OR,3.259,45.660535,-118.783104
BOLLA MARKET #198,SR-17MAHWA,Mahwah,NJ,3.5857,41.074473,-74.155974
FLYING J TRAVEL PLAZA #761,"I-80 & US-189, EXIT 3",Evanston,WY,3.699,41.260947,-110.963067
LITTLE AMERICA,"I-80, EXIT 358 & I-25, EXIT 9 & US-30",Cheyenne,WY,3.709,41.143719,-104.796234
LITTLE AMERICA TRAVEL CENTER,"I-80, EXIT 68 & SR-374",Little America,WY,3.5257,41.543611,-109.858333
Atlantis Fresh Market #553,"I-84, EXIT 1",Montague,NJ,3.509,41.302259,-74.753956
R STORE #4513,US-41,Fond Du Lac,WI,3.299,43.770446,-88.429149
TA Twin City East Travel Center,I-94  EXIT 4 & US-12,Hudson,WI,3.5473,44.984187,-92.727062
KWIK TRIP #1013,"I-41, EXIT 57 & SR-167",Richfield,WI,3.3907,43.273925,-88.215467
TRUCKERS INN STOP,"I-90/I-94, EXIT 132 & US-51",De Forest,WI,3.199,43.235748,-89.329652
MOASIS TRUCK CENTER,US-41,Little Chute,WI,3.199,44.284248,-88.311989
TA MADISON TRAVEL CENTER,"I-90/I-94/I-39, EXIT 132 & US-51",De Forest,WI,3.839,43.235748,-89.329652
Kwik Trip #1197,"US-151, EXIT 26",Belmont,WI,3.564,42.730784,-90.335881
TA HURRICANE TRAVEL CENTER,"I-64, EXIT 39 & SR-34",Hurricane,WV,3.6323,38.425741,-81.994329
LOVES TRAVEL STOP #448,"I-5, EXIT 136B, SR-509",Tacoma,WA,4.589,47.2764,-122.7583
One9 #965,"I-90, EXIT 109 & US-97",Ellensburg,WA,3.839,46.999632,-120.516274
FLYING J #1169,"I-5, EXIT 99",Tumwater,WA,4.599,46.9542,-123.025
FLYING J FRANCHISE #967,"I-90, EXIT 286",Spokane,WA,3.929,47.666485,-117.436527
SIMMONS TRAVEL CENTER,"I-85, EXIT 4 & SR-93/SR-903",Bracey,VA,3.099,36.576295,-78.105862
TA ASHLAND TRAVEL CENTER,"I-95, EXIT 92 & SR-54",Ashland,VA,3.6423,37.73948,-77.478373
FRANKS TRUCKING CENTER,"I-264, EXIT 13B",Chesapeake,VA,3.449,36.735246,-76.23843
PETRO STOPPING CENTER,"I-81 & I-64, EXIT 205",Raphine,VA,3.659,37.937353,-79.221903
KUM & GO #0201,"I-80, EXIT 242",Coralville,IA,3.294,41.693666,-91.590608
ERNIES TRUCK PLAZA,"I-15, EXIT 112",Beaver,UT,3.399,38.28071,-112.629916
TA SALT LAKE CITY TRAVEL CENTER,"I-80, EXIT 99",Tooele,UT,3.769,40.545445,-112.300214
FLYING J TRAVEL PLAZA #746,"I-15 & I-80 SR 201, EXIT 305",Salt Lake City,UT,3.7323,40.755851,-111.896657
TA AMARILLO WEST TRAVEL CENTER,"I-40, EXIT 74",Amarillo,TX,3.279,35.203238,-101.842052
SAMS TRUCK STOP,"I-10, EXIT 138",Van Horn,TX,3.999,31.042879,-104.832249
BUBBLE CITY TRUCK STOP,US-64,Farmington,NM,3.7057,36.706514,-108.199531
PILOT #887,US-84 & US-180,Snyder,TX,3.2457,32.715105,-100.907485
TA SWEETWATER TRAVEL CENTER,"I-20, EXIT 242",Sweetwater,TX,3.1523,32.472589,-100.397908
YESWAY #1125,"I-27, EXIT 1C",Lubbock,TX,2.969,33.586527,-101.860634
TA BIG SPRING TRAVEL CENTER,"I-20, EXIT 177 & US-87",Big Spring,TX,3.699,32.241767,-101.467517
SPEEDWAY #9804,"I-10, EXIT 25",El Paso,TX,3.4157,31.758411,-106.478311
REFUEL #328,"I-35,  EXIT 204",San Marcos,TX,2.999,29.875359,-97.940418
TA ANTIOCH TRAVEL CENTER,"I-24, EXIT 62",Antioch,TN,3.5057,36.06,-86.672222
THE TENNESSEAN TRUCKSTOP,"I-65, EXIT 22 & US-31 ALT/SR-11",Cornersville,TN,3.799,35.34088,-86.82862
TA DENMARK TRAVEL CENTER,"I-40 & SR-138, EXIT 68",Denmark,TN,3.539,35.557059,-88.975892
ONE9 #1422,"I-40, EXIT 197",Moriarty,NM,3.1157,34.988878,-106.060871
Chevron,"I-65, EXIT 6",Ardmore,TN,3.599,35.057445,-86.879555
Holiday StationStore #2746500,US-12 & US-281,Aberdeen,SD,3.114,45.466109,-98.485642
PILOT #599,"I-90, EXIT 192 & I-90 BUS/US-83",Murdo,SD,3.799,43.896115,-100.712107
FLYING J FRANCHISE #931,"I-90, EXIT 61",Rapid City,SD,3.1573,44.077041,-103.200259
LOVES TRAVEL STOP #445,I-90 EXIT 399 & SR 115,Sioux Falls,SD,3.889,43.488,-96.7343
TA MANNING TRAVEL CENTER,"I-95, EXIT 119",Manning,SC,3.5173,33.667716,-80.222078
PILOT DEALER #1163,"I-80, EXIT 42",Emlenton,PA,4.0357,41.202769,-79.746996
TA HARRISBURG TRAVEL CENTER,"I-81, EXIT 77 & SR-39",Harrisburg,PA,3.8157,40.261767,-76.883079
TA MILESBURG TRAVEL CENTER,"I-80, EXIT 158",Milesburg,PA,4.049,40.941667,-77.785278
TA BLOOMSBURG TRAVEL CENTER,"I-80, EXIT 232",Bloomsburg,PA,3.9573,41.011528,-76.438379
SAPP BROS TRAVEL CENTER,"I-80, EXIT 120",Clearfield,PA,3.899,41.02103,-78.443488
FLYING J #518,"I-78, EXIT 10 (PA 645)",Myerstown,PA,3.869,40.378949,-76.314328
TA BROOKVILLE TRAVEL CENTER,"I-80 EXIT 78, & SR-36",Brookville,PA,4.029,41.159986,-79.064101
TA BREEZEWOOD TRAVEL CENTER,"I-76 & US30, EXIT 161",Breezewood,PA,4.299,39.990521,-78.245271
Terrible Herbst dba/One9 #1395,"I-15, EXIT 12",Jean,NV,3.459,35.854839,-115.469154
PETRO STOPPING CENTER #336,"I-81, EXIT 52 & I-76, EXIT 226",Carlisle,PA,4.149,40.203877,-77.199526
TA LAMAR TRAVEL CENTER,"I-80, EXIT 173 & SR-64",Lamar,PA,4.0357,41.016111,-77.531389
TA BARKEYVILLE TRAVEL CENTER,"I-80, EXIT 29 & SR-8",Harrisville,PA,4.044,41.163087,-79.979639
JUBITZ TRAVEL PLAZA,"I-5, EXIT 307",Portland,OR,3.859,45.442919,-122.615092
TA TROUTDALE TRAVEL CENTER,"I-84, EXIT 17",Troutdale,OR,3.9323,45.525398,-122.373866
TA OKLAHOMA CITY WEST TRAVEL CENTER,"I-40, EXIT 140",Oklahoma City,OK,3.3023,35.3337,-97.4922
TA OKLAHOMA CITY EAST TRAVEL CENTER,"I-40, EXIT 142",Oklahoma City,OK,3.3007,35.3337,-97.4922
TA London Travel Center,"I-70 & US-42, EXIT 79",London,OH,3.4923,39.900074,-83.443899
TA YOUNGSTOWN TRAVEL CENTER,"I-80 & SR 46, EXIT 223",Youngstown,OH,3.444,41.0986,-80.6474
TRUCK WORLD TRUCKSTOP,"I-80, EXIT 234",Hubbard,OH,3.259,41.162401,-80.576192
TA TOLEDO EAST TRAVEL CENTER,"I-80 & I-280, EXIT 71",Perrysburg,OH,3.7807,41.542926,-83.592727
SPEEDWAY #9954,"SR-17, EXIT 66",Apalachin,NY,3.999,42.055579,-76.15194
TA DAYTON TRAVEL CENTER,"I-70,  EXIT 10 & US-127",Eaton,OH,3.4007,39.742572,-84.650849
JIMS TRUCK PLAZA,"I-90, EXIT 52E",Buffalo,NY,3.659,42.896659,-78.884575
TA HebronTravel Center,"I-70, EXIT 126 & SR-37",Hebron,OH,3.3823,39.953464,-82.491868
TA KINGSVILLE TRAVEL CENTER,"I-90, EXIT 235 & SR-193",Kingsville,OH,3.8823,41.872311,-80.660092
TA JEFFERSONVILLE EAST TRAVEL CENTER,"I-71, EXIT 65 & SR-435 & US-35",Jeffersonville,OH,3.3273,39.65896,-83.56873
S and R Truck Plaza,"I-94, EXIT 260",Jamestown,ND,3.5857,46.905899,-98.706127
Tower Travel Center,"I-94, EXIT 307",Tower City,ND,3.5157,46.911873,-97.659392
SALUDA TRUCK PLAZA,"I-26, EXIT 28",Saluda,NC,3.099,35.238341,-82.330595
7-ELEVEN #35115,"I-90, EXIT 42",Phelps,NY,4.019,42.958178,-77.047264
LOVES TRAVEL STOP #507,"I-85, EXIT 71",Salisbury,NC,3.5107,35.651498,-80.488945
ONVO TRAVEL PLAZA,"I-90 & RTE 22, EXIT B-3",Canaan,NY,3.399,42.413168,-73.415889
SENECA ONE STOP,"I-90, EXIT 58",Irving,NY,2.899,42.573866,-79.059634
TA FULTONVILLE TRAVEL CENTER,"I-90, EXIT 28",Fultonville,NY,4.039,42.903601,-74.359765
ONVO TRAVEL PLAZA - LOUNSBERRY,"SR-17, EXIT 63",Nichols,NY,3.399,42.031961,-76.361039
CUMBERLAND FARMS #001662,US-9W/SR-32,Glenmont,NY,3.749,42.597147,-73.795884
TA SANTA ROSA TRAVEL CENTER,"I-40/US-54, EXIT 277 & US-84",Santa Rosa,NM,3.4523,34.933276,-104.682155
LOVES TRAVEL STOP #329,US-60,Clovis,NM,4.089,34.412585,-103.221391
TA LAS CRUCES TRAVEL CENTER,"I-10, EXIT 139",Las Cruces,NM,3.1407,32.321641,-106.746034
NATIONAL TRUCK STOP,"I-10, VADO EXIT 155",Vado,NM,2.999,32.115,-106.663333
MAVERIK COUNTRY STORE #638,"I-40, EXIT 159D & I-25/US-85, EXIT 227",Albuquerque,NM,3.2073,35.0936,-106.6423
TA GALLUP TRAVEL CENTER,"I-40, EXIT 16 & HWY 66",Gallup,NM,3.4323,35.506475,-108.741352
DEMING TRUCK STOP,"I-10, EXIT 81",Deming,NM,2.899,32.231808,-107.746559
TA ALBUQUERQUE TRAVEL CENTER,"I-25, EXIT 227 OR 225",Albuquerque,NM,3.5873,35.0936,-106.6423
TA BLOOMSBURY TRAVEL CENTER,"I-78/US-22, EXIT 7 & SR-173",Bloomsbury,NJ,3.7907,40.64366,-75.09664
TA COLUMBIA TRAVEL CENTER,"I-80, EXIT 4 & SR-94",Columbia,NJ,4.099,40.938805,-75.054983
TA PAULSBORO TRAVELCENTER,"I-295, EXIT 18A",Paulsboro,NJ,3.999,39.831157,-75.224233
Pilot Travel Centers #190,"I-78, EXIT 12 & US-22",Hampton,NJ,3.809,40.677351,-74.962221
TA LAS VEGAS TRAVEL CENTER,"I-15, EXIT 33",Las Vegas,NV,3.7357,36.172082,-115.122366
WILD WILD WEST TRAVEL PLAZA,"I-15, EXIT 37",Las Vegas,NV,3.7673,36.172082,-115.122366
FLYING J #904,"I-80, EXIT 107",Big Springs,NE,3.4823,41.069621,-102.093273
TA GRAND ISLAND WEST TRAVEL CENTER,"I-80, EXIT 305",Alda,NE,3.169,40.856923,-98.455135
Fast Stop Travel Centers #1151,"I-80, EXIT 164 & CR-56C",Hershey,NE,3.499,41.155303,-101.001157
TA OGALLALA TRAVEL CENTER,"I-80, EXIT 126",Ogallala,NE,3.4657,41.127505,-101.710742
SAPP BROS TRAVEL CENTER,"I-80, EXIT 440 & SR-50, EXIT 440",Omaha,NE,3.2807,41.261,-95.9376
GRAND ISLAND TRAVEL CENTER,"I-80, EXIT 312 & US-281/US-34",Grand Island,NE,3.2657,40.921858,-98.341062
ALLTOWN FRESH,"I-87, EXIT 17N & US-9",Fort Edward,NY,3.759,43.265321,-73.582169
MURALTS TRUCK PLAZA,"I-90, EXIT 96 & US-93/SR-200",Missoula,MT,3.609,46.856274,-114.025207
SENECA ONE STOP,"SR-17, EXIT 20",Salamanca,NY,3.309,42.16035,-78.73042
TA MISSOULA,"I-90, EXIT 96 & US-93",Missoula,MT,3.699,46.856274,-114.025207
TA LAUREL,"I-90, EXIT 437",Laurel,MT,3.6123,45.67451,-108.769008
TA STRAFFORD,"I-44, EXIT 88 & SR-125",Strafford,MO,3.3657,37.279718,-93.10663
TA OAK GROVE TRAVEL CENTER,"I-70, EXIT 28",Oak Grove,MO,3.2223,38.998456,-94.139946
TA Matthews Travel Center,"I-55, EXIT 58 & SR-80",Matthews,MO,3.2057,36.807528,-89.576833
GASPERS - FAST LANE,"I-70, EXIT 148 & US-54",Kingdom City,MO,2.959,38.95508,-91.952008
B AND D AUTO TRUCK PLAZA,"I-44, EXIT 127",Lebanon,MO,3.099,37.685049,-92.655029
AAA HOSPITALITY,"I-55, EXIT 220",Tillatoba,MS,2.784,33.985229,-89.894461
208 FUEL PLAZA,"I-70, EXIT 208",Belmont,OH,3.419,40.03202,-81.006564
TA MERIDIAN TRAVEL CENTER,"I-20 & I-59, EXIT 160",Meridian,MS,2.9123,32.357441,-88.655973
TRUCKERS INN,"I-94/US-52, EXIT 127 & US-71",Sauk Centre,MN,3.2257,45.728079,-94.968166
PETRO STOP #398,"I-35 & I-90, EXIT 11",Albert Lea,MN,4.099,43.653678,-93.370672
TA TEKONSHA,"I-69,EXIT 25 & SR-60",Tekonsha,MI,3.589,42.086326,-84.992602
SPEEDWAY #9266,US-52 & SR-234,Ironton,OH,3.699,38.529429,-82.665351
FLYING J #895,"I-75, EXIT 32A",Trenton,MI,3.249,42.134304,-83.218142
TA SAWYER TRAVEL CENTER,"I-94, EXIT 12",Sawyer,MI,3.689,41.882866,-86.588508
TA BATTLE CREEK,"I-94, EXIT 104",Battle Creek,MI,3.979,42.3053,-85.1389
INTERSTATE TRAVEL PLAZA,"I-495, EXIT 14A & US-1",Wrentham,MA,3.699,42.061746,-71.339568
BEST QUICK STOP,US-1,Peabody,MA,3.6157,42.532579,-70.961194
DYSARTS SERVICE,"I-95, EXIT 44",Bangor,ME,3.799,44.824199,-68.791839
CIRCLE K #4707065,"I-95, EXIT 2",Kittery,ME,3.899,43.092128,-70.742876
TA SLIDELL TRAVEL CENTER,"I-10, EXIT 266 & US-190",Slidell,LA,3.154,30.278411,-89.771192
KINGS TRUCK STOP,ST 103,Port Barre,LA,3.189,30.547788,-91.928576
Petro Stopping Center,"I-80, EXIT 226",Girard,OH,3.4523,41.161136,-80.693305
TA SMITHS GROVE,"I-65, EXIT 38 & SR-101",Smiths Grove,KY,3.4323,37.058104,-86.193757
One9 #392,"I-65, EXIT 81 & SR-84",Sonora,KY,3.1957,37.52207,-85.922969
TA WALTON #28,"I-75/I-71, EXIT 175 & SR-338",Walton,KY,3.0023,38.887491,-84.63277
KEYSTOP TRAVEL CENTER,"I-65, EXIT 2 & US-31W",Franklin,KY,2.899,36.725353,-86.570043
TA FLORENCE TRAVEL CENTER,"I-75, EXIT 181",Florence,KY,3.0707,38.998889,-84.626667
WAKEENEY 24 7 STORE #3,"I-70/US-40, EXIT 127 & US-283",Wakeeney,KS,3.0907,39.011415,-99.881824
TA Oakley,"I-70, EXIT 76 & US-40/US-83",Oakley,KS,3.649,39.112102,-100.858048
GO MART FOOD STORE #58,"I-77, EXIT 1 & SR-7",Marietta,OH,3.799,39.428141,-81.464438
7-ELEVEN #36180,US-20/SR-18,Monroeville,OH,3.614,41.218074,-82.70233
FLYING J TRAVEL PLAZA #913,"I-80, EXIT 142 & US-65",Altoona,IA,3.3423,41.647549,-93.472415
FUEL MART #714,"I-75, EXIT 168",North Baltimore,OH,3.1123,41.186703,-83.680581
PILOT TRAVEL CENTER #594,"I-29, EXIT 143",Sioux City,IA,3.6057,42.497223,-96.40292
TA IOWA 80 TRAVEL PLAZA,"I-80, EXIT 284",Walcott,IA,3.9023,41.645309,-90.725603
FRIENDSHIP FOOD MART #99,US-224 & SR-61/SR-598,Willard,OH,3.6323,41.053056,-82.726389
PILOT TRAVEL CENTER #373,"I-35 & I-80, EXIT 126",Urbandale,IA,3.3423,41.629479,-93.723042
PETRO STOPPING CENTER #374,"I-69, EXIT 245 & SR-28",Gaston,IN,3.5357,40.29479,-85.489842
GOOD TO GO #40,"I-65, EXIT 215 & SR-114",Rensselaer,IN,3.2007,40.947731,-87.133733
SKY CITGO,US-30 & SR-23,Grovertown,IN,3.499,41.321969,-86.528905
JJS TRAVEL PLAZA,US-31 & US-24,Peru,IN,3.444,40.749203,-86.068044
MIDLAND #1901,"I-70, EXIT 137 AT MILE 137",Cambridge City,IN,3.4323,39.818171,-85.168455
Petro Brazil,"I-70,  EXIT 23",Brazil,IN,3.989,39.521041,-87.127767
TA CLAYTON,"I-70, EXIT 59 & SR-39",Clayton,IN,3.939,39.668154,-86.495921
PETRO STOPPING CENTER #375,"I-65, EXIT 201 & US-231/US-24",Remington,IN,3.699,40.766653,-87.15994
TA WHITESTOWN,"I-65/US-52, EXIT 130",Whitestown,IN,3.5707,40.00002,-86.350716
PETRO STOPPING CENTER #379,"I-74,  EXIT 143",Greensburg,IN,3.999,39.331223,-85.473532
TA EFFINGHAM TRAVEL CENTER,"I-57 & I-70, EXIT 160",Effingham,IL,3.349,39.121727,-88.561105
TA Morris Travel Center,"I-80, EXIT 112 & SR-47",Morris,IL,3.849,41.367233,-88.417769
PILOT #595,"I-57, EXIT 54B & SR-13",Marion,IL,3.759,37.725662,-88.929447
PILOT TRAVEL CENTER #313,"I-70/I-55, EXIT 4 & SR-203",East Saint Louis,IL,3.379,38.631538,-90.138066
ROAD RANGER #185,"I-55, EXIT 145 & US-136",Mc Lean,IL,3.349,40.328159,-89.164483
TA BOISE TRAVEL CENTER,"I-84, EXIT 54",Boise,ID,3.7707,43.6136,-116.2025
Mobil dba One9 #1365,"I-85, EXIT 70",Cusseta,AL,2.999,32.803194,-85.215791
RACETRAC #2574,"I-75, EXIT 237, SR-331 & US-41",Forest Park,GA,3.109,33.621111,-84.365833
TEXACO,"I-75, EXIT 306 & SR-140",Adairsville,GA,3.1057,34.359527,-84.917634
CHAPMANS TRUCK STOP,"I-85 & SR-219, EXIT 13",Lagrange,GA,3.9157,33.034025,-85.039511
EXPRESS STOP FOOD STORE #4644,"I-75, EXIT 181",Pinconning,MI,3.639,43.849079,-84.008162
TA WILDWOOD TRAVEL CENTER,"I-75, EXIT 329 & SR-44",Wildwood,FL,3.214,28.845353,-82.03473
TA BALDWIN TRAVEL CENTER,"I-10, EXIT 343 & US-301",Jacksonville,FL,3.899,30.3163,-81.4175
GIANT #198,"I-4/SR-400, EXIT 7 & US-301/SR-41",Tampa,FL,3.2573,28.0879,-82.4593
TA NEW HAVEN TRAVEL CENTER,"I-95, EXIT 56",Branford,CT,5.069,41.279991,-72.810643
CITGO,"I-95, EXIT 40",Milford,CT,3.399,41.217466,-73.054948
SHELL DBA PILOT DEALER #882,"I-95, EXIT 93 & SR-216",North Stonington,CT,4.299,41.453113,-71.872701
PWI #525,"I-70, EXIT 295",Watkins,CO,3.139,39.762317,-104.583391
TA DENVER WEST TRAVEL CENTER,"I-70, EXIT 266",Wheat Ridge,CO,3.4157,39.774036,-105.096195
BRUSH TRAVEL PLAZA,"I-76, EXIT 90B & SR-71",Brush,CO,3.699,40.260255,-103.62788
108 FOOD AND FUEL,"I-40, EXIT 108 & US-66/US-281 BUS",Calumet,OK,3.1357,35.594819,-98.189991
LOVES TRAVEL STOP #167,"I-44, EXIT 83",Chickasha,OK,3.1657,35.026751,-97.951847
HOPI TRAVEL PLAZA CONOCO DBA ONE9 #1270,"I-40, EXIT 292",Holbrook,AZ,3.139,34.908451,-110.143412
TUCSON TRUCK TERMINAL,"I-10, EXIT 268",Tucson,AZ,3.2223,32.213873,-110.969445
COPAN TRUCK STOP,US-75,Copan,OK,3.119,36.906181,-95.912987
WILLCOX TRUCK PLAZA,"I-10, EXIT 340",Willcox,AZ,3.3407,32.372977,-109.863111
LOVES TRAVEL STOP #248,"I-40, EXIT 71",Clinton,OK,3.1723,35.511543,-98.979533
DAVIS TRADING POST,"I-35, EXIT 55",Davis,OK,2.979,34.495301,-97.10843
ARNOLDS TRUCK STOP,US-72/SR-20/SR-157 & CR-59,Tuscumbia,AL,3.169,34.687432,-87.683259
TA MONTGOMERY TRAVEL CENTER,"I-65, EXIT 168 & US-80/US-82/SR-6/SR-8",Montgomery,AL,3.2523,32.3743,-86.3118
PILOT TRAVEL CENTER #76,"I-20 & I-59, EXIT 76",Tuscaloosa,AL,2.999,33.196891,-87.562666
LOVES TRAVEL STOP #253,I-40 EXIT 7 & SR 30,Erick,OK,3.2057,35.228586,-99.863463
FLYING J TRAVEL PLAZA #610,"I-40, EXIT 53",Kingman,AZ,3.8823,35.258379,-114.05689
PILOT TRAVEL CENTER #352,"I-75, EXIT 139",Fort Myers,FL,3.799,26.620403,-81.8725
LONDON AUTO TRUCK CENTER,"I-75, EXIT 41 & SR-80",London,KY,3.399,37.101605,-84.097498
MR FUEL #717,"I-44, EXIT 251",Villa Ridge,MO,3.0157,38.460108,-90.882198
FLYING J TRAVEL PLAZA #674,"I-70, EXIT 188",Warrenton,MO,3.1157,38.805042,-91.174047
TRAIL STAR TRUCK STOP,"ST 16, EXIT 213",Glendive,MT,3.459,47.100813,-104.728716
SAPP BROS TRAVEL CENTER,"I-80, EXIT 353 & US-81",York,NE,3.324,40.866678,-97.582482
FUEL MART #767,US-6 & US-23,Bradner,OH,3.4073,41.329789,-83.4456
BELL STORES #48,US-30 & SR-94,Dalton,OH,3.3857,40.779326,-81.70078
FLYING J TRAVEL PLAZA #723,"I-40, EXIT 76",Amarillo,TX,3.2657,35.203238,-101.842052
PILOT TRAVEL CENTER #888,"I-27, EXIT 74",Tulia,TX,3.3407,34.540258,-101.762864
LOVES TRAVEL STOP #166,SR-351,Muskogee,OK,3.3373,35.730661,-95.375491
FLYING J TRAVEL PLAZA #759,"I-25, EXIT 7",Cheyenne,WY,3.709,41.143719,-104.796234
BIG D #30,"I-25/US-87, EXIT 9 & I-80, EXIT 359C & I-80 BUS/US-30",Cheyenne,WY,3.204,41.143719,-104.796234
FLYING J TRAVEL PLAZA #630,"I-75/SR-401, EXIT 201 & SR-36",Jackson,GA,3.384,33.282006,-83.978391
CIRCLE K #2745100,"I-95, EXIT 7",Woodbine,GA,3.2323,30.943692,-81.678313
PILOT TRAVEL CENTERS #356,"I-65, EXIT 121",Shepherdsville,KY,3.609,38.004515,-85.688767
PILOT #581,"US-52/SR-55, & 117TH ST, MM300",Inver Grove Heights,MN,3.579,44.841966,-93.034746
STRIPES 7FLEET #42454,"US-60, US-70 & US-84",Texico,NM,3.829,34.395795,-103.061544
One9 #387,"I-80, EXIT 280 & SR- 278",Carlin,NV,3.439,40.717216,-116.108208
PETRO STOPPING CENTER #357,"I-70, EXIT 156B & US-40",New Paris,OH,3.4873,39.861718,-84.779337
I 24 TRUCK PLAZA,"I-24, EXIT 114 & US-41",Manchester,TN,3.099,35.481667,-86.088611
PILOT TRAVEL CENTERS #289,"I-90/I-39, EXIT 158 & I-43/SR-81, EXIT 1",Beloit,WI,3.799,42.522871,-89.039897
SPF #45,"I-25/US-87, EXIT 7 & US-212",Cheyenne,WY,3.2257,41.143719,-104.796234
LOVES TRAVEL STOP #211,"I-35, EXIT 120",Oklahoma City,OK,3.2557,35.3337,-97.4922
PAULS VALLEY TRAVEL CENTER,"I-35, EXIT 72  & SR-19",Pauls Valley,OK,2.999,34.738506,-97.219501
LOVES TRAVEL STOP #219,"I-40, EXIT 200",Seminole,OK,3.3623,35.224444,-96.670278
CIRCLE K #107,US-220 & CR-902,Ridgeway,VA,3.399,36.5874,-79.86859
PARK N PUMP CIRCLE C,"I-15, EXIT 222",Nephi,UT,3.449,39.692275,-111.8359
FLYING J TRAVEL PLAZA #736,"I-20, EXIT 42 & US-285",Pecos,TX,3.4657,31.414384,-103.508129
LOVES TRAVEL STOP #168,"I-44, EXIT 20",Walters,OK,3.194,34.360526,-98.313983
LOVES TRAVEL STOP #255,"I-40, EXIT 287 & SR-100",Webbers Falls,OK,3.789,35.513787,-95.165881
PILOT TRAVEL CENTERS #912,"I-80, EXIT 300 & SR-40D",Wood River,NE,3.2823,40.810635,-98.606509
TREXLER PLAZA TRUCK STOP,I-78/US-22,Allentown,PA,3.6323,40.602729,-75.470955
CIRCLE K #4707005,US-2 & SR-4,Farmington,ME,3.899,44.665339,-70.132878
309 TRUCK STOP,SR-309,Coopersburg,PA,3.759,40.507553,-75.388778
7-ELEVEN #40286,"I-76,  EXIT 23/312",Elverson,PA,3.889,40.156781,-75.786563
ONVO TRAVEL PLAZA - LAKEWOOD,"I-84, EXIT 20 & SR-507",Greentown,PA,3.5457,41.332145,-75.281911
ONVO EXPRESS,"I-81, EXIT 217 & SR-547",Harford,PA,3.609,41.779891,-75.678632
LANCASTER TRAVEL PLAZA,US-30,Ronks,PA,3.899,40.020754,-76.166132
BFS FOODS TRUCK PLAZA,"I-79, EXIT 1",Mount Morris,PA,4.499,39.744289,-80.096763
FLYING J TRAVEL PLAZA #713,"I-95, EXIT 181",Latta,SC,3.349,34.339829,-79.441704
SCOTT FUEL TRAVEL PLAZA,"I-81, EXIT 199",Dalton,PA,3.599,41.539496,-75.703737
PILOT TRAVEL CENTERS #286,"I-70, EXIT 10 & SR-127",Eaton,OH,3.4623,39.742572,-84.650849
PILOT TRAVEL CENTERS #285,"I-70, EXIT 126 & SR-37",Hebron,OH,3.4457,39.953464,-82.491868
PETRO STOPPING CENTER #325,"I-75,  EXIT 167",North Baltimore,OH,3.2707,41.186703,-83.680581
PILOT TRAVEL CENTERS #280,"I-78, EXIT 7 & SR-173",Bloomsbury,NJ,3.809,40.64366,-75.09664
7-ELEVEN #40287,"I-76, EXIT 24A/326",Wayne,PA,3.889,40.0435,-75.388
PETRO STOPPING CENTER #318,"I-70, EXIT 148",Kingdom City,MO,3.0573,38.95508,-91.952008
CORNER PANTRY #127,"I-26, EXIT 115 & US-321",West Columbia,SC,3.4123,33.995024,-81.088836
TA BETO JUNCTION TRAVEL CENTER,"I-35, EXIT 155 & US-75",Lebo,KS,3.2307,38.416085,-95.822174
TA PORTER TRAVEL CENTERS,"I-94, EXIT 22B & US-20",Chesterton,IN,3.849,41.603949,-87.050196
TA LAKE STATION,"I-80 & I-94, EXIT 15B",Lake Station,IN,3.849,41.568629,-87.262209
TA EXPRESS COWPENS #477,"I-85, EXIT 83 & SR-110",Cowpens,SC,3.399,35.038979,-81.822019
PILOT TRAVEL CENTER #4559,"I-20, EXIT 26",Villa Rica,GA,3.389,33.71729,-84.929697
CIRCLE K #2705350,"I-20, EXIT 5 & US-25",North Augusta,SC,3.159,33.517766,-81.934794
SCOTCHMAN #3891,"I-77, EXIT 65 & SR-9",Richburg,SC,3.109,34.682185,-80.989061
GO MART FOOD STORE #43,"I-64, EXIT 39 & SR-34",Teays,WV,3.499,38.441667,-81.953056
SPINX #266,"I-26, EXIT 104",Columbia,SC,3.1323,34.072613,-81.179617
Mauston Interstate BP,"I-90/I-94, EXIT 69 & SR-82",Mauston,WI,3.2273,43.793383,-90.064085
LYNDON STATION BP,I-90 & 94 EXIT 79,Lyndon Station,WI,3.177,43.689875,-89.891543
BIG D OIL #2,US-85 & US-34,Belle Fourche,SD,3.2273,44.672281,-103.839601
DITTYS,"I-90, EXIT 284 & SR-45",Kimball,SD,3.089,43.712881,-98.934305
FLYING J #477,US-75,Anna,TX,3.239,33.344516,-96.563862
PILOT TRAVEL CENTERS #62,"I-95, EXIT 170 & SR-327",Florence,SC,3.349,34.18375,-79.772786
COFFEE CUP FUEL STOP #4,"I-90, EXIT 310 & SR-281",Plankinton,SD,3.0273,43.737287,-98.469395
FLYING J TRAVEL PLAZA #722,"I-75 & I-40, EXIT 369",Knoxville,TN,3.439,35.9609,-83.9189
SPEEDWAY #9400,US-30/US-62 & SR-297,Canton,OH,3.369,40.827,-81.3853
PILOT TRAVEL CENTERS #2,"I-90, EXIT 223 & SR-45",Austinburg,OH,3.859,41.75536,-80.858422
TA GREENSBORO TRAVEL CENTER,"I-40 & I-85, EXIT 138 & SR-61",Whitsett,NC,3.9973,36.032981,-79.597151
TA Express Vermillion #275,"I-29, EXIT 26 & SR-50",Burbank,SD,3.099,42.763798,-96.846569
COFFEE CUP FUEL STOP #8,"I-90, EXIT 212 & SR-83",Vivian,SD,3.0973,43.95352,-100.285989
One9 #1339,"I-81,  EXIT 34",Parish,NY,3.799,43.415295,-76.100023
TA MILL CITY TRAVEL CENTER,"I-80, EXIT 151",Imlay,NV,3.794,40.652217,-118.02115
GOOD TO GO TRAVEL CENTER,"I-80, EXIT 353 & US-81",York,NE,3.3173,40.866678,-97.582482
DELUXE TRUCK STOP,SR-759,Saint Joseph,MO,3.149,39.768755,-94.838488
KANGAROO CROSSING #1101,"I-55, EXIT 144",Pickens,MS,3.099,32.890519,-89.973707
TA KNOXVILLE WEST TRAVEL CENTER,"I-40 & I-75, EXIT 369",Knoxville,TN,3.4257,35.9609,-83.9189
TA ANN ARBOR TRAVEL CENTER,"I-94, EXIT 167",Dexter,MI,3.499,42.35832,-83.900028
LEES FOOD MART #1398,"I-40, EXIT 398",Knoxville,TN,3.299,35.9609,-83.9189
CIRCLE K #4707002,"I-95, EXIT 157",Newport,ME,3.899,44.839264,-69.267498
PILOT TRAVEL CENTERS #52,"I-24, EXIT 64",La Vergne,TN,3.4723,36.012714,-86.559969
Petes #03,US-59 & US-54,Moran,KS,3.2657,37.934159,-95.164733
MAPLE HILL TRUCK STOP,"I-70, EXIT 341",Maple Hill,KS,3.0523,39.069456,-96.018727
KWIK STOP #86,US-151/US-52/US-61,Dubuque,IA,3.489,42.514977,-90.681914
PILOT TRAVEL CENTER #37,"I-65, EXIT 95",Whiteland,IN,3.959,39.555313,-86.093476
PARADISE AUTO TRUCK PLAZA,US-31,Rochester,IN,3.4057,41.065493,-86.231007
PILOT TRAVEL CENTERS #271,"I-80, EXIT 6",Gary,IN,3.799,41.593333,-87.346389
7-ELEVEN #40354,"I-95, EXIT 173",Palm Bay,FL,3.2157,28.014605,-80.599087
FLYING J TRAVEL PLAZA #609,"I-10, EXIT 208-A",Eloy,AZ,3.4523,32.750929,-111.583275
CIRCLE K #2706690,"I-85/US-29, EXIT 62 & US-280/US-431/SR-38/SR-1",Opelika,AL,2.999,32.627771,-85.358629
FLYING J #876,"I-95, EXIT 104",Ruther Glen,VA,3.619,37.945059,-77.47135
STRIPES #40673,"I-45, EXIT 179",Mcallen,TX,3.289,26.21544,-98.235871
TA DANSVILLE TRAVEL CENTER,"I-390 & COMMERCE, EXIT 5",Dansville,NY,4.499,42.569975,-77.710907
BOLLA MARKET,"I-287, EXIT 66",Mahwah,NJ,3.5323,41.074473,-74.155974
JIMS  BEST STOP,US-45 & US-64,Selmer,TN,3.174,35.169124,-88.595832
LOVES TRAVEL STOP #411,"I-35 & I-80, EXIT 125 & US-6",Clive,IA,3.3407,41.606729,-93.745749
Circle K #2723687,"I-20, EXIT 11 & US-27/SR-1",Bremen,GA,3.0873,33.730872,-85.128638
FLINT HILLS FUEL MART,US-50 & US-77,Florence,KS,3.499,38.241536,-96.934561
CIRCLE K #2705346,SR-307,Savannah,GA,3.0323,32.067631,-81.102394
Sudden Service #6604,"I-40, EXIT 212",Nashville,TN,3.399,36.167028,-86.778441
Loves Travel Stop #429,"I-65 & I-24, EXIT 87",Nashville,TN,3.4623,36.167028,-86.778441
Maplefields,"US-4, EXIT 2 & SR-22A",Fair Haven,VT,3.599,43.62345,-73.270068
MILLERS TRAVEL CENTER,US-6 & US-50,Wellington,UT,3.659,39.537257,-110.736954
GOOD TO GO #10,US-35,Winamac,IN,3.914,41.056242,-86.630697
LOVES TRAVEL STOP #715,I-77 EXIT 58 & SR-666 & US-52,Bastian,VA,3.5973,37.15742,-81.198855
SHELL,"I-95, EXIT 133 & US-17 BUS",Fredericksburg,VA,3.2557,38.299538,-77.477152
TOWN PUMP FOOD STORE #8929,"I-15, EXIT 339",Conrad,MT,3.599,48.178346,-111.939665
BECKS #27,"I-39/US-51, EXIT 72 & US-34",Mendota,IL,3.269,41.544308,-89.10828
Flying J Travel Plaza #649,"I-465, EXIT 4",Indianapolis,IN,3.899,39.938417,-86.13894
CITGO,US-431/SR-1 & SR-27,Abbeville,AL,3.399,31.575479,-85.279044
ROAD MART,US-71/US-59,Ashdown,AR,3.299,33.678711,-94.135102
FLYING J TRAVEL PLAZA #607,"I-55, EXIT 4 & I-40, EXIT 280",West Memphis,AR,3.1507,35.148442,-90.17792
EL CENTRO TRAVEL CENTER,"I-8, EXIT 115 & SR-86",El Centro,CA,4.499,32.789332,-115.566508
PILOT TRAVEL CENTERS #65,"I-20, EXIT 194",Augusta,GA,3.859,33.511692,-82.099505
GEO H GREEN OIL,"I-85/SR-403, EXIT 41 & US-27 ALT",Newnan,GA,3.199,33.389404,-84.816952
GIT N GO CONVENIENCE STORE #34,"US-30, EXIT 185 & SR-14",Marshalltown,IA,3.119,42.040482,-92.91269
JACKSON'S FOODS DBA ONE9 #1427,"I-84, EXIT 36",Nampa,ID,3.3707,43.58342,-116.584818
Petro Stopping Center #359,"I-39/US-51, EXIT 99 & SR-38",Rochelle,IL,3.759,41.928156,-89.071035
LOVES TRAVEL STOP #417,"I-80 & I-94, EXIT 9A",Gary,IN,3.809,41.593333,-87.346389
PILOT TRAVEL CENTERS #152,"I-65, EXIT 16 & MEMPHIS RD",Memphis,IN,3.959,38.464181,-85.777501
PETES #20,US-54/SR-7 & US-69,Fort Scott,KS,3.199,37.834159,-94.704221
YESWAY #1116,"I-35, EXIT 60",Mcpherson,KS,3.259,38.373732,-97.654989
PILOT TRAVEL CENTERS #438,"I-65, EXIT 6 & SR-100",Franklin,KY,3.169,36.725353,-86.570043
PILOT TRAVEL CENTERS #358,"I-24 & US-305, EXIT 3",Paducah,KY,3.699,37.063377,-88.663204
PILOT TRAVEL CENTERS #437,"I-75, EXIT 11 & SR-92",Williamsburg,KY,3.609,36.735535,-84.143592
PILOT TRAVEL CENTERS #300,"I-12, EXIT 40",Hammond,LA,3.2323,30.51908,-90.487856
I 49 TRUCK STOP,"I-49, EXIT 23 & US-167",Opelousas,LA,3.199,30.51442,-92.089668
J AND  H OIL,"US-131, EXIT 72",Byron Center,MI,3.499,42.801614,-85.713602
SPEEDWAY #8740,"I-69, EXIT 87",Dewitt,MI,3.599,42.842784,-84.579654
Express Stop,"I-94, EXIT 145",Jackson,MI,3.589,42.254522,-84.387476
EXPRESS STOP FOOD STORE #4647,"I-75, EXIT 151 & SR- 81",Saginaw,MI,3.399,43.404692,-83.915626
QUIKTRIP #611,I-55 EXIT 178,Herculaneum,MO,2.9907,38.260087,-90.387095
CIRCLE K #2721544,"I-55, EXIT 243 & US-278/SR-6",Batesville,MS,3.309,34.331651,-89.91418
INTERSTATE STATION #8,"I-55, EXIT 78",Natchez,MS,3.399,31.54924,-91.364214
BIG BOYS TRUCK STOP,"I-95, EXIT 105",Kenly,NC,3.299,35.607742,-78.138227
PILOT #7976,"I-77, EXIT 42",Troutman,NC,3.659,35.686271,-80.882229
CENEX C STORE,US-52,Kenmare,ND,3.4673,48.673149,-102.071745
BIG SPRINGS TRUCK AND TRAVEL,"I-80, EXIT 107",Big Springs,NE,3.074,41.069621,-102.093273
CUBBYS #111,US-81,Norfolk,NE,3.209,42.032914,-97.422898
FLYING J TRAVEL PLAZA #686,"I-80, EXIT 432",Gretna,NE,3.2823,41.134458,-96.245837
SIMONS EXIT 16,"I-89, EXIT 16",Enfield,NH,3.499,43.625584,-72.127014
SUNOCO,"I-295, EXIT 2C & SR-140",Penns Grove,NJ,3.459,39.717938,-75.465623
LOVES TRAVEL STOP #259,"I-10 & AIRPORT RD, EXIT 132",Las Cruces,NM,3.214,32.321641,-106.746034
LOVES TRAVEL STOP #262,"I-40, EXIT 333",Tucumcari,NM,3.889,35.168003,-103.717935
MORTONS TRUCK STOP,"I-15, EXIT 46",North Las Vegas,NV,3.399,36.4475,-114.851389
FLYING J TRAVEL PLAZA #770,"I-80, EXIT 176",Winnemucca,NV,3.7773,40.966418,-117.746693
LOVES TRAVEL STOP #772,"I-86 & SR-17, EXIT 37",Bath,NY,4.489,42.345451,-77.323255
SMOKIN JOES,I-90 EXIT 24,Sanborn,NY,3.699,43.141879,-78.878522
FLYING J TRAVEL PLAZA #700,I-80 & I-90 EXIT 71,Perrysburg,OH,3.759,41.542926,-83.592727
FRIENDSHIP FOOD MART #70,SR-2 & SR-53,Port Clinton,OH,3.939,41.521535,-82.909368
PILOT TRAVEL CENTERS #281,"I-80, EXIT 226",Girard,OH,3.4523,41.161136,-80.693305
LOVES TRAVEL STOP #263,"I-44, EXIT 45 & SR-49",Lawton,OK,3.2173,34.591467,-98.369783
LOVES TRAVEL STOP #260,"I-35, EXIT 106 & SR-9 W",Norman,OK,3.254,35.2212,-97.4448
Jacksons Food Stores,"I-84, EXIT 261",La Grande,OR,3.687,45.330435,-118.085228
PILOT TRAVEL CENTERS #298,"I-80, EXIT 256 & SR-93",Drums,PA,3.9757,41.025525,-75.97676
KWIK FILL #228,"I-90, EXIT 45 & US-20",North East,PA,4.089,42.200793,-79.833179
ONVO TRAVEL PLAZA - PROMISED LAND,"I-84, EXIT 26 & SR-390",Tafton,PA,3.5457,41.369445,-75.101598
PILOT TRAVEL CENTERS #310,"I-85, EXIT 63 & SR-290",Duncan,SC,3.4323,34.917645,-82.125821
PETRO KINGSTON SPRINGS #349,"I-40, EXIT 188",Kingston Springs,TN,3.2323,36.095324,-87.115646
GOLDEN EXPRESS TRUCK STOP,US-287/US-81 & CR-1595,Alvord,TX,3.049,33.36982,-97.688488
FLYING J TRAVEL PLAZA #724,"I-10, EXIT 0",Anthony,TX,3.459,31.990718,-106.597625
LOVES TRAVEL STOP #609,"I-35, EXIT 471 & US-77",Denton,TX,3.2473,33.22893,-97.131436
CEFCO #1050,"I-30, EXIT 146 & US-37",Mount Vernon,TX,2.9423,33.170204,-95.218106
TEX-BEST #501,"I-37, EXIT 125",Elmendorf,TX,2.949,29.230793,-98.371982
PILOT TRAVEL CENTERS #306,"I-10, EXIT 582",San Antonio,TX,3.214,29.468525,-98.526352
CROSSROADS,"I-10, EXIT 829 & SR-124",Winnie,TX,4.249,29.815676,-94.339499
KWIK TRIP #648,"I-94, EXIT 116 & SR-54",Black River Falls,WI,3.2373,44.292101,-90.847952
FREMONT CITGO,US-10 & SR-110,Fremont,WI,3.399,44.237884,-88.844852
GO MART FOOD STORE #50,"I-77/I-64, EXIT 44 & SR-3",Beckley,WV,3.599,37.793214,-81.206084
I-69 TRUCKSTOP TRAVEL CENTER,"I-69, EXIT 184 & SR-19",Memphis,MI,3.499,42.905955,-82.769623
REBEL TRUCK STOP,"I-5, EXIT 27",Kalama,WA,4.499,46.011229,-122.816588
PILOT TRAVEL CENTER #302,"I-10, EXIT 13 & CR-30",Theodore,AL,3.159,30.544374,-88.180748
EXPRESSWAY MOBIL,US-63 & US-167,El Dorado,AR,3.599,33.20735,-92.662856
76 DBA ONE9 #1415,"I-75, EXIT 49",Lake Panasoffkee,FL,3.1723,28.795261,-82.136279
PETRO STOPPING CENTER #322,"I-285, EXIT 12",Atlanta,GA,3.4457,33.749788,-84.31685
FRIENDLY EXPRESS #31,US-1 & US-301,Folkston,GA,3.099,30.850838,-82.011617
MCCLURE OIL #9,US-31 & SR-18,Kokomo,IN,3.839,40.49884,-86.145273
RUSSELL 24/7,"I-70, EXIT 184",Russell,KS,3.0073,38.880563,-98.859451
CASEYS #4459,"I-64, EXIT 265",Mayfield,KY,3.249,36.732686,-88.650637
SHELL,US-84 & SR-28,Jonesville,LA,3.399,31.636486,-91.845812
SHOP A LOTT #10,"I-49, EXIT 138 & SR-6",Natchitoches,LA,3.1257,31.761688,-93.091572
BEACON & BRIDGE #7,"I-75, EXIT 126",Mount Morris,MI,3.379,43.11601,-83.689523
SPRINT MART #27,US-45 & US-72,Corinth,MS,3.0557,34.93236,-88.543884
BLUE SKY #734,SR-1,Saltillo,MS,3.0823,34.383128,-88.66736
FLYING J TRAVEL PLAZA #923 -TOWN PUMP,"I-90, EXIT 455",Billings,MT,3.5807,45.774489,-108.500452
PILOT #7983,"I-85,  EXIT 71",Salisbury,NC,3.499,35.651498,-80.488945
SROKAS SERVICE CENTER,SR-149,Fort Ann,NY,3.799,43.428457,-73.478381
Sudden Service #8087,I-40 EXIT 238,Lebanon,TN,3.199,36.209792,-86.302367
Sinclair,"I-82, EXIT 69",Sunnyside,WA,4.599,46.321273,-120.012631
PILOT TRAVEL CENTERS #296,"I-94 & BAKER RD, EXIT 167",Dexter,MI,3.499,42.35832,-83.900028
One9 #319,"I-75, EXIT 328",Dalton,GA,3.0157,34.7697,-84.9702
Pilot Travel Center #318,"I-465/I-74/US-52/US-40/SR-67, EXIT 4 & SR-37",Indianapolis,IN,3.899,39.938417,-86.13894
FLYING J TRAVEL PLAZA #758,"I-25, EXIT 185 & SR-258",Casper,WY,3.999,42.845763,-106.316571
PILOT TRAVEL CENTERS #321,"I-75/71, EXIT 175 & SR-338",Walton,KY,3.0857,38.887491,-84.63277
PILOT TRAVEL CENTERS #311,"I-90, EXIT 27 & SR-97",Erie,PA,4.2157,42.125962,-80.08601
PILOT TRAVEL CENTERS #308,"I-80 , EXIT 310",Laramie,WY,3.609,41.312907,-105.581146
PILOT TRAVEL CENTER #1412,"I-94 & RUSSELL RD, EXIT 1",Wadsworth,IL,3.769,42.446032,-87.904048
TA SOUTHINGTON TRAVEL CENTER,"I-84, EXIT 28 & US-65",Milldale,CT,5.199,41.565833,-72.892222
PILOT TRAVEL CENTERS #67,"I-75, EXIT 296",Cartersville,GA,3.549,34.186975,-84.820401
FLYING J TRAVEL PLAZA #763,"I-80, EXIT 209",Rawlins,WY,3.749,41.795131,-107.234883
FLYING J TRAVEL PLAZA #726,"I-20, EXIT 472",Dallas,TX,3.1823,32.996848,-96.792113
FLYING J TRAVEL PLAZA #735,"I-10, EXIT 873 & SR-62",Orange,TX,3.309,30.125167,-93.771883
ONE9 #294,"I-15 & I-84, EXIT 344 SR-39",Ogden,UT,3.3257,41.2443,-112.0072
SPEEDWAY #2953,"US-80, EXIT 3",Yuma,AZ,3.4657,32.701507,-114.642362
PETRO STOPPING CENTER #303,"I-80, EXIT 310",Laramie,WY,3.5757,41.312907,-105.581146
CHEVRON,US-60,Globe,AZ,4.299,33.402426,-110.789247
PILOT TRAVEL CENTERS #192,"I-75, EXIT 60",Tifton,GA,3.599,31.450278,-83.508611
Rocket,"I-25/US-85/US-87, EXIT 161 & SR-105",Monument,CO,3.195,39.100726,-104.85416
PILOT TRAVEL CENTERS #222,I-84 EXIT 1,Sturbridge,MA,4.159,42.112619,-72.084233
GREATER CHICAGO I 55,"I-55, EXIT 267 & SR-53",Bolingbrook,IL,3.319,41.697605,-88.087315
CIRCLE K #2721577,US-84 & SR-21,Monroeville,AL,3.434,31.51533,-87.340993
NEIGHBORS EXPRESS,US-25/SR-121/SR-23/SR-67,Millen,GA,3.3823,32.787739,-81.961807
IGA EXPRESS SHELL #874,"I-65, EXIT 20",Bowling Green,KY,2.999,37.007874,-86.455891
415 TRUCK STOP,"I-10, EXIT 151 & SR-415",Port Allen,LA,3.089,30.471983,-91.254088
LONGHORN TRUCK AND CAR PLAZA,"I-10, EXIT 4",Vinton,LA,3.274,30.201523,-93.572808
Fast Stop,"I-10, EXIT 182 & SR-22",Sorrento,LA,3.699,30.185388,-90.86314
CASEYS #3002,SR-60 & SR-30/SR-4,Saint James,MN,3.219,43.987519,-94.622935
CIRCLE K #2723445,"I-20, EXIT 5A & US-61/SR-27",Vicksburg,MS,2.959,32.325824,-90.85065
BOLLA MARKET,"I-95, EXIT 13",Elizabeth,NJ,3.099,40.67169,-74.204335
POWER,"I-78, EXIT 58 & SR-9/SR-1",Newark,NJ,4.299,40.7308,-74.1744
MIRABITO #69,"I-88, EXIT 15 & SR-23",Oneonta,NY,3.999,42.462453,-75.049072
MR FUEL #715,"I-70, EXIT 203",Foristell,MO,2.9257,38.762557,-90.934328
KWIK TRIP #775,"I-90, EXIT 69 & SR-82",Mauston,WI,3.2873,43.793383,-90.064085
SHELL,"I-295, EXIT 3",Disputanta,VA,3.029,37.148268,-77.273172
KWIK FILL #249,US-22,Duncansville,PA,4.0723,40.426228,-78.43833
STAMART 1224,"I-94, EXIT 166",Bismarck,ND,3.6157,46.823448,-100.774755
QUARLES #4436,"I-695, EXIT 41 & SR-151",Dundalk,MD,3.699,39.26486,-76.502484
SHELL,"I-75, EXIT47 & SR-85",Detroit,MI,3.699,42.347429,-83.060398
PAYLESS FUEL TRAVEL CENTER,"I-20, EXIT 470",Dallas,TX,2.9857,32.996848,-96.792113
SPEEDWAY #2376,US-131 & SR-46,Cedar Springs,MI,3.899,43.22148,-85.545238
PILOT TRAVEL CENTERS #335,"I-20 & SR-137, EXIT 138",Rayville,LA,3.2123,32.468938,-91.7643
MOORES SUPER STORE,US-43/US-278/SR-171,Hamilton,AL,3.799,34.153413,-88.008521
ALMA TRAVEL MART,"I-40, EXIT 13 & US-71",Alma,AR,3.3323,35.500043,-94.207337
DOSWELL TRUCK STOP,"I-95, EXIT 98 & SR-30",Doswell,VA,2.899,37.841682,-77.512521
FLYING J TRAVEL PLAZA #601,"I-20/I-59, EXIT 104",Mc Calla,AL,3.1707,33.284546,-87.102379
PILOT TRAVEL CENTERS #337,"I-95, EXIT 164 & US-52",Florence,SC,3.349,34.18375,-79.772786
Flying J Travel Plaza #696,"I-71, EXIT 131",Sunbury,OH,3.719,40.265499,-82.851051
MARATHON,"I-55, EXIT 265 & SR-4",Senatobia,MS,3.199,34.632306,-89.885501
FLYING J TRAVEL PLAZA #711,"I-85, EXIT 102",Blacksburg,SC,3.429,35.115047,-81.508004
CASEYS #3004,SR-15 & CR-52,Truman,MN,3.299,43.820008,-94.431862
PILOT TRAVEL CENTERS #324,"I-94/US-41, EXIT 329",Franksville,WI,3.889,42.785892,-87.987273
LOVES TRAVEL STOP #267,"I-40, EXIT 107 & SR-95",Morrilton,AR,3.3607,35.169227,-92.735436
FLYING J TRAVEL PLAZA #665,"I-20, EXIT 3 & SR-79",Greenwood,LA,3.1457,32.424025,-93.969252
FLYING J TRAVEL PLAZA #676,"I-10, EXIT 31",Gulfport,MS,3.1457,30.382556,-89.097618
PETRO WELLS,"I-80, EXIT 352",Wells,NV,3.7323,41.129798,-114.532752
FLYING J TRAVEL PLAZA #636,"I-80, EXIT 292",Davenport,IA,3.8723,41.5218,-90.5743
SAPP BROS TRAVEL CENTER,"I-215, EXIT 21",Salt Lake City,UT,3.399,40.755851,-111.896657
PILOT TRAVEL CENTERS #360,"I-75 & SR-613, EXIT 164",Findlay,OH,3.3157,41.044167,-83.65
Mobil dba ONE9 #1341,"I-5, EXIT 208",Arlington,WA,3.799,48.18293,-122.112126
SHEETZ #194,"I-80, EXIT 97",Falls Creek,PA,3.3073,41.145505,-78.812791
KWIK TRIP #674,"I-94, EXIT 45 & US-12/SR-29",Menomonie,WI,3.499,44.87182,-91.92651
PILOT TRAVEL CENTER #908- TOWN PUMP,"I-15 & I-90, EXIT 122",Butte,MT,3.5657,45.991579,-112.517807
J MART #322,"I-65, EXIT 322",Falkville,AL,3.199,34.347653,-86.913086
PILOT TRAVEL CENTERS #340,"I-80, EXIT 46",Fernley,NV,3.9157,39.601888,-119.235044
PILOT TRAVEL CENTERS #338,"I-26, EXIT 115 & US-321",West Columbia,SC,3.499,33.995024,-81.088836
CHEVRON FOOD MART,"I-75, EXIT 350 & SR-2",Ringgold,GA,2.859,34.92052,-85.154908
WOODBINE TRAVEL CENTER,"I-95, EXIT 14",Woodbine,GA,3.0323,30.943692,-81.678313
CM WINNERS CHOICE,"I-10 & SR-108, EXIT 23",Sulphur,LA,3.299,30.219001,-93.363911
NEW MADRID,"I-55, EXIT 52/SR-P",New Madrid,MO,3.269,36.607284,-89.536645
CIRCLE K #2723395,US-11,Hattiesburg,MS,3.199,31.314553,-89.306471
PILOT #6990,"I-95, EXIT 106",Kenly,NC,3.709,35.607742,-78.138227
PILOT #1290,"I-35, EXIT 410 & US-77",Red Oak,TX,3.299,32.516096,-96.820337
PLAINVIEW TRAVEL PLAZA,"US-41, EXIT 113 & SR-26",Oshkosh,WI,3.199,44.021962,-88.543635
PILOT TRAVEL CENTERS #6,"I-70, EXIT 178 & SR-209",Cambridge,OH,3.509,40.030501,-81.591277
LOVES TRAVEL STOP #266,"I-35, EXIT 32",Ardmore,OK,3.649,34.176681,-97.134157
PILOT TRAVEL CENTERS #317,"I-44, EXIT 4 (ST 435)",Joplin,MO,3.4123,37.096858,-94.505144
PILOT TRAVEL CENTER #332,"I-40, EXIT 161 & SR-391",North Little Rock,AR,3.237,34.766974,-92.265376
FLORENCE VALERO,US-130,Burlington,NJ,3.1357,40.068015,-74.845353
PILOT TRAVEL CENTERS #341,"I-15, EXIT 48",North Las Vegas,NV,3.6957,36.4475,-114.851389
7-ELEVEN #40118,ST 220 & I-180,Muncy,PA,4.359,41.213715,-76.763258
FLYING J TRAVEL PLAZA #605,"I-40, EXIT 84",Russellville,AR,3.369,35.284208,-93.131476
FLYING J TRAVEL PLAZA #784,"I-95, EXIT 100 & SR-272",North East,MD,4.199,39.604535,-75.953805
FLYING J TRAVEL PLAZA #712,"I-20, EXIT 70",Columbia,SC,3.4323,34.072613,-81.179617
FLYING J TRAVEL PLAZA #703,"I-40, EXIT 140",Oklahoma City,OK,3.309,35.3337,-97.4922
LOVES TRAVEL STOP #269,US-287/US-82/SR-79 & US-281,Wichita Falls,TX,3.123,33.905284,-98.497645
QUIKTRIP #562,"I-80, EXIT 136",Des Moines,IA,3.0473,41.6005,-93.6088
FLYING J TRAVEL PLAZA #695,"I-75, EXIT 135",Beaverdam,OH,3.3307,40.833333,-83.976667
FLYING J TRAVEL PLAZA #708,"I-81, EXIT 52",Carlisle,PA,4.109,40.203877,-77.199526
FLYING J TRAVEL PLAZA #743,"I-15, EXIT 222",Nephi,UT,3.7157,39.692275,-111.8359
PILOT TRAVEL CENTERS #17,"I-94, EXIT 104",Battle Creek,MI,3.959,42.3053,-85.1389
PETRO FARGO #361,"I-94, EXIT 348",Fargo,ND,3.499,46.900878,-96.793577
LOVES TRAVEL STOP #418,"I-64, EXIT 172",Grayson,KY,3.7557,38.328037,-82.965087
PETRO CARNESVILLE #377,"I-85, EXIT 160",Carnesville,GA,3.154,34.394723,-83.279209
LOVES TRAVEL STOP #268,US6-9 & US-75,Atoka,OK,3.489,34.34451,-96.141827
KING TRAVEL PLAZA,"I-95, EXIT 6",Kingsland,GA,3.109,30.797681,-81.707483
FLYING J TRAVEL PLAZA #659,"I-70, EXIT 253",Salina,KS,3.7723,38.823802,-97.608787
KWIK STAR #303,"I-80, EXIT 201 & US-21",Brooklyn,IA,3.129,41.732147,-92.428462
Valero,SR-9,Maysville,KY,3.599,38.619716,-83.758858
JOES JUNCTION #9,"I-65, RAYMOND EXIT",Indianapolis,IN,3.459,39.938417,-86.13894
LOVES TRAVEL STOPS #270,"I-20, EXIT 349",Ranger,TX,3.189,32.46809,-98.674659
FLYING J TRAVEL PLAZA #678,"I-20 & I-55, EXIT 47",Pearl,MS,3.149,32.276837,-90.102714
FLYING J TRAVEL PLAZA #671,"I-55, EXIT 58",Matthews,MO,3.239,36.807528,-89.576833
FLYING J TRAVEL PLAZA #612,"I-40, EXIT 255",Winslow,AZ,3.624,35.16078,-110.511382
STRIPES 7FLEET #42562,US-84 & US-385,Littlefield,TX,3.199,33.921195,-102.320697
DANDY MINI MART #19,"ROUTE 17, EXIT 59-A",Sayre,PA,3.9923,41.984222,-76.521757
PETRO STOPPING CENTER #323,"I-75, EXIT 368",Reddick,FL,3.3523,29.375352,-82.243995
QUIKTRIP #150,"I-70, EXIT 28",Oak Grove,MO,2.959,38.998456,-94.139946
BIG SKY TRUCK STOP,"I-15, EXIT 56 N",Dillon,MT,3.689,45.23394,-112.640452
FLYING J FUEL STOP #768,"I-435, EXIT 57",Kansas City,MO,3.3823,39.163189,-94.569882
LEES FOOD MART #1122,"I-75, EXIT 122 & SR-61",Clinton,TN,2.969,36.08688,-84.189735
PWI #115,"I-45, EXIT 178",Buffalo,TX,2.899,31.457151,-96.058516
TA Express Osseo #431,"I-94, EXIT 88",Osseo,WI,3.469,44.559923,-91.219148
PILOT TRAVEL CENTERS #331,"I-285 , EXIT 51",Atlanta,GA,3.599,33.749788,-84.31685
PANTRY TRUCKSTOP,US-2/US-41,Rapid River,MI,3.319,45.910662,-86.88449
FLYING J TRAVEL PLAZA #624,"I-75, EXIT 285 & SR-52",San Antonio,FL,3.599,28.337139,-82.288237
CIRCLE K #2723910,US-84 & US-27,Bainbridge,GA,3.599,30.9355,-84.5809
Henderson Fuel Mart,"I-80, EXIT 342",Henderson,NE,2.899,40.781374,-97.797865
SPEEDWAY #3328,"I-77, EXIT 159 A",Cleveland,OH,3.799,41.4918,-81.6757
PILOT TRAVEL CENTERS #404,"I-24, EXIT 81 SE",Murfreesboro,TN,3.4723,35.7913,-86.357
PILOT TRAVEL CENTERS #374,"I-10, EXIT 142 & SR-71",Marianna,FL,3.599,30.758587,-85.229367
FLYING J TRAVEL PLAZA #672,"I-49/US-71, EXIT167 & CR-J",Peculiar,MO,3.4223,38.716453,-94.44053
FLYING J TRAVEL PLAZA #689,"I-40, EXIT 153",Albuquerque,NM,3.549,35.0936,-106.6423
SPRINT MART #40,US-72 & SR-247,Tuscumbia,AL,3.189,34.687432,-87.683259
LOVES TRAVEL STOP #271,"I-40, EXIT 37 & US-219",Ozark,AR,3.3923,35.524645,-93.837423
MOBIL,"I-87, EXIT 36",Plattsburgh,NY,3.799,44.692715,-73.465969
FLYING J TRAVEL PLAZA #631,"I-75, EXIT 2",Lake Park,GA,3.3223,30.690615,-83.175293
FLYING J TRAVEL PLAZA #669,"I-44, EXIT 11A & US-71/SR-249 & SR-FF",Joplin,MO,3.4123,37.096858,-94.505144
PILOT TRAVEL CENTERS #377,"I-35, EXIT 13",Laredo,TX,3.599,27.515538,-99.498579
YUMM,"I-35, EXIT 8",Laredo,TX,2.8757,27.515538,-99.498579
PILOT TRAVEL CENTERS #775,"I-15, EXIT 4",Saint George,UT,3.6757,37.106651,-113.595261
PILOT TRAVEL CENTER #329,"I-29 & I-80, EXIT 1B",Council Bluffs,IA,3.659,41.252954,-95.880992
LOVES TRAVEL STOP #405,"I-95, EXIT 29",Brunswick,GA,3.321,31.169652,-81.493045
TA WILLCOX TRAVEL CENTER,"I-10, EXIT 340",Willcox,AZ,3.2823,32.372977,-109.863111
JRs Oasis,SR-50,Yankton,SD,3.149,42.882086,-97.398624
SUPERPUMPER #22,"I-94, EXIT 42",Belfield,ND,3.529,46.887728,-103.179515
PILOT TRAVEL CENTERS #380,"I-81, EXIT 25 & I-90, EXIT 36",Liverpool,NY,4.159,43.109925,-76.186999
STRIPES #42564,US-87,Lubbock,TX,3.199,33.586527,-101.860634
FLYING J TRAVEL PLAZA #661,"I-65, EXIT 2 & US-31W",Franklin,KY,3.169,36.725353,-86.570043
FLYING J TRAVEL PLAZA #749,"I-95, EXIT 104",Ruther Glen,VA,3.619,37.945059,-77.47135
PILOT TRAVEL CENTERS #348,"I-70, EXIT 32B",Bentleyville,PA,4.109,40.118702,-80.006987
7-ELEVEN #40281,"I-476,  EXIT 35/95",Jim Thorpe,PA,3.589,40.870002,-75.739665
7-ELEVEN #40278,"I-81, EXIT 44 & I-76",Plainfield,PA,3.9673,40.203056,-77.290278
7-ELEVEN #40283,"I-76, EXIT 19/247",Middletown,PA,3.9707,40.204086,-76.733127
7-ELEVEN #40285,"I-76, EXIT 21/286",Bowmansville,PA,3.9707,40.196667,-76.017778
LOVES TRAVEL STOP #236,"I-40, EXIT 161 & SR-391",North Little Rock,AR,3.2207,34.766974,-92.265376
7-ELEVEN #40277,"I-76, EXIT 16/226",Newburg,PA,4.299,40.13333,-77.566915
CASEYS #3364,US-281 & SR-200,Carrington,ND,3.439,47.453918,-99.108226
PILOT TRAVEL CENTERS #39,"I-57, EXIT 335",Monee,IL,3.399,41.419133,-87.77484
PILOT TRAVEL CENTERS #409,"I-40, EXIT 172",Dickson,TN,3.1923,36.076014,-87.399532
PILOT #7971,"I-40, EXIT 133",Conover,NC,3.699,35.731343,-81.216455
TA HARBORCREEK TRAVEL CENTER,"I-90, EXIT 35",Erie,PA,4.199,42.125962,-80.08601
STRIPES #40530,SR-239,Del Rio,TX,3.229,29.373881,-100.891555
STRIPES 7FLEET #42568,US-60 & CR-G,Hereford,TX,3.3507,34.837037,-102.40503
PILOT TRAVEL CENTERS #4,"I-90, EXIT 151",Avon,OH,3.879,41.446713,-82.020359
PILOT TRAVEL CENTERS #28,I-69 EXIT 234,Daleville,IN,3.519,40.125738,-85.511016
PILOT TRAVEL CENTERS #63,"I-85, EXIT 35",Piedmont,SC,3.2223,34.724433,-82.470216
GOODLAND 24/7 STORE,"I-70, EXIT 19",Goodland,KS,3.0873,39.349099,-101.716396
CORNER MARKET #111,"I-70, EXIT 27",Goodland,KS,3.059,39.349099,-101.716396
STRIPES 7FLEET #42567,I-20,Stanton,TX,3.0157,32.139992,-101.809887
TA WILLINGTON TRAVEL CENTER,"I-84, EXIT 71",Willington,CT,5.199,41.873996,-72.272774
PILOT TRAVEL CENTERS #390,"I-84, EXIT 188 & US-395",Stanfield,OR,3.469,45.785988,-119.211602
FLYING J TRAVEL PLAZA #673,"I-44, EXIT 226 & SR-85",Sullivan,MO,3.324,38.230706,-91.156662
FLYING J TRAVEL PLAZA #627,"I-95/SR-405, EXIT 29 & US-82/US-17/SR-25/SR-520",Brunswick,GA,3.3957,31.169652,-81.493045
Pride Travel Center dba One9 #1215,"I-10, EXIT 45",Salome,AZ,3.359,33.748141,-113.571459
LOVES TRAVEL STOP #413,"I-90, EXIT 106 & US-97",Ellensburg,WA,3.829,46.999632,-120.516274
PILOT TRAVEL CENTERS #386,"I-5, EXIT 263",Salem,OR,3.859,44.926039,-122.979692
LOVES TRAVEL STOP #451,"I-65, EXIT 95 & CR-500",Whiteland,IN,3.949,39.555313,-86.093476
PILOT TRAVEL CENTERS #57,"I-40 & I-85, EXIT 152",Mebane,NC,3.959,36.097862,-79.271895
PETRO STOPPING CENTER #362,"I-80, EXIT 353",York,NE,3.299,40.866678,-97.582482
E EXPRESS at MLK,"I-40 & I-35, EXIT 127",Oklahoma City,OK,2.889,35.3337,-97.4922
LOVES TRAVEL STOP #414,"I-64, EXIT 25B & US-41",Haubstadt,IN,3.949,38.189536,-87.579827
STRIPES 7FLEET #42555,"I-20, EXIT 80 & SR-18",Monahans,TX,2.929,31.581294,-102.900273
SPEEDWAY #8316,US-30 & US-41,Dyer,IN,3.649,41.491976,-87.510803
One9 #61,"I-26, EXIT 52 & SR-56",Clinton,SC,3.099,34.470692,-81.87717
Minit Mart #3,HIGHWAY 277 & FM 1589,Eagle Pass,TX,3.199,28.702786,-100.48176
ONE9 #058,"I-95, EXIT 180 & SR-48",Pleasant Hill,NC,3.399,36.521246,-77.519217
FLYING J TRAVEL PLAZA #619,"I-70, EXIT 285",Aurora,CO,3.3923,39.737809,-104.815233
FLYING J TRAVEL PLAZA #699,"I-70, EXIT 122",Millersport,OH,3.4457,39.899307,-82.528348
Stripes #42566,US-67 & SR-158,Ballinger,TX,3.0557,31.746836,-99.958927
FLYING J TRAVEL PLAZA #623,"I-10, EXIT 192 & US-90",Midway,FL,3.799,30.495278,-84.454444
TA NEW BRAUNFELS TRAVEL CENTER,"I-35, EXIT 193",New Braunfels,TX,3.449,29.694733,-98.113041
PILOT TRAVEL CENTERS #47,"I-275, EXIT 129",Georgetown,KY,3.2057,38.211712,-84.556179
TRAVELING TIGER CENTER,"I-10, EXIT 87",Sierra Blanca,TX,3.1557,31.193821,-105.321874
LOVES TRAVEL STOP #274,"I-40, EXIT 221 & SR-27",Okemah,OK,3.3557,35.447516,-96.306788
LOVES TRAVEL STOP #276,"I-10, EXIT 20",Lordsburg,NM,3.4573,32.314032,-108.754657
LOVES TRAVEL STOP #281,"I-35 WEST, EXIT 40",Fort Worth,TX,3.1873,32.7469,-97.3268
EXXON,"I-20/I-59, EXIT 17 & SR-28",Livingston,AL,2.979,32.588509,-88.173592
PETRO STOPPING CENTER #378,I-81 EXIT 178B,Pittston,PA,4.1657,41.317501,-75.788492
EXPRESS LANE TRAVEL CENTER,"I-20, EXIT 100 & US-80",Lawrence,MS,3.299,32.287614,-89.272432
COLUMBIA TRUCK STOP,US-46,Columbia,NJ,3.079,40.938805,-75.054983
FLYING J TRAVEL PLAZA #738,"I-20/FM707, EXIT 277",Tye,TX,3.124,32.447728,-99.868434
PILOT TRAVEL CENTER #907- TOWN PUMP,"I-94, EXIT 138",Miles City,MT,3.499,46.407459,-105.833193
PILOT TRAVEL CENTERS #336,"I-80, EXIT 97 & US-219",Du Bois,PA,4.034,41.126039,-78.752698
STRIPES 7FLEET #42433,US-277,Bronte,TX,3.474,31.878939,-100.298765
LOVES TRAVEL STOP #404,"I-295, EXIT 56 & I-95, EXIT 7",Bordentown,NJ,3.979,40.143141,-74.703249
PILOT TRAVEL CENTER #91,"I-95, EXIT 329",Saint Johns,FL,3.424,30.095578,-81.621701
PILOT TRAVEL CENTERS #145,"I-40/US-71/US-62, EXIT 72 AND US-412",Springdale,AR,3.459,36.183521,-94.176216
KWIK STAR #348,US-30/US-67,Clinton,IA,3.624,41.851684,-90.207784
LOVES TRAVEL STOP #275,"I-40/US-63, EXIT 233 & SR-261",Palestine,AR,3.3157,34.966346,-90.904929
LOVES TRAVEL STOP #278,"I-40, EXIT 277",Joseph City,AZ,3.6073,34.955833,-110.333333
LOVES TRAVEL STOP #286,"I-10, EXIT 17",Quartzsite,AZ,3.949,33.5675,-114.2731
LOVES TRAVEL STOP #415,"I-95 & OKEECHOBEE RD, EXIT 129",Fort Pierce,FL,3.5057,27.438233,-80.443963
PILOT TRAVEL CENTER #312,"I-20/SR-402, EXIT 5 & SR-100",Tallapoosa,GA,3.389,33.760174,-85.300047
PILOT TRAVEL CENTER #249,"I-70/I-55, EXIT 18 & SR-162",Troy,IL,3.379,38.724275,-89.870848
FLYING J TRAVEL PLAZA #747,"I-15, EXIT 261",Springville,UT,3.7657,40.162528,-111.598664
SUNSTOP #625,US-84,Ashford,AL,3.599,31.1888,-85.253488
SUNSTOP #619,US-84,Daleville,AL,3.399,31.281091,-85.730473
SUNSTOP #606,US-84/SR-167,Enterprise,AL,3.699,31.340789,-85.842111
HOBO PANTRY #18,US-431,Headland,AL,3.599,31.353406,-85.332277
OCS QUICK STOP,US-43/SR-13,Mount Vernon,AL,3.699,31.097375,-88.035044
HOP-IN FOOD STORES,US-82 & SR-22,Maplesville,AL,3.399,32.804507,-86.871704
PILOT #1180,"I-10, EXIT 94",Tonopah,AZ,3.899,33.422797,-112.952785
TA EXPRESS #649,"I-25, EXIT 52",Walsenburg,CO,4.259,37.638159,-104.804301
BERKSHIRE PETROLEUM,"I-91, EXIT 9",North Haven,CT,3.549,41.382156,-72.85852
ZELLWOOD TRUCK STOP,US-441,Zellwood,FL,3.499,28.71944,-81.576174
SUNSTOP #419,US-19,Camilla,GA,3.499,31.219915,-84.229683
CIRCLE K #2723903,US-82 & SR-520,Dawson,GA,3.499,31.773333,-84.446667
96 TRAVEL PLAZA,"I-16, EXIT 24",Jeffersonville,GA,3.399,32.741096,-83.385896
CIRCLE K #2745152,US-19,Pelham,GA,3.499,31.127233,-84.156367
KWIK STAR #711,US-18/US-52,Monona,IA,3.624,43.073485,-91.458677
PETRO MART,"I-29, EXIT 112",Onawa,IA,3.1573,42.036967,-96.107213
STINKER #74,"I-84, EXIT 137",Bliss,ID,3.634,42.944859,-114.910387
METRO,"I-95, EXIT 12",Avenel,NJ,3.299,40.582568,-74.278522
HUCKS FOOD & FUEL #186,US-51/CR-1450 & US-136,Heyworth,IL,3.479,40.3307,-88.977608
BOLLA MARKET,"I-84, EXIT 1",Montague,NJ,3.519,41.302259,-74.753956
CHUCKLES #27,SR-57,Washington,IN,3.339,38.653568,-87.170656
24-7,"I-70, EXIT 53 & SR-25",Colby,KS,3.0557,39.383038,-101.044169
JUMP START #9,"I-35, EXIT 4",South Haven,KS,3.069,37.049997,-97.404228
CRVS #7,SR-96 & SR-27,Tribune,KS,3.399,38.496219,-101.765584
LITTLE CAPITOL EXXON,"I-10, EXIT 115",Breaux Bridge,LA,3.899,30.274955,-91.905899
EXIT 80 TRAVEL PLAZA,"I-10, EXIT 80",Crowley,LA,3.109,30.214753,-92.377709
BEAU CHENE TRUCK STOP,"I-49, EXIT 11",Grand Coteau,LA,3.399,30.419722,-92.046667
WHITE MARSH TRUCK STOP,US-40,White Marsh,MD,3.369,39.392315,-76.413189
CIRCLE K #4707001,"I-95, EXIT 264 & SR-158",Sherman,ME,3.9323,45.877727,-68.369587
FUEL MART OF AMERICA,"I-75, EXIT 59",Detroit,MI,3.499,42.347429,-83.060398
SUNRISE CONVENIENCE STORE #29,"I-69, EXIT 184",Memphis,MI,3.499,42.905955,-82.769623
SPEEDWAY #8748,"I-69, EXIT 6",Flint,MI,3.339,43.0233,-83.6856
CHARLIES COUNTRY CORNER,"I-75, EXIT 271",Grayling,MI,3.799,44.670959,-84.691321
LAKESHORE BP,US-2,Manistique,MI,3.499,45.982978,-86.275513
SNAPPY FOOD MART,ST 60,Tekonsha,MI,3.589,42.086326,-84.992602
True North #254,US-31 & SR-37,Traverse City,MI,3.729,44.74365,-85.618869
DORR TRUCK STOP,"US-131, EXIT 68",Wayland,MI,3.499,42.664268,-85.619112
KWIK TRIP #875,"I-90, EXIT 157, BRIDGE ST ENTRANCE",Albert Lea,MN,3.324,43.653678,-93.370672
PETRO SERVE USA #54,US-10,Glyndon,MN,3.449,46.882023,-96.558338
FLYING W CONVENIENCE STORE,SR-96,Carthage,MO,3.199,37.159686,-94.311232
FLYING J #571,"I-57, EXIT 12 & US-60",Charleston,MO,3.559,36.921341,-89.334207
PILOT TRAVEL CENTERS #385,US-54 & SR-13,Collins,MO,3.4957,37.880998,-93.660849
FAST LANE #50,US-54/SR-19,Laddonia,MO,3.1573,39.259328,-91.689348
AMOCO,US-63/US-136,Lancaster,MO,3.249,40.525265,-92.526403
WINDSTARS #5101,"I-435, EXIT 57",Kansas City,MO,3.099,39.163189,-94.569882
CASEYS #4399,"I-70, EXIT 175",New Florence,MO,2.949,38.902309,-91.490861
Kangaroo Crossing #1107,"I-20, EXIT 68 & SR-43",Pelahatchie,MS,3.199,32.317994,-89.79135
TOWN PUMP FOOD STORE #610,"I-90, EXIT 333",Livingston,MT,3.644,45.654587,-110.560907
CAN AM C STORE,SR-16,Plentywood,MT,3.499,48.778825,-104.560032
MINUTEMAN FOOD MART #20,US-74 & US-76,Whiteville,NC,3.4607,34.324142,-78.716048
PUMP & PANTRY #35,US-183,Alma,NE,3.459,40.118853,-99.360073
BONS BONS MOBIL,US-3,Merrimack,NH,3.699,42.866689,-71.51278
ENRITE,US-9,Linden,NJ,3.3423,40.635366,-74.255567
Circle K #4706716,SR-71 & SR-47,Yorkville,IL,3.499,41.638725,-88.443794
HAHN OIL,US-36,Coshocton,OH,3.299,40.275412,-81.866033
TRUE NORTH #704,"I-75, EXIT 56A",Dayton,OH,3.799,39.765396,-84.099802
Anna Truck Stop,"I-75, EXIT 99",Anna,OH,3.0157,40.405105,-84.210344
MOTOMART #4129,ST 309,Marion,OH,3.3423,40.5886,-83.1286
FUEL MART #701,"I-480/I-271, EXIT 23 & SR-8",Bedford,OH,3.529,41.392067,-81.52315
BELL STORES #50,ST 3,Wooster,OH,3.599,40.809354,-81.948272
PETES #11,US-75,Dewey,OK,3.154,36.80125,-95.93454
FEGLEY VALERO,SR-309,Tamaqua,PA,3.599,40.798319,-75.97353
CIRCLE K #2723873,US-17,Georgetown,SC,2.899,33.430776,-79.323459
FLASH MARKET #302,SR-9 & SR-151,Pageland,SC,3.3857,34.772193,-80.396615
ENMARKET #892,"I-95, EXIT 150",Harleyville,SC,3.399,33.220511,-80.450094
CORNER PANTRY #25,US-14,Huron,SD,3.079,44.359022,-98.216293
TEXACO #380031,ST 21W,Bryan,TX,3.399,30.632698,-96.36616
SHELL,US-96 & SR-62/FM-1004,Buna,TX,3.1023,30.413209,-93.991263
CIRCLE K #2706340,"I-20, EXIT 533",Canton,TX,2.7757,32.514301,-95.904657
CIRCLE K #2744522,"I-30, EXIT 201  I-30 & SR-8",New Boston,TX,2.9423,33.462119,-94.433882
CEFCO #2070,"I-27, EXIT 49",Plainview,TX,2.8323,34.196194,-101.725896
CEFCO #2006,"I-40, EXIT 163",Shamrock,TX,3.099,35.220596,-100.262152
SPEEDWAY #4633,US-220/US-221/US-460,Roanoke,VA,3.399,37.2725,-79.953
BJS AUTO TRUCK PLAZA,SR-28,Rock Island,WA,3.999,47.370558,-120.137794
RIVER COUNTRY PLAZA,"SR-29, EXIT 91",Cadott,WI,3.3973,44.963014,-91.169884
DARLINGTON MINI MART,SR-23 & SR-81,Darlington,WI,3.399,42.687816,-90.110648
HOLIDAY STATIONSTORE #2746229,US-53/US-2,Superior,WI,3.339,46.701552,-92.091174
EXXON ON THE RUN,US-62/US-412 & SR-126,Gassville,AR,3.695,36.317525,-92.473637
SHELL DBA ONE9 #1244,"I-8, EXIT 115",Gila Bend,AZ,3.259,32.93059,-112.746832
PWI #502,"I-70/US-40, EXIT 259",Golden,CO,3.199,39.730548,-105.191528
REATA TRAVEL STOP,"I-76, EXIT 125",Sterling,CO,3.399,40.63062,-103.221183
CRVS STORE #6,US-385,Wray,CO,3.449,40.104917,-102.233751
BP,US-1 & US-341,Baxley,GA,3.599,31.783663,-82.348643
GAS N GO FOOD STORE,"I-75, EXIT 290/US-41",Cartersville,GA,2.9423,34.186975,-84.820401
NEIGHBORS EXPRESS,US-341/SR-27 & US-129 ALT/SR-340,Hawkinsville,GA,3.399,32.277834,-83.494763
Marathon,US-129,Eatonton,GA,3.399,33.312723,-83.36277
JP PERRY,"I-75, EXIT 138",Perry,GA,3.0823,32.46051,-83.728258
CIRCLE K #2723324,US-441/US-23/SR-15 & SR-17A/SR-385,Clarkesville,GA,3.439,34.644993,-83.524304
MARATHON,"I-20, EXIT 11",Lithia Springs,GA,2.8723,33.793889,-84.660556
SPRINT FOODS #722,US-1/SR-4/SR-17 & SR-24,Louisville,GA,4.099,33.016342,-82.383616
MARATHON #9,"I-475, EXIT 1",Macon,GA,3.039,32.84386,-83.598686
CIRCLE K #2745080,US-319/US-129/SR-90/SR-11,Ocilla,GA,3.6257,31.592944,-83.256542
EVANS FOOD MART,SR-20,Rome,GA,3.699,34.250726,-85.146501
JET FOOD STORE #4,US-1 & SR-78,Wadley,GA,3.4157,32.874742,-82.402459
BATAVIA GARDENS AND GAS,"US-34, EXIT 203",Batavia,IA,3.379,40.99048,-92.143059
KWIK STAR #712,US-218 & SR-27,Janesville,IA,3.599,42.646515,-92.479096
CASEYS #3639,US-18/US-52,Postville,IA,3.599,43.003619,-91.547809
BARRY TRAVEL PLAZA,"I-72, EXIT 20",Barry,IL,3.599,39.704662,-91.026482
SPEEDWAY #5400,CR-11 & CR-23,Bloomingdale,IL,3.759,41.94827,-88.07824
SPEEDWAY #7422,SR-43,Burbank,IL,3.619,41.744704,-87.769907
FREEDOM OIL #18,"I-74, EXIT 82",Edwards,IL,3.399,40.764362,-89.705344
EXPRESS LANE #50,"I-88, EXIT 10",Hillsdale,IL,3.699,41.592896,-90.226255
SPEEDWAY #7382,I-355 & SR-64,Lombard,IL,3.249,41.872139,-88.015988
RED ROOSTER TERMINAL,US-50/SR-250 & SR-130,Olney,IL,3.189,38.733389,-88.080936
Truckquest,"I-55, EXIT 286",Cicero,IL,3.599,41.845556,-87.753889
WENONA BP,"I-39/US-51, EXIT 35 & SR-17",Wenona,IL,3.499,41.054846,-89.041637
GAS AND STUFF,"I-64, EXIT 118",Georgetown,IN,3.799,38.302943,-85.961704
SPEEDWAY #6666,US-33,Goshen,IN,3.8157,41.584484,-85.837988
STERNBERG CITGO TRUCK STOP,"I-64, EXIT 57",Jasper,IN,3.759,38.404392,-86.940787
JACK FLASH,I-57 EXIT 135,Farina,IL,3.099,38.846902,-88.761412
7-ELEVEN #40504,"I-80/I=90, MM 56 EB",Rolling Prairie,IN,3.999,41.72286,-86.584092
SPEEDWAY #6674,"I-80/I-90, EXIT 72 & SR-31",South Bend,IN,3.6907,41.672699,-86.253489
J Mart #1,"HWY 50 E, HWY 83 N",Garden City,KS,3.529,37.97693,-100.862088
CENEX,US-36 & US-83,Oberlin,KS,3.159,39.827507,-100.531389
NORTH WEST TRUCK STOP,US-90 & SR-3211,Franklin,LA,3.399,29.785656,-91.502643
TOBACCO PLUS #5,"I-10, EXIT 4 & US-90",Vinton,LA,2.999,30.201523,-93.572808
GULF OIL LP #5020,"I-90, MM291",Blandford,MA,3.914,42.182949,-72.936114
Blandford Service Plaza Westbound,"I-90, EXIT MM29",Blandford,MA,3.919,42.182949,-72.936114
GULF #5165,"I-90, EXIT 12",Framingham,MA,4.0657,42.300665,-71.425486
GULF OIL #5035,I-90 MM 66.7,Ludlow,MA,3.914,42.172823,-72.471012
GULF OIL #5030,"I-90, EXIT 7",Ludlow,MA,3.909,42.172823,-72.471012
Applegreen,SR-15,Sturbridge,MA,3.999,42.112619,-72.084233
GULF OIL LP #5155,"I-90, EXIT 11",Westborough,MA,3.909,42.283,-71.6015
MARDELA GOOSE CREEK FOOD STORE,US-50,Mardela Springs,MD,3.979,38.486386,-75.741442
WESTOVER GOOSE CREEK,US-13 & SR-673,Westover,MD,3.259,38.10099,-75.740563
MARATHON,"US-10, EXIT 137",Bay City,MI,3.199,43.612165,-83.919885
HAGGERTY JOY MOBIL,I-275,Canton,MI,3.699,42.332013,-83.469524
MARATHON,US-10/US-127,Clare,MI,3.289,43.822318,-84.763463
MOTOR CITY TRUCK STOP,"I-75, EXIT 43",Detroit,MI,3.499,42.347429,-83.060398
HEARTLAND MOBIL,US-23,Fenton,MI,3.849,42.785098,-83.729351
SPEEDWAY #8753,"I-475, EXIT 4",Burton,MI,3.089,43.024493,-83.606295
CITGO,"US-131, EXIT 44",Kalamazoo,MI,3.499,42.273565,-85.545653
CIRCLE K #2746537,US-2 & US-41,Rapid River,MI,3.319,45.910662,-86.88449
PS Food Mart,I-69 EXIT 25,Tekonsha,MI,3.519,42.086326,-84.992602
Holiday StationStore #2746408,"I-35, EXIT 129",Forest Lake,MN,3.399,45.268499,-92.974894
CO-OP SERVICE,US-10 & CR-67,New York Mills,MN,3.499,46.555867,-95.404717
Northdale Oil,US-59 & SR-1,Thief River Falls,MN,3.239,48.110391,-96.167019
CIRCLE K #2746501,"I-90, EXIT 45 & SR-60",Worthington,MN,3.1423,43.628626,-95.605907
LOVES TRAVEL STOP #488,"I-55, EXIT 157 & SR-32",Bloomsdale,MO,3.3823,38.045112,-90.280548
FAST LANE #54,US-63,Columbia,MO,3.2073,38.938176,-92.304865
TEMP STOP #102,US-54 & SR-52,Eldon,MO,3.199,38.340127,-92.573619
HB OF RANDOLPH,"I-435, EXIT 55B & SR-210",Kansas City,MO,3.149,39.163189,-94.569882
Caseys #4540,"I-35, EXIT 40 & SR-116",Lathrop,MO,3.0757,39.517727,-94.309271
BREAK TIME #3071,US-24 & US-63,Moberly,MO,3.469,39.420239,-92.435793
MIDWEST PETROLEUM #21,"I-55, EXIT 129",Perryville,MO,2.9907,37.717437,-89.873664
TEXACO,US-49 & US-98,Hattiesburg,MS,3.199,31.314553,-89.306471
STUCKEYS EXPRESS #619,"I-59, EXIT 113 & SR-528",Heidelberg,MS,3.499,31.882031,-88.998052
CEFCO #501,US-45,Lauderdale,MS,2.899,32.502186,-88.495569
Blue Sky #717,US-72 & SR-15,Walnut,MS,3.099,34.952732,-88.905337
CHEVRON CURB STORE,US-49 & SR-26,Wiggins,MS,3.499,30.86095,-89.132369
TOWN PUMP FOOD STORE #8947,US-2,Chinook,MT,3.629,48.57985,-109.22246
TOWN PUMP FOOD STORE #3000,US-87,Lewistown,MT,3.599,47.056324,-109.420297
SPEEDWAY #8502,"I-75, EXIT 161 & CR-99",Findlay,OH,3.299,41.044167,-83.65
MINUTEMAN FOOD MART #06,SR-24,Clinton,NC,3.649,35.015143,-78.326007
SPEEDWAY #6961,"I-40, EXIT 303",Garner,NC,2.9207,35.681254,-78.597527
SHEETZ #548,US-29,Greensboro,NC,2.859,36.0726,-79.792
7-ELEVEN #36075,"I-77, EXIT 65 & SR-901",Union Grove,NC,2.859,36.036947,-80.896695
CENEX CONVENIENCE STORE,US-2 & SR-19,Devils Lake,ND,3.249,48.113162,-98.861588
FLYING J #489,"I-29, EXIT 138",Grand Forks,ND,3.6157,47.901041,-97.04463
MARATHON,"I-94, EXIT 292",Valley City,ND,3.499,46.92681,-98.003316
FLEMING OIL FOOD MART,ST 9,West Chesterfield,NH,3.899,42.873152,-72.511216
ENRITE,"I-95, EXIT 14A",Jersey City,NJ,3.349,40.7164,-74.038
SUNOCO- WALT WHITMAN PLAZA #7007,"NJTP,MILE POST 30",Cherry Hill,NJ,3.899,39.930808,-75.017538
A Plus MOLLY PITCHER PLAZA #7011,MILE POST 71.7 NJ TURNPIKE SO,Cranbury,NJ,3.909,40.303868,-74.506531
BP,US-130,Cranbury,NJ,3.1457,40.303868,-74.506531
CARLSTADT VALERO,SR-120,Carlstadt,NJ,3.199,40.840298,-74.092498
BLUE STAR,US-202 & SR-31,Flemington,NJ,3.399,40.517976,-74.845316
SUNOCO JAMES F COOPER PLAZA- #7008,MILEPOST 39 NJ TURNPIKE N,Mount Laurel,NJ,3.959,39.947808,-74.903588
KW RASTALL OIL,US-130,North Brunswick,NJ,3.199,40.453767,-74.482285
46 GAS AND TRUCK STOP,US-46,Palisades Park,NJ,3.2357,40.846238,-73.995436
SUNOCO- JOHN FENWICK PLAZA #7006,"NJTP, MM 5",Penns Grove,NJ,3.909,39.717938,-75.465623
FUEL ONE,"I-78, EXIT 3 & US-22",Phillipsburg,NJ,3.359,40.692819,-75.1741
SUNOCO- ALEXANDER HAMILTON PLAZA #7016,NEW JERSEY TURNPIKE SOUTH MILEPOST 111.6,Secaucus,NJ,3.899,40.79101,-74.063416
KENT KWIK #501,US-70 & US-54,Alamogordo,NM,2.9823,32.893186,-105.948544
HUNTINGTON BROADWAY CONOCO,US-64 BUS,Farmington,NM,3.799,36.706514,-108.199531
104 STORE,SR-370/SR-104,Red Creek,NY,3.799,43.229068,-76.714556
KWIK FILL #58,ST 15,Rochester,NY,3.969,43.1683,-77.6026
7-ELEVEN #40294,"I-80 WB, EXIT 139",Amherst,OH,3.5323,41.390506,-82.228165
7-ELEVEN #40303,"I-90, EXIT 7",Clyde,OH,3.6623,41.302397,-82.991849
7-ELEVEN #40304,"I-90, EXIT 7",Clyde,OH,3.6623,41.302397,-82.991849
7-ELEVEN #40302,"I-75, EXIT 157",Genoa,OH,3.6623,41.530005,-83.358984
7-ELEVEN #40297,"I-80, EXIT 13A",Mantua,OH,3.5323,41.294141,-81.228259
7-ELEVEN #40298,I-80,Mantua,OH,3.5323,41.294141,-81.228259
CITGO,"I-475, EXIT 6",Maumee,OH,3.499,41.581682,-83.66283
7-ELEVEN #40299,OHIO TNPK MM 237 & SR-26,New Springfield,OH,3.5323,40.926517,-80.585585
7-ELEVEN #40300,"I-76, EXIT 157",New Springfield,OH,3.5323,40.926517,-80.585585
S&G,"I-280, EXIT 7",Oregon,OH,3.599,41.641842,-83.471366
CHOCTAW NATION GRANT #633,US-271,Grant,OK,2.999,33.930239,-95.489324
CM SILVER DOLLAR,"I-220, EXIT 7",Shreveport,LA,3.299,32.503743,-93.748696
SPRINGER TRAVEL PLAZA,I-35 EXIT 40,Springer,OK,2.9157,34.303832,-97.122266
7-ELEVEN #40275,"I-70 & I-76 NB, MM 147",Bedford,PA,4.199,39.990838,-78.526071
7-ELEVEN #40275,"I-70/I-76 SB, MM 147",Bedford,PA,4.199,39.990838,-78.526071
MIDWAY FUEL AND TRUCK WASH,"I-78/US-22, EXIT 16",Bethel,PA,3.364,40.480834,-76.274209
Carlisle Fuel Stop,"I-81, EXIT 52",Carlisle,PA,3.359,40.203877,-77.199526
S&P Oil,US-13,Levittown,PA,3.8157,40.168142,-74.823138
7-ELEVEN #40273,34 MILE WEST OF EXIT 11/146,Somerset,PA,4.2073,40.024813,-79.080814
7-ELEVEN #40272,"I-70 & 76, EXIT 10",Somerset,PA,4.2073,40.024813,-79.080814
7-ELEVEN #35774,"I-76, EXIT 5/48",Verona,PA,4.2073,40.492727,-79.834535
KWIK FILL #295,US-6 BUS,Warren,PA,4.699,41.845265,-79.14286
7-ELEVEN #40276,"I-76, EXIT 12/161 & SR-655",Waterfall,PA,4.199,40.073871,-78.047708
7-ELEVEN #40280,MILE MARKER 55 NE EXT PENN TPKE,Allentown,PA,3.589,40.602729,-75.470955
SPINX #138 (DISCOUNT AVAILABLE),"I-85, EXIT 44",Greenville,SC,3.0423,34.847165,-82.406049
CORNER MART 3338,"I-85, EXIT 44",Greenville,SC,2.907,34.847165,-82.406049
HOT SPOT #2009,US-25/US-178 & SR-225,Greenwood,SC,2.939,34.175802,-82.156211
SPINX #121,"I-85, EXIT 56",Greer,SC,3.1657,34.8968,-82.267442
Shell,SR-41,Hemingway,SC,3.199,33.741887,-79.448895
HOT SPOT #2013,"I-26, EXIT 10",Inman,SC,3.149,35.052795,-82.054013
HOT SPOT #2028,US-76/US-301,Marion,SC,2.999,34.156195,-79.389822
PILOT #4578,"I-77, EXIT 48 & SC-200",Winnsboro,SC,3.409,34.381008,-81.10899
CUBBYS #401,"I-90 , EXIT 332 & SR-37",Mitchell,SD,3.149,43.710921,-98.027026
PRARIE STOP,US-212 & SR-20,Watertown,SD,3.279,44.904295,-97.123977
ECO TRAVEL PLAZA,"I-40, EXIT 320 & SR-298",Crossville,TN,3.0257,35.944041,-85.017171
PILOT TRAVEL CENTERS #252,"I-35, EXIT 26",Kearney,MO,3.699,39.365175,-94.362104
SHELL,"I-40, EXIT 35 & SR-59",Mason,TN,3.549,35.438012,-89.551805
LEES FOOD MART #123,"I-81, EXIT 23 AT MILE 23",Bulls Gap,TN,3.259,36.325707,-83.03149
MAJOR MARKETS #276,US-51/SR-3,Ripley,TN,3.799,35.752651,-89.534975
PHILLIPS 66,US-51,Union City,TN,3.3823,36.426311,-89.066662
MARATHON,"I-40, EXIT 108",Wildersville,TN,3.099,35.769772,-88.438794
WOODYS FOOD MART,"I-45 & SR-7, EXIT 164",Centerville,TX,2.8457,31.272025,-95.921287
STRIPES 7FLEET #42430,"I-20, EXIT 131",Midland,TX,3.569,31.989636,-102.06261
TEX-BEST #504,"I-35, EXIT 141",Von Ormy,TX,3.1573,29.274979,-98.667741
ALLSUPS CONVENIENCE STORE #2264,SR-214,Seminole,TX,3.094,32.721045,-102.682761
ALLSUPS CONVENIENCE STORE #2304,"I-40, EXIT 36 & US-385",Vega,TX,2.999,35.373212,-102.356572
ALLSUPS CONVENIENCE STORE #2283,"I-20, EXIT 73",Wickett,TX,2.899,31.57,-103.000556
DUCK THRU FOOD STORE #5,US-258,Franklin,VA,3.499,36.678625,-76.939108
EXXON,US-220,Martinsville,VA,3.375,36.687067,-79.869136
CIRCLE K #2723712,"I-77, EXIT 52 & US-52/SR-42",Bland,VA,3.3757,37.137644,-81.020064
CARTERS ONE STOP,"I-95 & SR-301, EXIT 31 & SR-40",Stony Creek,VA,2.959,36.936132,-77.444276
LANKFORD TRUCK PLAZA,US-13 & CR-646,Townsend,VA,3.399,37.184444,-75.958611
CHEVRON,"I-5, EXIT 36",Longview,WA,4.499,46.151354,-122.963421
APPLETON TRAVEL PLAZA,SR-96,Appleton,WI,3.4057,44.277325,-88.397649
BARRON FARMERS UNION,"US-8, EXIT 53",Barron,WI,3.639,45.400535,-91.84996
BRISTOL BP,"I-94, EXIT 345 & US-45",Bristol,WI,3.719,42.532525,-88.047779
KWIK TRIP #332,SR-33,Horicon,WI,3.2157,43.446859,-88.631049
KWIK TRIP #306,"I-94, EXIT 259 & SR-89",Lake Mills,WI,3.4323,43.081576,-88.913335
KWIK TRIP #781,SR-21,Redgranite,WI,3.3523,44.04381,-89.098125
KWIK TRIP #318,SR-27 & SR-16/SR-71,Sparta,WI,3.3423,43.954045,-90.814566
CASEYS #3715,SR-59,Whitewater,WI,3.299,42.827174,-88.742864
KWIK TRIP #347,SR-13,Wisconsin Rapids,WI,3.3123,44.375803,-89.806229
KWIK TRIP #310,SR-13/SR-73,Wisconsin Rapids,WI,3.2623,44.375803,-89.806229
FLYING J TRAVEL PLAZA #701,"I-35, EXIT 33",Ardmore,OK,3.659,34.176681,-97.134157
LOVES TRAVEL STOP #366,"I-81, EXIT 90",Jonestown,PA,3.8573,40.43607,-76.503842
FLYING J TRAVEL PLAZA #657,US-283/US-50/US-56 & US-400,Dodge City,KS,3.799,37.756882,-100.024074
FLASH MARKET #17046,US-65/SR-9,Clinton,AR,3.239,35.604537,-92.475825
STUBS GAS AND OIL,"I-76, EXIT 66",Wiggins,CO,3.559,40.205651,-104.052814
Circle K #2726278,SR-207,Hastings,FL,3.569,29.705147,-81.490908
Circle K #2745099,US-23 & US-341/SR-27,Hazlehurst,GA,3.529,31.860569,-82.590947
BP,US-20,Delaware,IA,3.299,42.477713,-91.347176
MINIT MART #600630,"I-39, EXIT 14",El Paso,IL,3.599,40.738948,-89.011952
7-ELEVEN #34712,I-90 Exit 24,Belvidere,IL,3.739,42.259465,-88.850943
Rebel Plus #882,"I-80, EXIT 101",Bristol,IN,3.5757,41.716885,-85.826192
HAWESWAY TRUCKSTOP,US-60,Owensboro,KY,3.599,37.751255,-87.155394
SUPER QUIK #9,"I-64, EXIT 181",Ashland,KY,3.669,38.443038,-82.702709
CM GALLIANO,US-167,Cut Off,LA,3.499,29.523188,-90.339298
Fred's Food Mart,US-61,Saint Francisville,LA,3.799,30.858658,-91.392266
CASH MAGIC VINTON,"I-10, EXIT 4 & SR-109",Vinton,LA,3.284,30.201523,-93.572808
MARATHON,SR-32W,Gaylord,MI,3.799,45.0275,-84.674722
Sunoco,"I-275, EXIT 11",New Boston,MI,3.399,42.144899,-83.358855
EXPRESS FOOD DEPOT,"I-94, EXIT 266",Smiths Creek,MI,3.629,42.922072,-82.574516
ONE9 #23,"I-96, EXIT 67",Ionia,MI,3.439,42.98592,-85.070985
PILOT TRAVEL CENTERS #408,"I-68, EXIT 22",Grantsville,MD,4.259,39.684436,-79.151665
TOWN PUMP FOOD STORE #922,"I-90, EXIT 370 &SR-10",Big Timber,MT,3.479,45.82827,-109.963094
PETRO SERVE USA,US-10,West Fargo,ND,3.029,46.869523,-96.895002
PUMP & PANTRY #34,US-20 & SR-27,Gordon,NE,3.449,42.806843,-102.204929
MR MIKES MINI MART,SR-9,Northwood,NH,3.599,43.206965,-71.200423
7-ELEVEN #40084,US-46/US-1/US-9,Palisades Park,NJ,3.099,40.846238,-73.995436
A ONE TRUCK STOP,US-9,South Amboy,NJ,3.499,40.464733,-74.278635
LOVES TRAVEL STOP #364,I-75 EXIT 33,Charleston,TN,3.589,35.255644,-84.766639
FLYING J TRAVEL PLAZA #1005,"I-80, EXIT 48",Fernley,NV,3.9157,39.601888,-119.235044
SPEEDWAY #9912,"I-81, EXIT 10",Mc Graw,NY,4.309,42.594758,-76.081958
CIRCLE K #4707612,"I-81, EXIT 14",Tully,NY,3.799,42.806977,-76.13936
GANSEVOORT MINI MART,"I-87, EXIT 17",Gansevoort,NY,3.759,43.180343,-73.705267
SPEEDWAY #9367,"I-275, EXIT 42",Cincinnati,OH,3.1257,39.091293,-84.277383
DAVIS TRAVEL CENTER #108,"I-85, EXIT 39",Warfield,VA,3.099,36.901122,-77.767317
CIRCLE K #4705567,ST 91,Twinsburg,OH,3.6323,41.328851,-81.455912
ONVO TRAVEL PLAZA,"I-84, EXIT 17",Lake Ariel,PA,3.5857,41.439476,-75.431257
MARTIN GENERAL STORE,US-22,Alexandria,PA,3.539,40.549901,-78.107066
TA WEST GREENWICH,"I-95, EXIT 5B",West Greenwich,RI,3.7657,41.639977,-71.643549
CIRCLE K #2723354,"I-526, EXIT 18A & US-78",Charleston,SC,3.299,32.962223,-79.86533
PWI #120,"I-10, EXIT 593",Schertz,TX,2.9257,29.568159,-98.272214
Shell,US-29,Warrenton,VA,3.2573,38.7063,-77.8159
OMAK MART,US-97 & SR-215,Omak,WA,4.149,48.414347,-119.527156
Petro Stopping Center #368,"I-94, EXIT 333",Sturtevant,WI,3.889,42.69673,-87.903082
MARION TRAVEL CENTER,I-55 EXIT 14,Marion,AR,3.199,35.2077,-90.198908
CIRCLE K #2723678,SR-53,Rome,GA,3.0623,34.250726,-85.146501
ROAD RANGER #118,"I-72 & I-55, EXIT 100-A",Springfield,IL,3.299,39.80004,-89.649531
FLYING J TRAVEL PLAZA #662,"I-24, EXIT 86",Oak Grove,KY,3.1523,36.665225,-87.425514
76 FUEL CENTER,"I-75, EXIT 76",Berea,KY,2.999,37.579942,-84.274919
LOVES TRAVEL STOP #367,"I-74, EXIT 149",Le Roy,IL,3.389,40.346781,-88.759813
Circle K #2746246,US-169 & SR-41,Shakopee,MN,3.599,44.7793,-93.519748
Petro Stopping Center #460,"I-70, EXIT 28",Oak Grove,MO,3.2123,38.998456,-94.139946
CIRCLE K #2723471,"I-95, EXIT 121",Wilson,NC,3.199,35.727022,-77.922733
FLYING J TRAVEL PLAZA #687,"I-80, EXIT 179",North Platte,NE,3.449,41.132595,-100.774631
FLYING J TRAVEL PLAZA #693,"I-90, EXIT 48A; PEMBROKE, NY",Corfu,NY,3.889,42.977734,-78.392906
FLYING J TRAVEL PLAZA #702,"I-40, EXIT 264B",Checotah,OK,3.699,35.435786,-95.535038
Flying J Travel Plaza #720,"I-40, EXIT 182",Fairview,TN,3.1857,35.975528,-87.132065
FLYING J TRAVEL PLAZA #752,"I-81, EXIT 323",Clear Brook,VA,3.659,39.265461,-78.098788
SHELL,"I-85, EXIT 61",Petersburg,VA,3.2007,37.220001,-77.432594
DECAUTER SHELL TRUCK STOP,"I-35, EXIT 369",Decatur,TX,2.9157,33.235077,-97.573995
PILOT #6955,I-40/I-85 EXIT 150,Haw River,NC,3.959,36.055085,-79.334557
SPEEDWAY #8723,"I-75, EXIT 144B",Bridgeport,MI,3.249,43.355309,-83.854906
LOVES TRAVEL STOP #407,I-81 EXIT 52B OR I-76 EXIT 226,Carlisle,PA,4.099,40.203877,-77.199526
FLYING J TRAVEL PLAZA #704,I-35 & 122ND ST,Edmond,OK,3.3057,35.68,-97.53
KWIK TRIP #342,"I-39, EXIT 159",Stevens Point,WI,3.559,44.521221,-89.558764
PILOT #4557,"I-85, EXIT 166",Carnesville,GA,3.1723,34.394723,-83.279209
PILOT #4584,"I-95, EXIT 181",Latta,SC,3.349,34.339829,-79.441704
PILOT #4576,"I-95, EXIT 82",Saint George,SC,3.519,33.184532,-80.573246
SPEEDWAY #7929,"I-40, EXIT 208",Colfax,NC,2.854,36.100272,-80.010276
SHEETZ #701,"I-81, EXIT 273",Mount Jackson,VA,2.874,38.768819,-78.676655
TA LINCOLN TRAVEL CENTER,"I-20, EXIT 168 & SR-77",Lincoln,AL,3.084,33.605913,-86.111152
PILOT TRAVEL CENTERS #243,"I-64, EXIT 45 & SR-25",Nitro,WV,3.6257,38.419323,-81.829311
Pilot Travel Centers #411,"I-40, EXIT 238 & US-231",Lebanon,TN,3.2457,36.209792,-86.302367
PILOT TRAVEL CENTER #441,"I-65, EXIT 334",Decatur,AL,3.859,34.589599,-86.98868
PILOT TRAVEL CENTER #416,"I-75/SR-401, EXIT 101",Cordele,GA,3.2857,31.963333,-83.7825
BIG EASY TRAVEL PLAZA,"I-10, EXIT 239-B",New Orleans,LA,3.799,29.963071,-90.160953
FUELSMART,SR-165,Muskogee,OK,3.2523,35.730661,-95.375491
FLYING J TRAVEL PLAZA #638,"I-84, EXIT 29",Caldwell,ID,3.7873,43.662719,-116.700038
SUAMICO CITGO,"US-41/US-141, EXIT 176 & CR-B",Suamico,WI,3.269,44.631944,-88.039167
GAS N GO,"I-75, EXIT 149",Byron,GA,3.1723,32.647384,-83.762244
LOVES TRAVEL STOP #397,"I-85, EXIT 104",Blacksburg,SC,3.419,35.115047,-81.508004
CITGO QUIK MART,SR/15 & SR-68,Tennille,GA,3.4657,32.9063,-82.840024
PILOT TRAVEL CENTERS #209,"I-10, EXIT 140",Van Horn,TX,3.659,31.042879,-104.832249
PILOT TRAVEL CENTERS #213,"I-70, EXIT 94 (WILSON ROAD)",Columbus,OH,3.509,40.1444,-82.9789
LOVES TRAVEL STOP #296,"I-8, EXIT 115 & SR-85",Gila Bend,AZ,3.889,32.93059,-112.746832
PORT ALLEN TRUCKSTOP,"I-10, EXIT 151 & SR-415",Port Allen,LA,3.259,30.471983,-91.254088
FLYING J TRAVEL PLAZA #658,"I-35, EXIT 127",Emporia,KS,3.2523,38.418405,-96.187145
Flying J Dealer #893,"I-80, EXIT 40 (US-59)",Avoca,IA,3.659,41.476834,-95.350872
PILOT TRAVEL CENTERS #287,"I-71, EXIT 204 & SR-83",Burbank,OH,3.699,40.963725,-81.995753
Palace Truckstop,"I-10, EXIT 246 & I-510, EXIT 2C",New Orleans,LA,3.299,29.963071,-90.160953
PILOT TRAVEL CENTER #211,"I-40, EXIT 9 & SR-95",Lake Havasu City,AZ,3.849,34.492879,-114.308083
PILOT TRAVEL CENTERS #232,"I-84, EXIT 376A",Ontario,OR,3.699,44.04156,-116.978268
OKEMAH TRAVEL CENTER,"I-40, EXIT 221 (ST 27)",Okemah,OK,2.879,35.447516,-96.306788
PILOT TRAVEL CENTERS #236,"I-80, EXIT 122",Minooka,IL,3.799,41.461516,-88.278596
301 PLAZA,US-301 & SR-299,Middletown,DE,3.239,39.481535,-75.683183
FLYING J TRAVEL PLAZA #637,"I-380, EXIT 68",Evansdale,IA,3.779,42.475453,-92.281158
CASEYS #4453,"I-75, EXIT 120",Lexington,KY,3.224,38.017394,-84.485423
T BONE TRUCK STOP,US-30,Columbus,NE,3.099,41.437225,-97.356469
CUBBYS #110,"I-80, EXIT 353",Columbus,NE,3.179,41.437225,-97.356469
PILOT TRAVEL CENTER #417,"I-20, EXIT 19",Temple,GA,3.389,33.767687,-85.013315
LOVES TRAVEL STOP #295,US-412 & US-69,Chouteau,OK,3.2907,36.166924,-95.341574
24/7 TRAVEL PLAZA,"I-135, EXIT 92",Salina,KS,2.974,38.823802,-97.608787
KWIK TRIP #686,"I-94, EXIT 333/US-41 & SR-20",Sturtevant,WI,3.769,42.69673,-87.903082
PILOT TRAVEL CENTERS #49,"I-24, EXIT 89",Oak Grove,KY,3.1523,36.665225,-87.425514
SPEEDWAY #5236,"I-75, EXIT 122",Lima,OH,3.2557,40.764066,-84.097296
PILOT TRAVEL CENTERS #442,"I-55, EXIT 19",Hayti,MO,3.2557,36.239475,-89.751607
PILOT TRAVEL CENTERS #163,"I-10, EXIT 24",Lordsburg,NM,3.439,32.314032,-108.754657
PILOT TRAVEL CENTERS #164,"I-90/I-94, EXIT 69 & SR-82",Mauston,WI,3.299,43.793383,-90.064085
PWI #978,"I-215, EXIT 21",Salt Lake City,UT,3.359,40.755851,-111.896657
PILOT TRAVEL CENTERS #77,"I-55 /I-20, EXIT 45",Jackson,MS,3.149,32.293502,-90.186655
PILOT TRAVEL CENTERS #206,"I-20, EXIT 406",Weatherford,TX,3.209,32.8435,-97.7047
LOVES TRAVEL STOP #285,I-40 EXIT 277,Santa Rosa,NM,3.474,34.933276,-104.682155
LOVES TRAVEL STOP #290,US-59/US-69/S LOOP 287 & FM-841,Lufkin,TX,3.649,31.336004,-94.734185
7-ELEVEN #40363,US-17/SR-15 & SR-100,Palatka,FL,3.364,29.657748,-81.659452
FLYING J TRAVEL PLAZA #663,"I-64, EXIT 43 & SR-395",Waddy,KY,3.759,38.105445,-85.12883
FLYING J TRAVEL PLAZA #652,"I-65/US-52, EXIT 139 & SR-39",Lebanon,IN,3.6407,40.044894,-86.464074
ROAD RANGER #209,"I-90/94,  EXIT 48",Oakdale,WI,3.234,43.959722,-90.381667
ROAD RANGER #206,US-20,Winnebago,IL,3.219,42.272723,-89.237316
ROAD RANGER #203,US-20 & SR-2,Rockford,IL,3.219,42.292233,-89.116118
FLYING J TRAVEL PLAZA #622,"I-95/SR-9, EXIT 131 & SR-68 & SR-713",Fort Pierce,FL,3.499,27.438233,-80.443963
FLYING J TRAVEL PLAZA #690,"I-10/US-70, EXIT 24",Lordsburg,NM,3.439,32.314032,-108.754657
PILOT TRAVEL CENTERS #446,"I-69, EXIT 234",Daleville,IN,3.514,40.125738,-85.511016
One9 #1413,"I-81, EXIT 101",Dublin,VA,3.2423,37.098879,-80.669696
SPEEDWAY #8876,"US-23, EXIT 50",Whitmore Lake,MI,3.499,42.428904,-83.78282
PILOT TRAVEL CENTERS #428,"I-20, EXIT 112",West Monroe,LA,3.2057,32.531726,-92.175971
LOVES TRAVEL STOP #420,"I-20, EXIT 47",Flowood,MS,3.149,32.3165,-90.1105
FUEL CITY FRIENDLYS,"I-35E, EXIT 435",Dallas,TX,2.9657,32.996848,-96.792113
PILOT TRAVEL CENTERS #90,"I-95/SR-9, EXIT 129 & SR-91, EXIT 152 & SR-70",Fort Pierce,FL,3.459,27.438233,-80.443963
FROG CITY TRAVEL PLAZA,"I-10, EXIT 87",Rayne,LA,3.3657,30.204508,-92.248592
FLYING J TRAVEL PLAZA #688,"I-295, DEEP WATER STREET",Penns Grove,NJ,3.989,39.717938,-75.465623
PILOT TRAVEL CENTERS #174,I-78 & SR-15,New Albany,MS,3.859,34.485051,-89.003058
PILOT TRAVEL CENTER #75,"I-65, EXIT 19 & US-43/SR-13",Satsuma,AL,3.195,30.851628,-88.053312
SPEEDWAY #4523,"I-94, EXIT 88",Osseo,WI,3.5457,44.559923,-91.219148
TA DENVER EAST TRAVEL CENTER,"I-70 & I-270, EXIT 278",Commerce City,CO,3.3757,39.825875,-104.911349
SAPP BROS TRAVEL CENTER,"I-70, EXIT 295",Junction City,KS,3.709,39.029913,-96.839553
PILOT TRAVEL CENTER #279,"I-19, EXIT 12 & SR-289",Rio Rico,AZ,3.614,31.4851,-110.9898
PILOT TRAVEL CENTERS #454,"I-70, EXIT 79",London,OH,3.509,39.900074,-83.443899
PILOT TRAVEL CENTERS #444,"I-70, EXIT 23",Brazil,IN,3.939,39.521041,-87.127767
SUPER EXPRESS STOP,"I-64, EXIT 113",Mount Sterling,KY,3.859,38.054822,-83.938774
FLYING J TRAVEL PLAZA #625,"I-4/SR-400, EXIT 10 & SR-579",Seffner,FL,3.4423,27.983333,-82.275833
COLTS QUICK DRAW,"I-40, EXIT 125 & US-65/SR-25",Greenbrier,AR,3.3073,35.229547,-92.357792
CIRCLE K #2723333,"I-75, EXIT 216",Mcdonough,GA,3.209,33.450556,-84.158333
ONE TRIP,US-84,Homerville,GA,3.4423,31.044991,-82.743103
CIRCLE K #2723346,US-29/S8,Athens,GA,3.399,33.976097,-83.363174
CASEYS #3292,"I-380, EXIT 43 & US-20",Independence,IA,3.599,42.46744,-91.880343
FLYING J TRAVEL PLAZA #760,US-30 & SR-232,Cokeville,WY,3.899,42.057983,-110.916419
FLYING J TRAVEL PLAZA #677,"US-78, EXIT 6",Olive Branch,MS,3.2857,34.94414,-89.854427
PILOT TRAVEL CENTERS #267,"I-75, EXIT 146",Byron,GA,3.3657,32.647384,-83.762244
CIRCLE K #2723875,SR-41/SR-45,Jamestown,SC,2.974,33.228797,-79.715551
PILOT #4579,"I-26, EXIT 139",Saint Matthews,SC,3.509,33.694212,-80.856286
One9 #1248,"I-45, EXIT 271",Wilmer,TX,2.7557,32.598133,-96.68376
WESTERN TRAVEL TERMINAL,US-26 & US-85,Torrington,WY,3.399,42.062377,-104.191662
CORNER EXPRESS,ST 55,Wellston,MI,3.499,44.213266,-85.955475
ALLTOWN MARKETS-FLYING J #896,I-93 EXIT 11 & SR 3A,Bow,NH,4.099,43.138788,-71.544814
RIVER HEIGHTS GROCERY,US-64/SR-69/SR-15,Crump,TN,3.099,35.221641,-88.335641
LOVES TRAVEL STOP #277,"I-30, EXIT 46",Prescott,AR,3.4757,33.804029,-93.372544
JIMMIES AUTO TRUCK PLAZA,"I-10, EXIT 262",Lee,FL,3.8473,30.397863,-83.284392
PILOT TRAVEL CENTERS #261,"I-55, EXIT 186",Winona,MS,3.499,33.485753,-89.727655
FLYING J TRAVEL PLAZA #634,"I-20/SR-402, EXIT 19 & SR-113",Temple,GA,3.419,33.767687,-85.013315
MILLER MART #40,"I-64, EXIT 255B",Newport News,VA,3.3057,37.057951,-76.460722
DEWITT TRAVEL MART,"US-30, EXIT 313",De Witt,IA,3.599,41.826726,-90.523735
WIXOM FUEL STOP,"I-96, EXIT 159",Wixom,MI,3.999,42.534037,-83.528486
FLYING J TRAVEL PLAZA #742,"I-80, EXIT 98/99",Tooele,UT,3.759,40.545445,-112.300214
QUICK FUEL #2501,"I-264, EXIT 14",Louisville,KY,3.0823,38.2435,-85.7639
QUICK FUEL #2303,"I-71, EXIT 104/FRANK RD EXIT",Columbus,OH,3.5657,40.1444,-82.9789
QUICK FUEL #2301,"I-275, EXIT 44",Cincinnati,OH,3.239,39.091293,-84.277383
QUICK FUEL #1003,"I-41/US-45, EXIT 45 & CR-EE",Milwaukee,WI,3.4257,43.0343,-87.9151
FLYING J TRAVEL PLAZA #772,"I-215, EXIT 28",North Salt Lake,UT,3.7323,40.844064,-111.904116
EXPRESS LANE #34,"I-39, EXIT 115",Rockford,IL,3.549,42.292233,-89.116118
ROAD RANGER #210,"I-39/US-51, EXIT 99 & SR-38",Rochelle,IL,3.699,41.928156,-89.071035
FLYING J TRAVEL PLAZA #611,"I-10, EXIT 137",Phoenix,AZ,3.589,33.451,-112.0685
ROAD RUNNER TRAVEL CENTER,I-69E/US-77 & CR-892,Robstown,TX,3.349,27.798395,-97.699523
LOVES TRAVEL STOP #240,"I-10, EXIT 151 & SR-415",Port Allen,LA,3.2323,30.471983,-91.254088
LOVES TRAVEL STOP #244,"I-40, EXIT 87 & US-70/US-412",Jackson,TN,3.4973,35.610222,-88.814011
TA CARTERSVILLE TRAVEL CENTER,"I-75, EXIT 296",Cartersville,GA,3.599,34.186975,-84.820401
FLYING J TRAVEL PLAZA #706,"I-44 & I-244, EXIT 236",Tulsa,OK,3.3657,36.05566,-96.060229
LOVES TRAVEL STOP #403,"I-81, EXIT 3",Binghamton,NY,3.679,42.146307,-75.886517
PILOT TRAVEL CENTER #43,"I-80, EXIT 284",Walcott,IA,3.859,41.645309,-90.725603
PILOT TRAVEL CENTERS #147,"I-80, EXIT 410",West Wendover,NV,3.709,40.735,-114.075278
PILOT TRAVEL CENTERS #309,"I-77, EXIT 25",Caldwell,OH,3.6523,39.746651,-81.51528
LOVES TRAVEL STOP #243,"I-10, EXIT 43 & SR-383",Iowa,LA,3.5873,30.221937,-93.02586
LOVES TRAVEL STOP #265,"I-10, EXIT 200",Eloy,AZ,3.434,32.750929,-111.583275
CIRCLE K #2723472,US-70 & SR-58,Kinston,NC,3.319,35.278333,-77.585969
PLATEAU TRUCK AND AUTO CENTER,"I-10, EXIT 159",Van Horn,TX,3.099,31.042879,-104.832249
I 10 DUSON TRUCK STOP,"I-10, AUSTRIA ROAD",Duson,LA,3.4107,30.191216,-92.152455
U STOP 33,US-77,Beatrice,NE,3.399,40.270509,-96.743494
CIRCLE K #2723478,US-29,Blairs,VA,3.439,36.667408,-79.378869
SHELL,"I-295, EXIT 15",Chester,VA,3.2023,37.342934,-77.41557
PILOT TRAVEL CENTERS #370,"I-81, EXIT 175",Pittston,PA,4.1757,41.317501,-75.788492
PILOT TRAVEL CENTERS #439,"I-24, EXIT 86",Oak Grove,KY,3.1523,36.665225,-87.425514
PILOT TRAVEL CENTER #447,"I-64, EXIT 25",Haubstadt,IN,3.959,38.189536,-87.579827
PILOT TRAVEL CENTERS #453,"I-85, EXIT 90",Gaffney,SC,3.429,35.061508,-81.649061
PILOT TRAVEL CENTERS #440,"I-71, EXIT 28",Pendleton,KY,3.759,38.480918,-85.317019
PETRO STOPPING CENTER #328,"I-20 & I-55, EXIT 45",Jackson,MS,3.109,32.293502,-90.186655
MR FUEL #732,"I-80, EXIT 226",Girard,OH,3.239,41.161136,-80.693305
PILOT TRAVEL CENTER #4558,"I-75, EXIT 318",Calhoun,GA,3.2857,34.496456,-84.934545
U SAVE TRAVEL PLAZA,US-19 & SR-129,Mount Nebo,WV,3.599,38.197064,-80.820204
PILOT TRAVEL CENTERS #196,"I-40, EXIT 325 & US-64",Roland,OK,3.739,35.453811,-94.529085
PILOT TRAVEL CENTERS #144,"I-20, EXIT 200",Augusta,GA,3.859,33.511692,-82.099505
BUFFALO RANCH,US/69/US-60 & US-59,Afton,OK,3.099,36.630072,-94.907491
CASH MAGIC CITGO HOUMA,I-57,Houma,LA,3.5657,29.59433,-90.754808
7Fleet #46589,"I-94/US-52, EXIT 205 & SR-241",Saint Michael,MN,3.309,45.206409,-93.659253
MINIT MART #600643,"I-57, EXIT 322",Manteno,IL,3.249,41.251439,-87.846761
Flying J Travel Plaza #644,"I-80, EXIT 77 & SR-351",La Salle,IL,3.299,41.344221,-89.095468
LOVES TRAVEL STOP #288,"I-45, EXIT 198 & US-84",Fairfield,TX,3.429,31.736136,-96.157176
PILOT TRAVEL CENTERS #26,"US-23, EXIT 5 & US-223",Ottawa Lake,MI,3.579,41.768276,-83.685559
HOP-IN FOOD STORES,I-27 & FM-1729,New Deal,TX,2.9257,33.737222,-101.836111
PILOT TRAVEL CENTERS #443,"I-70, EXIT 49",Higginsville,MO,3.2357,39.070504,-93.713265
FLYING J TRAVEL PLAZA #694,"I-90, EXIT 223",Austinburg,OH,3.859,41.75536,-80.858422
FLYING J FUEL STOP #572,"I-35, EXIT 144",Williams,IA,3.699,42.461376,-93.56774
QUIKTRIP #179,ST 152,Liberty,MO,2.999,39.241916,-94.433664
PILOT TRAVEL CENTERS #150,"I-70, EXIT 24 &SR-63",Hagerstown,MD,3.959,39.632022,-77.737215
FLYING J #646,"I-90/39, EXIT 1 & US-51 & SR-75",South Beloit,IL,3.799,42.483672,-89.029791
KWIK TRIP #334,US-169/SR-60,Mankato,MN,3.549,44.153809,-93.996044
KWIK TRIP #403,"I-35, EXIT 45",Owatonna,MN,3.499,44.080478,-93.21914
KWIK TRIP #662,SR-55/SR-149,Saint Paul,MN,3.629,44.902691,-93.096435
Pilot Travel Centers #8,US-23 & PITTSBURG RD,Circleville,OH,3.799,39.598836,-82.929966
FUEL EXPRESSO #11,"I-35, EXIT 155",Lebo,KS,3.1723,38.416085,-95.822174
LOVES TRAVEL STOP #402,"I-10, EXIT 44",Biloxi,MS,3.449,30.403478,-88.897143
PILOT TRAVEL CENTERS #448,"I-65, EXIT 240",Hebron,IN,3.354,41.315537,-87.208791
PILOT TRAVEL CENTERS #412,"I-81, EXIT 4",White Pine,TN,3.699,36.090299,-83.287921
PILOT TRAVEL CENTERS #432,"I-35, EXIT 328",Waco,TX,3.2207,31.552452,-97.139608
PILOT TRAVEL CENTERS #424,"I-75, EXIT 358",Ocala,FL,3.359,29.1981,-82.0974
HUTCH'S #113,US-183 & US-270/SR-15,Woodward,OK,2.999,36.426784,-99.402016
PILOT TRAVEL CENTERS #157,"I-30, EXIT 122",Sulphur Springs,TX,3.309,33.134541,-95.592161
LOVES COUNTRY STORE #022,US-412,Clayton,NM,3.414,36.441378,-103.188823
PETRO STOPPING CENTER #329,"I-40/I-85, EXIT 157",Mebane,NC,3.999,36.097862,-79.271895
PETRO GLADE SPRING #372,"I-81, EXIT 29",Glade Spring,VA,3.5873,36.7779,-81.767639
LOVES TRAVEL STOP #204,US-69 BUS & US-69,Eufaula,OK,3.689,35.29114,-95.647227
PILOT TRAVEL CENTER #255,"I-95, EXIT 40",Milford,CT,4.299,41.217466,-73.054948
PILOT #1126,"I-435, EXIT 55 & SR-210",Kansas City,MO,3.3823,39.163189,-94.569882
CARTERS TRAVEL CENTER,"I-40, EXIT 201N",Flagstaff,AZ,3.689,35.185911,-111.661979
KOUNTRY XPRESS,"I-40, EXIT 20",Mulberry,AR,3.2723,35.517246,-93.988505
TEX-BEST #519,US-281 & US-281 BUS & CR-1930,Alice,TX,2.899,27.743171,-98.083622
PETRO STOPPING CENTER #330,"I-65, EXIT 86",Glendale,KY,3.599,37.603398,-85.892101
TA SAN ANTONIO TRAVELCENTER,"I-10 & FOSTER RD, EXIT 583",San Antonio,TX,3.2073,29.468525,-98.526352
CIRCLE K #2723654,US-431,Boaz,AL,3.519,34.173889,-86.121111
CALERA CHEVRON,SR-25,Calera,AL,3.199,33.1098,-86.755987
Double Bees #109,"I-40, EXIT 183",Carlisle,AR,3.139,34.793291,-91.745929
MAGNOLIA TRAVEL CENTER,US-82 & US-371,Magnolia,AR,3.599,33.264678,-93.239153
71 EXPRESS,US-71,Mansfield,AR,3.3323,35.0432,-94.22036
CIRCLE K #2706345,"I-30, EXIT 2",Texarkana,AR,3.479,33.441667,-94.0375
PILOT TRAVEL CENTER #180,"I-40, EXIT 185",Bellemont,AZ,3.609,35.238056,-111.832778
E-Z MART #4437,US-71,Boles,AR,3.299,34.765363,-94.062864
LOVES TRAVEL STOP #460,"I-10, EXIT 302",Benson,AZ,3.279,31.98826,-110.294113
PILOT TRAVEL CENTER #1175,"I-17, EXIT 262 & SR-69",Mayer,AZ,3.6915,34.365535,-112.129551
CIRCLE K #2744074,"I-270/US-36, EXIT 4",Commerce City,CO,3.4557,39.825875,-104.911349
Alta Convenience Store #6317,"I-70, EXIT 19",Fruita,CO,3.399,39.163656,-108.721757
Mobil,"FL TURNPIKE,  EXIT 244",Kissimmee,FL,3.449,28.305056,-81.424208
QUIKTRIP #757,"I-79/SR-401, EXIT 306 & SR-140",Adairsville,GA,2.8873,34.359527,-84.917634
QUICK FUEL #2204,"I-285, EXIT 58/SR-407 & I-75, EXIT 237/SR-401",Atlanta,GA,3.2757,33.749788,-84.31685
CIRCLE K #2723653,"I-75, EXIT 124",Cartersville,GA,3.224,34.186975,-84.820401
KWIK SERV #17,"I-75, EXIT 136",Chatsworth,GA,3.499,34.758929,-84.794293
SUNOCO,"I-95, EXIT 19",Savannah,GA,3.6323,32.067631,-81.102394
QUIKTRIP #737,"I-85, EXIT 137",Jefferson,GA,3.119,34.106197,-83.570813
GAS2GO,"I-95, EXIT 6",Kingsland,GA,3.109,30.797681,-81.707483
OGMULGEE CHEVRON #419,"I-16, EXIT 6",Macon,GA,3.399,32.84386,-83.598686
PILOT #4562,"I-95, EXIT 1",Kingsland,GA,3.559,30.797681,-81.707483
CIRCLE M #12,US-23/SR-365 & SR-52,Lula,GA,3.539,34.398513,-83.694459
HIGHWAY 80 CHEVRON,"I-185, EXIT 7",Midland,GA,3.399,32.561587,-84.855851
THOMASVILLE TRAVEL CENTER,US-84 & SR-3,Thomasville,GA,3.1807,30.8665,-83.9233
PILOT TRAVEL CENTER #4561,"I-75, EXIT 11",Valdosta,GA,3.2857,30.810578,-83.277166
LOVES TRAVEL STOP #371,"I-95, EXIT 190",Dillon,SC,3.3307,34.414553,-79.377015
CUBBYS #305,"I-29, EXIT 10 & SR-2",Percival,IA,3.694,40.740148,-95.809307
CUBBYS #301,US-34 & SR-48,Red Oak,IA,3.399,41.007949,-95.226924
Discount Zone,"I-10, EXIT CLEARVIEW",New Orleans,LA,3.279,29.963071,-90.160953
MINIT MART #600644,"I-80, EXIT 134",Joliet,IL,3.599,41.527154,-88.08241
ROAD RANGER #266,"I-72, EXIT 82 & CR-10",New Berlin,IL,3.439,39.736048,-89.905721
SUNMART FOOD STORE,SR-37,Bloomington,IN,3.499,39.140057,-86.508262
SPEEDWAY #1429,SR-59 & SR-56,Warrenville,IL,3.499,41.828046,-88.19213
BUTLER ONE STOP,"I-69, EXIT 329",Butler,IN,3.519,41.42873,-84.878716
7-ELEVEN #40505,"I-80, EXIT 90",Elkhart,IN,4.1157,41.710083,-85.972949
LOVES TRAVEL STOP #242,"I-35 & FISHER RD, EXIT 144",Von Ormy,TX,3.167,29.274979,-98.667741
GOOD TO GO #11,"I-65, EXIT 158",Frankfort,IN,3.549,40.288404,-86.511387
PHILS ONE STOP,"I-69, EXIT 309B",Fort Wayne,IN,3.6757,41.0716,-85.1367
7-ELEVEN #40506,"I-80/I-90, MM 125 WB",Howe,IN,3.899,41.728594,-85.472746
CAREFREE FOOD MART,"I-64, EXIT 92",Leavenworth,IN,3.499,38.194244,-86.359862
Gallops,"I-80, EXIT 107",Middlebury,IN,3.549,41.675415,-85.711443
Jaks Oil,US-90,Broussard,LA,3.049,30.12189,-91.950171
Petes #47,US-400/SR-47,Fredonia,KS,3.299,37.525622,-95.822898
TREX MART #4,"I-229/US-59, EXIT 4B & US-36",Wathena,KS,2.999,39.762505,-94.92546
SANDRAS QUICK STOP,US-169 & US-59,Garnett,KS,3.319,38.285907,-95.259368
U STOP #38,I-70 EXIT 298,Junction City,KS,3.3557,39.029913,-96.839553
LEON GROCERY,US-400,Leon,KS,3.399,37.681268,-96.752634
PETES #53,US-400 & SR-99 & CR-939,Severy,KS,3.249,37.64985,-96.229777
SPEEDWAY #9567,"I-65, EXIT 105",Lebanon Junction,KY,3.1657,37.851054,-85.724641
HUCKS Food & Fuel #305,SR-9001 & WKY PKWY SERVICE AREA,Beaver Dam,KY,3.599,37.386958,-86.872932
SHELL,US-231 & SR-1468,Morgantown,KY,3.799,37.19102,-86.703726
LEEBOS # 9,"I-49, EXIT 90",Alexandria,LA,3.2157,31.288519,-92.463349
CM AMITE,SR-16,Amite,LA,3.399,30.718208,-90.570493
DELCAMBRE FUEL DEPOT,SR-14 & SR-89,Delcambre,LA,2.999,29.947414,-91.988938
SUNSHINE SUPER STOP TRUCKS,"I-10, EXIT 182",Convent,LA,3.399,30.055251,-90.864988
STATE OIL,SR-23,Belle Chasse,LA,3.4323,29.834514,-90.004177
BOONES CHEVRON,SR-317,Franklin,LA,3.899,29.785656,-91.502643
CM PROSPECT STATION,SR-3087 & SR-660,Houma,LA,3.599,29.59433,-90.754808
PILOT #1051,"I-10, EXIT 43 & SR-383",Iowa,LA,3.599,30.221937,-93.02586
LA PLACE TRAVEL CENTER,"I-10, EXIT 209 & I-55, EXIT 1",La Place,LA,3.259,30.077718,-90.489544
COUNTRY AUTO TRUCK STOP,"I-49, EXIT 177 & SR-509",Mansfield,LA,3.259,32.023863,-93.698045
DISCOUNT ZONE,"I-510, EXIT 240",New Orleans,LA,3.149,29.963071,-90.160953
SILVERS TRAVEL PLAZA - Port Allen,US-190/SR-1,Port Allen,LA,3.3323,30.471983,-91.254088
LUCKY LOUIES TRUCK STOP,US-190,Port Allen,LA,3.0657,30.471983,-91.254088
Pilot #1439,"I-10, Exit 151",Port Allen,LA,3.2157,30.471983,-91.254088
Cash Magic CITGO LAROSE,SR-308,Larose,LA,3.399,29.572222,-90.381667
WESTWOOD TRUCK PLAZA,US-90 BUS,Marrero,LA,3.279,29.859756,-90.110462
DELTA TOWN TRUCK STOP,"I-10, EXIT 4",Vinton,LA,2.799,30.201523,-93.572808
CM SPRINGHILL,"I-20, EXIT 44",Springhill,LA,3.399,33.00054,-93.459563
CM VIVIAN,SR-1 & SR-2,Vivian,LA,3.2657,32.866844,-93.987312
XTRA MART #10098,SR-146A,Uxbridge,MA,3.649,42.074426,-71.632869
Mobil,US-20 & SR-56,North Oxford,MA,3.5823,42.16549,-71.885953
301 BP,US-301/SR-5,Brandywine,MD,3.259,38.692203,-76.832033
EZ MART #110,US-127 & US-127 BUS/SR-46,Alma,MI,3.649,43.380877,-84.663484
SPEEDWAY #8797,SR-13,Lennon,MI,3.379,42.969323,-83.927908
BIG DADDYS TRUCKSTOP,US-223 & US-23,Ottawa Lake,MI,3.499,41.768276,-83.685559
RPF OIL #92 PARMA TRAVEL CENTER,"I-94, EXIT 128",Parma,MI,3.499,42.273879,-84.599886
MADCO TRUCK PLAZA,"I-94, EXIT 200",Romulus,MI,3.399,42.220304,-83.358288
SAHARA PETRO,"I-696, EXIT 22",Warren,MI,3.699,42.5159,-82.9824
Circle K 2746398,US-10 & SR-27,Little Falls,MN,3.399,45.98108,-94.360428
ONE9 #4555,"I-20/I-59, EXIT 77",Cottondale,AL,2.9323,33.176667,-87.387051
KWIK TRIP #937,US-12,Willmar,MN,3.3407,45.139264,-95.052315
BLUE LINE TRAVEL CENTER,"I-90, EXIT 45",Worthington,MN,3.1657,43.628626,-95.605907
D DIAMOND TRAVEL PLAZA,"I-44, EXIT 82",Fair Grove,MO,3.1323,37.372143,-93.142824
RAPID ROBERTS #122,SR-43,Joplin,MO,2.899,37.096858,-94.505144
RAPID ROBERTS #123,"I-44, EXIT 80",Springfield,MO,2.899,37.2152,-93.295
GRAND LEDGE,"I-96, EXIT 86",Grand Ledge,MI,3.789,42.752924,-84.737314
HOLIDAY STATIONSTORE #2746185,US-2,Wakefield,MI,3.139,46.475184,-89.942446
FLYING J TRAVEL PLAZA #691,"I-40, EXIT 333",Tucumcari,NM,3.899,35.168003,-103.717935
Shell,"I-94 & I-75, EXIT 171",Saint Cloud,MN,3.3623,45.552113,-94.128447
CASEYS #3471,US-2 & CR-87,Cohasset,MN,3.449,47.269112,-93.639154
45 TRUCKSTOP,US-45,Corinth,MS,3.089,34.93236,-88.543884
4 MILE TRUCKSTOP,US-98 & HOLT RD,Lucedale,MS,3.399,30.866722,-88.593391
SPEEDWAY #6972,US-70,Durham,NC,3.799,35.996725,-78.896613
SPEEDWAY #8228,"I-85, EXIT 191 & SR-56",Creedmoor,NC,3.999,36.112433,-78.647587
SPEEDWAY #6985,"I-40, EXIT 312 & SR-42",Garner,NC,3.499,35.681254,-78.597527
FILL GOOD BP #15,US-74,Monroe,NC,3.399,35.017775,-80.53723
NORTH LONDONDERRY SUNOCO,"I-93, EXIT 5",Londonderry,NH,3.939,42.865555,-71.37719
LUCKY 7,"I-95, EXIT 61",Wade,NC,2.999,35.160559,-78.724929
CIRCLE K #2723130,"I-40, EXIT 364",Warsaw,NC,2.8757,34.99818,-78.086739
CUBBYS #108,"I-80, EXIT 420 & SR-63",Greenwood,NE,3.399,40.97064,-96.42584
SAPP BROS TRAVEL CENTER,"I-80, EXIT 405",Lincoln,NE,3.3657,40.8169,-96.7103
SUNOCO- JOYCE KILMER PLAZA #7012,"NJTP,EXIT 8A",East Brunswick,NJ,3.899,40.428395,-74.406381
SUNOCO- VINCE LOMBARDI SERVICE AREA #7017,"NJ TURNPIKE, EXIT 18",Ridgefield,NJ,3.899,40.832568,-74.001531
SUNOCO- THOMAS EDISON PLAZA #7013,"NJTP, EXIT 11",Woodbridge,NJ,3.899,40.555973,-74.284542
SPEEDWAY #9117,"I-25, EXIT 339",Las Vegas,NM,3.1857,35.594862,-105.227162
CIRCLE K #2708931,"I-10, EXIT 155",Tucumcari,NM,3.259,35.168003,-103.717935
DANDY MINI MART #14,"I-86, EXIT 62",Nichols,NY,3.439,42.031961,-76.361039
POCO SHOP #2,"I-95, EXIT 31",Saint Pauls,NC,3.799,34.800962,-78.973077
SUNOCO WOODROW WILSON PLAZA #7010,"NJTP, EXIT 7",Trenton,NJ,3.899,40.2169,-74.7433
FUEL 1,"I-287, EXIT 4",South Plainfield,NJ,4.799,40.583884,-74.414695
PILOT #490/WESTERN PETROLEUM,US-180,Carlsbad,NM,3.729,32.411867,-104.239539
STRIPES 7FLEET #42588,US-380 & SR-206,Tatum,NM,3.6623,33.260018,-103.314
DANDY MINI MART #31,SR-13 & SR-224,Cayuta,NY,4.399,42.277445,-76.697367
PILOT TRAVEL CENTERS #494,"I-88, EXIT 25",Schenectady,NY,3.999,42.8155,-73.9395
BELL STORES #49,"I-76E, EXIT 25B",Akron,OH,3.499,41.044852,-81.520048
7-ELEVEN #40295,"I-80, EXIT 170",Broadview Heights,OH,3.5273,41.32907,-81.680879
7-ELEVEN #40296,SR-176,Broadview Heights,OH,3.5323,41.32907,-81.680879
GO MART FOOD STORE #116,US-50 & SR-7,Coolville,OH,3.3573,39.214131,-81.832867
SPEEDWAY #9385,"I-70, EXIT 129",Hebron,OH,3.369,39.953464,-82.491868
Certified Oil #400423,I-70 EXIT 126,Hebron,OH,3.3957,39.953464,-82.491868
7-ELEVEN #40293,"OHIO TURNPIKE EB MILEPOST 139/I-80, EXIT 139",Amherst,OH,3.5323,41.390506,-82.228165
74 FUEL STOP,"I-74, EXIT 3",Harrison,OH,3.859,39.259208,-84.78368
PENNZMART FUEL EXPRESS,ST 100,Tiffin,OH,3.4315,41.123822,-83.184356
KFC TRAVELMART,SR-199,Upper Sandusky,OH,3.249,40.824876,-83.297711
Caseys #4519,US-62,Altus,OK,3.0057,34.648406,-99.320483
CHOCTAW NATION DURANT WEST #632,US-69/US-75,Calera,OK,3.089,33.928872,-96.410205
CHEROKEE TRAVEL PLAZA,"I-40, EXIT 325",Roland,OK,3.799,35.453811,-94.529085
Phillips 66,US-75/SR-56,Okmulgee,OK,2.989,35.628805,-95.96967
CASEYS #4594,US-81 & US-70,Waurika,OK,3.0773,34.174466,-97.997346
ASAP GENERAL STORE #101,"I-40, EXIT 84 & US-54",Weatherford,OK,3.1323,35.535046,-98.699603
PENN JERSEY DIESEL & TRAILER,"I-95, EXIT 37",Bensalem,PA,4.199,40.110881,-74.937753
RUTTERS #53,"I-83, EXIT 32 & SR-382",Etters,PA,3.999,40.154506,-76.801861
7-ELEVEN #40279,I-276 & US-202 (KING OF PRUSSIA SERVICE PLAZA WB),King Of Prussia,PA,3.884,40.1024,-75.4785
ONVO TRAVEL PLAZA - HICKORY RUN,"I-80, EXIT 274",White Haven,PA,3.5857,41.079049,-75.771492
PILOT #4566,"I-85, EXIT 106",Blacksburg,SC,3.429,35.115047,-81.508004
CIRCLE K #2703099,"I-20, EXIT 33",Batesburg,SC,3.0857,33.938595,-81.548988
PILOT #4581,"I-20, EXIT 116",Bishopville,SC,3.4323,34.224101,-80.274988
HOT SPOT #6004,"I-26, EXIT 28",Enoree,SC,3.099,34.670952,-81.92373
CORNER MART #354,"I-26, EXIT 72",Newberry,SC,3.299,34.284661,-81.615741
CIRCLE K #2720881,US-17 & SR-165,Ravenel,SC,3.439,32.788088,-80.222346
CIRCLE K #2723416,"I-26, EXIT 28",Roebuck,SC,3.0823,34.8688,-81.95255
HILLVIEW TRUCK STOP,"I-20, EXIT 39",Leesville,SC,3.059,33.913169,-81.459753
CIRCLE K #2723876,US-17 & SR-64,Round O,SC,3.3723,32.940516,-80.573882
CIRCLE K #2723272,"I-26, EXIT 119",West Columbia,SC,3.5457,33.995024,-81.088836
Palmetto Roads #308,"I-95, EXIT 77",Saint George,SC,3.009,33.184532,-80.573246
CUBBYS #403,"I-29, EXIT 79",Sioux Falls,SD,3.0657,43.488,-96.7343
JAKES CORNER,US-81 & SR-34,Winfred,SD,3.049,43.959511,-97.309266
LOVES TRAVEL STOPS #345,I-90/I-94 EXIT 48,Tomah,WI,3.289,43.994833,-90.491704
GRAVES TRUCK STOP,"I-20, EXIT 59",Carthage,TX,2.999,32.154379,-94.352721
Allsup's Marketplace #2411,US-67,Hawley,TX,2.889,32.594965,-99.795994
PILOT TRAVEL CENTERS #256,"US-58 & US-29, SE QUAD",Danville,VA,4.009,36.621789,-79.412441
STRIPES #40811,"I-37, EXIT 55",George West,TX,3.0157,28.320388,-98.116159
CHEVRON #383461,"I-10, EXIT 259",Fort Stockton,TX,3.029,30.890785,-102.879942
CEFCO #34,US-281 & SR-38,Hamilton,TX,3.029,31.678116,-98.113051
CIRCLE K #2706983,"I-37, EXIT 36 & SR-359",Mathis,TX,3.019,28.080208,-97.809659
CEFCO #2001,US-287 & FM-369,Iowa Park,TX,2.864,33.94235,-98.674497
KOSSE COUNTRY STORE,SR-7 & SR-14,Kosse,TX,3.1157,31.314704,-96.619475
TXB #71 DBA KWIK CHEK FOOD STORES,"I-20, EXIT 136",Midland,TX,3.079,31.989636,-102.06261
TEX-BEST #505,"I-35, EXIT 183",New Braunfels,TX,2.8057,29.694733,-98.113041
LOVES TRAVEL STOPS #247,US-287 & SR-256,Memphis,TX,3.789,34.712237,-100.534653
Main Street Market,SR-84 & FM-73,Prairie Hill,TX,2.899,31.659097,-96.809381
CIRCLE K #2741527,US-281,Premont,TX,2.999,27.354444,-98.133018
QUIKTRIP #4058,"I-37, EXIT 125 & SR-1604",San Antonio,TX,2.9657,29.468525,-98.526352
LONE STAR TRAVEL CENTER,"I-35, EXIT 147",San Antonio,TX,3.059,29.468525,-98.526352
Valero,US-59 & AT ST-87,Timpson,TX,3.059,31.884089,-94.396733
TXB #17 DBA KWIK CHEK FOOD STORES,SR-121,Trenton,TX,3.299,33.423491,-96.339754
Chevron,"I-10, EXIT 858",Vidor,TX,2.749,30.15018,-94.000779
PILOT #568,"I-35, EXIT 140",Von Ormy,TX,3.2107,29.274979,-98.667741
GOLDEN SPIKE TRAVEL PLAZA,"I-15, EXIT 382",Tremonton,UT,3.599,41.701564,-112.181293
RJS  FUEL STOP,"I-15, EXIT 40",Tremonton,UT,3.459,41.701564,-112.181293
SPEEDWAY #4632,US-360/US-58 & SR-1224,Danville,VA,4.059,36.621789,-79.412441
MS 58 PLAZA,"I-95, EXIT 11",Emporia,VA,3.1823,36.685689,-77.562953
PILOT TRAVEL CENTER #4622,US-58,South Boston,VA,4.009,36.696335,-78.918829
MILLER MART #55,US-460 & US-58/US-13,Suffolk,VA,3.0923,36.866823,-76.559811
PILOT TRUCK STOP #583,"I-5, EXIT 262",Ferndale,WA,4.559,48.862531,-122.595293
KWIK TRIP #413,SR-93 & SR-95,Arcadia,WI,3.3157,44.253937,-91.480453
SPEEDWAY #4293,"I-90 & I-43, EXIT 185A",Beloit,WI,3.799,42.522871,-89.039897
KWIK TRIP #621,"SR-29/SR-55, EXIT 234 & SR-47/SR-117",Bonduel,WI,3.4573,44.73794,-88.439026
ROYAL FARMS #79,ST 13,New Church,VA,3.339,37.952527,-75.511188
SPEEDWAY #4648,SR-254,Waynesboro,VA,3.959,38.077412,-78.903461
KWIK TRIP #202,"I-39/US-51, EXIT 151 & SR-54",Plover,WI,3.2657,44.450673,-89.542805
SIGNAL FOOD STORE #108,US-60,Mountain View,MO,3.0323,36.989197,-91.709937
PILOT #1063,"I-40, EXIT 81",Marion,NC,3.759,35.681916,-82.017993
PILOT TRAVEL CENTERS #141,"I-80, EXIT 6",Evanston,WY,3.699,41.260947,-110.963067
YESWAY #1148,"US-30, EXIT 186",Marshalltown,IA,3.2457,42.040482,-92.91269
TA Garden City,US-83 & US-400,Garden City,KS,3.7307,37.97693,-100.862088
LOVES TRAVEL STOP #282,"I-44, EXIT 4 & SR-43",Joplin,MO,3.3973,37.096858,-94.505144
LOVES TRAVEL STOP #208,"I-55, EXIT 119 & SR-22",Canton,MS,3.489,32.620543,-90.006079
LOVES TRAVEL STOP #206,"I-10, EXIT 44 & SR-59",Loxley,AL,3.339,30.617964,-87.75624
PILOT TRAVEL CENTERS #433,"I-20, EXIT 470",Dallas,TX,3.1823,32.996848,-96.792113
GREENWAY STORE #614,"I-85/SR-403, EXIT 61 & SR-74",Fairburn,GA,3.199,33.56482,-84.580857
PILOT TRAVEL CENTERS #165,"I-57 & I-70, EXIT 162",Effingham,IL,3.299,39.121727,-88.561105
PILOT TRAVEL CENTERS #274,"I-10, EXIT 109",Breaux Bridge,LA,3.1423,30.274955,-91.905899
QUICK FUEL #2201,"I-85, EXIT 36",Atlanta,GA,3.3523,33.749788,-84.31685
QUICK FUEL #1803,I-80/I-294 & SR-1,South Holland,IL,3.829,41.597916,-87.593814
QUICK FUEL #2103,"I-70, EXIT 89",Indianapolis,IN,3.309,39.938417,-86.13894
QUICK FUEL #2801,"I-435, EXIT 1-A AT MILE 1",Lenexa,KS,3.369,38.963028,-94.739947
QUICK FUEL #1704,I-75 EXIT 42 AT MILE 42,Lincoln Park,MI,3.619,42.242211,-83.180688
QUICK FUEL #1702,"I-96, EXIT 173",Livonia,MI,3.799,42.361503,-83.36494
QUICK FUEL #1703,"I-94, EXIT 199-A",Romulus,MI,3.519,42.220304,-83.358288
QUICK FUEL #1705,SR-53,Warren,MI,3.749,42.5159,-82.9824
QUICK FUEL #2401,"I-71, EXIT 234",Bridgeton,MO,3.094,38.750627,-90.416101
QUICK FUEL #2402,"I-435, EXIT 57",Kansas City,MO,3.2923,39.163189,-94.569882
QUICK FUEL #2602,"I-85, EXIT 40",Charlotte,NC,3.3957,35.2269,-80.8433
QUICK FUEL #2305,"I-270, EXIT 10",Columbus,OH,3.6307,40.1444,-82.9789
QUICK FUEL #2304,"I-75, EXIT 210",Toledo,OH,3.6007,41.642,-83.5438
QUICK FUEL #1150,US-51 & SR-30,Madison,WI,3.5757,43.073,-89.3817
QUICK FUEL #1002,"I-94, EXIT 319",Milwaukee,WI,3.7407,43.0343,-87.9151
QUICK FUEL #1010,SR-100,Milwaukee,WI,3.779,43.0343,-87.9151
QUICK FUEL #1001,"I-94, EXIT 301",New Berlin,WI,3.499,42.97397,-88.155274
PILOT TRAVEL CENTERS #435,"I-10, EXIT 0",Anthony,TX,3.459,31.990718,-106.597625
KWIK TRIP #696,"I-94, EXIT 19 & US-63",Baldwin,WI,3.574,44.9657,-92.365498
BLUE RIDGE TRAVEL PLAZA,"I-81 SOUTHBOUND, EXIT 155",Mountain Top,PA,3.649,41.134975,-75.937642
LOVES TRAVEL STOP #222,"I-70/US-35, EXIT 149B & US/35/SR-38",Richmond,IN,3.949,39.83244,-84.893606
CHOCTAW TRAVEL PLAZA #635,US-259/SR-3,Broken Bow,OK,2.999,34.026991,-94.762296
SKY CITY TRAVEL CENTER,"I-40, EXIT 102 NORTH",Pueblo Of Acoma,NM,3.2807,34.900833,-107.586389
PILOT TRAVEL CENTERS #3,"I-80, EXIT 223",Youngstown,OH,3.4523,41.0986,-80.6474
PILOT TRAVEL CENTERS #53,"I-40, EXIT 143",Hurricane Mills,TN,3.1757,35.974859,-87.767129
PILOT TRAVEL CENTERS #50,"I-71, EXIT 28",Pendleton,KY,3.759,38.480918,-85.317019
Raceway #7007,SR-74 & SR-180,Shelby,NC,3.249,35.347075,-81.581573
PILOT TRAVEL CENTERS #436,"I-40, EXIT 75",Amarillo,TX,3.2657,35.203238,-101.842052
PILOT TRAVEL CENTERS #420,"I-20, EXIT 114",Madison,GA,3.859,33.594681,-83.461781
PILOT #4560,"I-75, EXIT 201",Jackson,GA,3.3757,33.282006,-83.978391
SHELL,US-287/US-81 & CR-718,Haslet,TX,2.8907,32.955734,-97.337185
CIRCLE K #4707045,"I-95, EXIT 32",Biddeford,ME,3.9573,43.483647,-70.471928
FLYING J TRAVEL PLAZA #628,"I-85, EXIT 160",Carnesville,GA,3.2057,34.394723,-83.279209
FLYING J TRAVEL PLAZA #640,"I-84, EXIT 173",Jerome,ID,3.9023,42.71784,-114.501244
FLYING J TRAVEL PLAZA #739,"I-35, EXIT 330B",Waco,TX,3.2207,31.552452,-97.139608
PILOT TRAVEL CENTERS #445,"I-94, EXIT 22 & US-20",Chesterton,IN,3.799,41.603949,-87.050196
HOBO PANTRY #24,US-231 & SR-10,Brundidge,AL,3.599,31.701324,-85.817668
GRUB MART #13,"I-59, EXIT 205 & US-411/SR-25/SR-68",Centre,AL,3.349,34.111592,-85.609229
FACKLER TEXACO TRUCK STOP,US-72 & CR-42,Fackler,AL,3.199,34.82589,-85.984648
MR FUEL #1203,"I-20, EXIT 129",Meridian,MS,2.8123,32.357441,-88.655973
LOVES TRAVEL STOP #624,"I-65, EXIT 8B",Mobile,AL,3.2057,30.6959,-88.0434
PETRO STOPPING CENTER #331,"I-15, EXIT 54",Las Vegas,NV,3.734,36.172082,-115.122366
CIRCLE K #2723730,US-43/SR-13/SR-69,Northport,AL,3.399,33.2605,-87.5872
MARATHON,US-431/SR-1,Phenix City,AL,3.249,32.484,-85.0911
SNEAD SHELL,US-278 & SR-75,Altoona,AL,3.109,34.042916,-86.350879
LOVES TRAVEL STOP #368,"I-65, EXIT 208 & CR-28",Clanton,AL,3.3373,32.835532,-86.642472
PILOT TRAVEL CENTERS #425,"I-10, EXIT 192",Midway,FL,3.799,30.495278,-84.454444
PONY EXPRESS TRAVEL PLAZA #6,"US-167/US-67, EXIT16 & SR-5",Cabot,AR,3.499,34.945724,-92.031771
Caseys #4552,"I-40, EXIT 57",Clarksville,AR,3.244,35.490763,-93.491056
KINGS RIVER COUNTRY STORE,US-412,Huntsville,AR,3.2657,36.104348,-93.727893
SHELL,"I-55, EXIT 48",Osceola,AR,2.999,35.701864,-89.979764
HOOKS,I-16 EXIT 16,East Dublin,GA,3.399,32.5475,-82.868333
QUICK FUEL #2203,"I-20, EXIT 14",Atlanta,GA,3.319,33.749788,-84.31685
QUICK FUEL #2101,I-465,Indianapolis,IN,3.869,39.938417,-86.13894
Fast Stop,"I-10, EXIT 177",Saint Gabriel,LA,3.699,30.279873,-91.09162
ONE9 #7937,"I-85/I-40, EXIT 132",Mc Leansville,NC,3.399,36.116291,-79.668388
QUICK FUEL #2601,SR-27,Charlotte,NC,3.5123,35.2269,-80.8433
QUICK FUEL #1005,SR-59 & SR-164,Waukesha,WI,3.623,42.999304,-88.219559
QUICK FUEL #1011,"I-94, EXIT 100",Milwaukee,WI,3.5207,43.0343,-87.9151
CIRCLE K #4701424,"I-74, EXIT 102",Morton,IL,3.599,40.614771,-89.460445
FLYING J TRAVEL PLAZA #756,"I-94, EXIT 116 & CR-A",Black River Falls,WI,3.3823,44.292101,-90.847952
FLYING J TRAVEL PLAZA #655,"I-70, EXIT 123 & SR-3",Spiceland,IN,3.959,39.827078,-85.445043
WESTVILLE TRUCKSTOP,US-6/US-421,Westville,IN,3.5857,41.536516,-86.901317
ZANCO SHELL,"I-395, EXIT 87",Plainfield,CT,4.399,41.67753,-71.921968
Petro Mart #45,"I-70/US-40, EXIT 148 & US-54",Kingdom City,MO,2.939,38.95508,-91.952008
PILOT TRAVEL CENTERS #460,"I-40, EXIT 140",Oklahoma City,OK,3.309,35.3337,-97.4922
MOUNT VERNON FUEL CENTER,"I-75, EXIT 59 & US-25",Mount Vernon,KY,2.999,37.336609,-84.354882
AINSWORTH FOUR CORNERS,US-218/SR-27 & SR-92,Ainsworth,IA,3.109,41.320226,-91.547173
PILOT TRAVEL CENTERS #118,I-30 EXIT 121,Benton,AR,3.199,34.580087,-92.595241
PILOT TRAVEL CENTER #458,"I-10, EXIT 208",Eloy,AZ,3.439,32.750929,-111.583275
FLYING J TRAVEL PLAZA #705,"I-40, EXIT 20 & US-283",Sayre,OK,3.1823,35.304722,-99.642928
QUIKTRIP #777,"I-20, EXIT 49",Atlanta,GA,2.9723,33.749788,-84.31685
MR FUEL #721,"I-465, EXIT 4 & SR 37",Indianapolis,IN,3.319,39.938417,-86.13894
PILOT TRAVEL CENTER #421,"I-75, EXIT 326",Dalton,GA,3.2857,34.7697,-84.9702
CIRCLE K #2721571,"I-65, EXIT 69",Brewton,AL,3.399,31.118926,-87.067325
SUNSTOP #650,US-431 & SR-210,Dothan,AL,3.4123,31.202888,-85.418036
GOOD TO GO,"I-65, EXIT 200",Enterprise,AL,3.599,31.340789,-85.842111
CIRCLE K #2709067,US-31/SR-6,Prattville,AL,3.499,32.478695,-86.42997
CUZZS,US-43/SR-13,Thomasville,AL,3.5323,31.906728,-87.759842
CIRCLE K #2706697,"I-85, EXIT 77",Valley,AL,3.399,32.811349,-85.174911
FLASH MARKET #17049,"I-40/US-63, EXIT 216 & US-49/SR-17",Brinkley,AR,3.179,34.878124,-91.188596
CASHS #4470,US-65,Dumas,AR,3.209,33.892102,-91.486056
TOBOS TRAVEL CENTER,"I-540, EXIT 58",Fayetteville,AR,3.349,36.052045,-94.153395
PILOT TRAVEL CENTERS #44,"I-70, EXIT 101",Boonville,MO,3.519,38.95364,-92.744973
CORNER MARKET #62,SR-13/SR-789 & SR-64,Meeker,CO,3.729,40.038726,-107.892498
CENEX,"I-76, EXIT 125",Sterling,CO,3.4157,40.63062,-103.221183
Sun Gas,US-301,Middletown,DE,2.999,39.481535,-75.683183
SHORE STOP #287,US-13,New Castle,DE,3.289,39.67703,-75.589938
4 POINTS MARKET,US-441/SR-7 & SR-804,Boynton Beach,FL,3.229,26.525,-80.0666
SUNSTOP #347,US-27,Branford,FL,3.699,29.939472,-82.899288
SPEEDWAY #6530,US-50,Brooksville,FL,3.3823,28.565805,-82.373674
KROME EXXON,SR-997 & SR-994,Miami,FL,3.399,25.779,-80.1982
CIRCLE K #2721297,US-301,Middleburg,FL,3.399,30.068611,-81.860556
QUICK FUEL #5101,"I-4, EXIT 79",Orlando,FL,3.3623,28.498821,-80.58248
RIVIERA TRUCKSTOP,SR-710,West Palm Beach,FL,3.779,26.713956,-80.065874
MARATHON,"I-4, EXIT 3",Tampa,FL,3.4223,28.0879,-82.4593
SPEEDLANE,US-301 &SR-574,Tampa,FL,3.449,28.0879,-82.4593
SUNSTOP #819,US-19,Americus,GA,3.699,32.0881,-84.2362
BUENA VISTA GAS N GO,SR-26 & SR-41,Buena Vista,GA,3.299,32.354198,-84.527347
CIRCLE K #4174,"I-285/SR-407, EXIT 53 & US-23/SR-42",Conley,GA,3.999,33.644722,-84.325833
Mr Pips,US-84/SR-38,Donalsonville,GA,3.199,31.040278,-84.879167
EXIT 10 AUTO AND TRUCK STOP,"I-185/SR-411, EXIT 19 & SR-315",Fortson,GA,3.399,32.628841,-85.001654
CIRCLE K #2745072,US-341,Lumber City,GA,3.529,31.925124,-82.707312
QWICKSERV,US-319 BUS & SR-133/SR-35/SR-33,Moultrie,GA,3.599,31.179244,-83.764089
SUSIE Q #90,US-319 & SR-33,Moultrie,GA,3.799,31.179244,-83.764089
BP,US-278/SR-6 & SR-101,Rockmart,GA,3.599,33.997912,-85.05937
Circle K #2745128,US-301 & US-25,Statesboro,GA,3.199,32.440841,-81.773956
A TO Z TRUCKSTOP,US-301/US-25/SR-73,Statesboro,GA,3.599,32.440841,-81.773956
SHAKE RAG EXPRESS,US-1 & US-78,Wadley,GA,3.4157,32.874742,-82.402459
KUM & GO #1056,"I-35, EXIT 56",Bevington,IA,3.099,41.371763,-93.812865
CHARITON FOOD SHOP,US-34,Chariton,IA,3.369,41.022638,-93.30419
QUICK FUEL #2901,"I-35/I-80, EXIT 136",Des Moines,IA,3.1373,41.6005,-93.6088
BP TRUCK PLAZA,US-61/US-151,Dubuque,IA,3.489,42.514977,-90.681914
218 FUEL EXPRESS,US-218 & US-18,Floyd,IA,3.489,43.143049,-92.723988
FT MADISON FAST BREAK,US-61,Fort Madison,IA,3.399,40.633008,-91.339829
MEDIAPOLIS FAST BREAK,US-61,Mediapolis,IA,3.349,41.005932,-91.132142
STEWART ROAD FAST BREAK,CR-X61,Muscatine,IA,3.299,41.430378,-91.050928
CUBBYS #2301,"I-29, EXIT 112",Onawa,IA,3.149,42.036967,-96.107213
OSCEOLA TRAVEL PLAZA,"I-25, EXIT 33 & US-34",Osceola,IA,3.3123,41.029503,-93.771236
CASEYS #2598,"SR-163, EXIT 42",Pella,IA,3.199,41.408175,-92.917207
PILOT #238,"I-29, EXIT 10",Percival,IA,3.799,40.740148,-95.809307
CASEYS #3900,"US-218, EXIT 80 & SR-22",Riverside,IA,3.1707,41.475792,-91.57414
CASEYS #2487,US-71/SR-9,Spirit Lake,IA,3.3823,43.426211,-95.112336
SPARKYS ONE STOP #16,US-71 & SR-3,Storm Lake,IA,3.2323,42.64738,-95.196079
KUM & GO #1046,"I-80, EXIT 46 & CR-M47",Walnut,IA,3.109,41.462329,-95.217973
SAPP BROS TRAVEL CENTER,US-61 & SR-78,Sioux City,IA,3.649,42.497223,-96.40292
WEVER JUNCTION,US-61 & CR-X50,Wever,IA,3.399,40.706652,-91.226767
COUNCIL FOOD AND FUEL,US-95,Council,ID,3.589,44.762754,-116.451833
NOMNOM #21,US-95 & SR-13,Grangeville,ID,3.9073,45.927239,-116.107639
JACKSONS FOOD STORE #3,US-95,Wilder,ID,3.579,43.657851,-116.912199
CIRCLE K #4701251,"I-55, EXIT 160B & SR-9",Bloomington,IL,3.399,40.478295,-88.989318
DOWNS TRAVEL MART,"I-74, EXIT 142",Downs,IL,3.499,40.380858,-88.870814
FREEDOM OIL #77,"I-74, EXIT 112 & SR-117",Goodfield,IL,3.659,40.629722,-89.274722
Circle K #4701331,US-136 & US-67,Macomb,IL,3.499,40.461674,-90.678674
Martinsville Food and Fuel,"I-70, EXIT 136",Martinsville,IL,3.489,39.317443,-87.870737
KWIK STAR #1530,"I-88/SR-110, EXIT 76 & SR-251",Rochelle,IL,3.499,41.928156,-89.071035
SPEEDWAY #1432,"I-294, EXIT 22",Willow Springs,IL,3.859,41.736416,-87.878588
KARTAR TRUCK STOP,"I-74, EXIT 32 & SR-17",Woodhull,IL,3.599,41.184887,-90.283282
THORNDALE SHELL,"I-290, EXIT 5",Wood Dale,IL,3.459,41.960171,-87.980971
MCCLURE OIL #66,US-33/US-27,Decatur,IN,3.699,40.827333,-84.931432
FAMILY EXPRESS #41 (DISCOUNT AVAILABLE),US-52,Lafayette,IN,3.4323,40.417743,-86.888358
FAMILY EXPRESS #27 (DISCOUNT AVAILABLE),US-421,Medaryville,IN,3.649,41.089734,-86.880844
MORNING STAR AUTO TRUCK PLAZA,"I-69, EXIT 334 & US-6",Waterloo,IN,3.699,41.440216,-85.022103
PETES #36,US- 54 & US-169,Iola,KS,3.2057,37.928244,-95.402146
CASEYS #2957,US-73 & US-36,Hiawatha,KS,3.1507,39.871563,-95.528905
AMPRIDE,US-160,Johnson,KS,3.399,37.569424,-101.719354
SAC AND FOX TRUCK STOP,US-75,Powhattan,KS,2.984,39.71769,-95.675111
FLINT HILLS ONE STOP,US-50,Strong City,KS,2.919,38.41292,-96.517192
U PUMP IT,US-83 & US-56,Sublette,KS,3.679,37.522148,-100.820775
ALLSTAR FOOD MART,SR-55,Campbellsville,KY,3.159,37.346618,-85.350755
DOUBLE KWIK MARKET #1044,SR-15/SR-7/SR-160,Isom,KY,3.749,37.196027,-82.913348
FAS MART #5260,SR-9 & US-68/US-62/SR-10,Maysville,KY,3.364,38.619716,-83.758858
DOUBLE KWIK MARKET #1062,"I-75, EXIT 104",Nicholasville,KY,3.499,37.880556,-84.573056
LAKE COUNTRY OUTDOORS,SR-127,Russell Springs,KY,3.199,37.056683,-85.042873
E Z STOP,SR-555 & SR-9002,Willisburg,KY,3.379,37.837333,-85.136187
AVONDALE TRUCK STOP,SR-90,Westwego,LA,3.449,29.914386,-90.181305
CM BAYOU VISTA,US-90,Morgan City,LA,3.399,29.723937,-91.116497
I 220 TRAVEL PLAZA,"I-270, EXIT 17A & US-80/US-79",Bossier City,LA,2.9923,32.544924,-93.703826
SILVERS TRAVEL CENTER,"I-10, EXIT 109",Breaux Bridge,LA,3.369,30.274955,-91.905899
FOOD N FUN #11,US-90 & SR-92-1,Broussard,LA,3.3023,30.12189,-91.950171
USA TRAVEL CENTER,"I-20, EXIT 103/US-80",Calhoun,LA,3.2157,32.524791,-92.329929
GOLDMINE TRUCKSTOP,US-190,Eunice,LA,3.199,30.51158,-92.398474
GOLDEN GROVE TRUCK PLAZA,SR-641 & SR-3125,Gramercy,LA,3.419,30.052711,-90.690182
BIG WHEELS TRAVEL CENTER,"US-90, EXIT 204 & SR-316",Gray,LA,3.499,29.69034,-90.78071
PLANTATION TRUCK PLAZA,SR-311 & SR-664,Houma,LA,3.1157,29.59433,-90.754808
Y NOT STOP MANSURA,SR-1,Mansura,LA,3.399,31.061466,-92.054333
Hwy 31 Truck Stop,SR 31,Saint Martinville,LA,3.329,30.208282,-91.825961
OPELOUSAS 190 TRUCK STOP,US-190,Opelousas,LA,2.8707,30.51442,-92.089668
CM RACELAND,SR-1,Raceland,LA,3.299,29.717835,-90.599908
SHOP RITE #85,"I-10, EXIT 87 AT MILE 87",Rayne,LA,3.149,30.204508,-92.248592
ELSIE AUTO AND TRUCK PLAZA,SR-1,Shreveport,LA,2.949,32.503743,-93.748696
TA ST Rose #06480,US-61,Saint Rose,LA,3.2257,29.958074,-90.312432
STARKS TRUCK STOP,SR-12,Starks,LA,3.599,30.308477,-93.661485
CASH MAGIC THIBODAUX,SR-1,Thibodaux,LA,3.399,29.799213,-90.809605
PILOT TRAVEL CENTERS #457,"I-75, EXIT 135",Beaverdam,OH,3.3307,40.833333,-83.976667
WAVERLY TRUCKSTOP,"I-20, EXIT 157 & SR-577",Delhi,LA,2.964,32.450433,-91.512487
CIRCLE K #2707783,"I-20, EXIT 114 & SR-617",West Monroe,LA,2.9573,32.531726,-92.175971
Irving,SR-2,Westminster,MA,3.749,42.545833,-71.911111
ROYAL FARMS #111,"I-95, EXIT 57",Baltimore,MD,3.209,39.17185,-76.648287
AC & T BIG POOL,"I-70, EXIT 12 & SR-56",Big Pool,MD,3.659,39.645685,-78.010449
A C AND T SHARPSBURG PIKE,"I-70, EXIT 29A & SR-65",Hagerstown,MD,3.799,39.632022,-77.737215
HURLOCK CITGO,SR-392 & SR-331,Hurlock,MD,3.259,38.642826,-75.866254
SUNOCO,US-301,Newburg,MD,3.379,38.329782,-76.917499
CIRCLE K #4707056,"I-95, EXIT 75",Auburn,ME,3.899,44.094785,-70.238978
CIRCLE K #4707004,"I-95, EXIT 244 & SR-157",Medway,ME,3.5023,45.60704,-68.522709
CIRCLE K #4707017,"I-95, EXIT 48",Portland,ME,3.7423,43.660564,-70.258864
SUNOCO,"I-75, EXIT 34B",Riverview,MI,3.639,42.173299,-83.213094
BEACON & BRIDGE #19,US-131 & SR-115,Cadillac,MI,3.239,44.250447,-85.430046
FRED MOORE BP,"I-94, EXIT 257",Casco,MI,4.099,42.768056,-82.670278
Circle K #2746528,US-41/SR-28 & SR-95,Champion,MI,3.819,46.468497,-87.830587
WYOMING FUEL PLAZA,"I-94, EXIT 210A",Dearborn,MI,3.599,42.305295,-83.160488
BP,"I-94 & US-12, EXIT 210",Dearborn,MI,3.199,42.305295,-83.160488
MARATHON,"I-75 & SR-32, EXIT 282",Gaylord,MI,3.799,45.0275,-84.674722
PICKLEMANS ONE STOP-ZEPHYR,ST 28,Newberry,MI,3.699,46.343763,-85.514951
NORTHWIND TRAVEL CENTER,"US-131, EXIT 153 & US-10",Reed City,MI,3.499,43.886808,-85.513028
BP TRAVEL CENTER AND TRUCK PLAZA,"I-275, EXIT 20",Belleville,MI,4.199,42.194858,-83.485425
PITSTOP MOBIL MART,"I-196, EXIT 72",Wyoming,MI,3.549,42.900867,-85.705775
HOLIDAY STATIONSTORE #2746345,"I-94, EXIT 103/US-52 & SR-29",Alexandria,MN,3.499,45.881747,-95.381994
PETES PLACE SOUTH,US-71 & US-2,Bemidji,MN,3.4157,47.488071,-94.848809
CIRCLE K #3819,SR-7,Clara City,MN,3.3323,44.963912,-95.349902
HOLIDAY STATIONSTORE #2746422,"I-35, EXIT 253B",Duluth,MN,3.499,47.094431,-91.846731
KWIK TRIP #619,US-14 & ST-57,Kasson,MN,3.549,44.024029,-92.74642
HOLIDAY STATIONSTORE #2746376,"I-35W, EXIT 36 & CR-23",Circle Pines,MN,3.549,45.152841,-93.143984
7Fleet #46516,"I-75, EXIT 164",Waite Park,MN,3.459,45.54972,-94.224481
Petro Mart #15,I-270 EXIT 33,Saint Louis,MO,2.904,38.642574,-90.324189
AMERIMART # 11,US-61,Jackson,MO,3.299,37.387885,-89.651939
SIGNAL FOOD STORE #110,US-60 & SR-5,Mansfield,MO,3.0257,37.1273,-92.593553
KUM & GO #0497,US-60/SR-413 & CR-M,Republic,MO,3.079,37.123017,-93.480041
WILD BILLS TRAVEL CENTER,US-65 & SR-14,Ridgedale,MO,3.199,36.524662,-93.277808
TREX MART #11,"I-29, EXIT 65 & US-59",Savannah,MO,2.999,39.916774,-94.826733
GAS MART,"US-78, EXIT 14 & SR-309",Byhalia,MS,2.9723,34.885351,-89.676332
CIRCLE K #2723396,US-49,Collins,MS,3.879,31.670712,-89.543809
CIRCLE K #2723401,US-98 BYP/SR-44 & SR-13,Columbia,MS,3.3323,31.255877,-89.799785
SINGH PETRO,US-11,Ellisville,MS,3.059,31.579663,-89.223073
CIRCLE K #2723437,US-49,Florence,MS,2.8957,32.153002,-90.121672
SHELL GAS MART,US-82,Mathiston,MS,3.3657,33.541493,-89.127479
Taters #2,US-98 & SR-29,New Augusta,MS,3.3157,31.130907,-89.028611
CIRCLE K #2723390,US-98,New Augusta,MS,3.199,31.130907,-89.028611
NEWTON CROSSING,"I-20, EXIT 109 & SR-15",Newton,MS,3.249,32.324448,-89.183951
STUCKEYS EXPRESS,US-43S,Pelahatchie,MS,3.199,32.317994,-89.79135
CEFCO #544,"I-55/US-51, EXIT 81",Terry,MS,2.899,32.114683,-90.324143
SHELL EXPRESS MART,SR-7 & SR-315,Water Valley,MS,3.0657,34.152466,-89.637986
CIRCLE K #2723402,US-49,Wiggins,MS,3.509,30.86095,-89.132369
COUNTRY MART,US-13/SR-11,Bethel,NC,3.0073,35.790885,-77.374765
CIRCLE K #2723474,US-70,Goldsboro,NC,3.5407,35.382585,-78.015813
DOBBS PLACE,"I-95, EXIT 17",Lumberton,NC,3.159,34.629301,-79.008309
CIRCLE K #2723473,US-70,Morehead City,NC,3.649,34.72532,-76.753069
SPEEDWAY #8277,US-17 & SR-43,New Bern,NC,3.2657,35.101941,-77.031945
SPEEDWAY #6964,SR-125 & SR-11/SR-42,Oak City,NC,3.1973,35.959736,-77.300362
CIRCLE K #2720939,"I-795/US-264, EXIT 43A & US-301",Wilson,NC,3.049,35.727022,-77.922733
SPEEDWAY #6931,"I-40, EXIT 195 & SR-109",Winston Salem,NC,3.609,36.10237,-80.222798
INTERSTATE CENEX,"I-94, EXIT 1 & SR-16",Beach,ND,3.499,46.932381,-103.98429
SIMONSON TRAVEL CENTER,"I-29, EXIT 141 & US-2",Grand Forks,ND,3.539,47.901041,-97.04463
CENEX C STORE,US-2 & SR-3,Rugby,ND,3.399,48.317264,-99.998954
HEBRON SINCLAIR,US-81,Hebron,NE,3.284,40.172807,-97.605228
CUBBYS #2107,US-20/SR-15,Laurel,NE,3.139,42.427036,-97.087381
Caseys #4526,"I-80, EXIT 237",Lexington,NE,3.0573,40.785002,-99.751515
AM ENERGY,"I-80, EXIT 248",Overton,NE,2.899,40.751875,-99.527824
SHOEMAKERS SOUTH,US-77,Roca,NE,3.349,40.670195,-96.639085
ESSENTIAL FUEL #3,ST 71,Scottsbluff,NE,3.599,41.871975,-103.661914
CUBBYS #117,SR-2 & SR-50,Syracuse,NE,3.319,40.661386,-96.182407
TRAILS WEST SINCLAIR,US-34 & SR-25,Trenton,NE,3.499,40.168096,-101.020073
PRIME STOP,ST 35,Wayne,NE,3.244,42.230439,-97.018579
CIRCLE K #4707214,"I-93, EXIT 12S & I-89 & SR-3A",Bow,NH,4.199,43.138788,-71.544814
EPPING FUELING CENTER,SR-27 & SR-125,Epping,NH,4.029,43.041052,-71.076367
SUNOCO,SR-17,East Rutherford,NJ,3.1923,40.838527,-74.104069
Edison Fuel Stop,US-1,Edison,NJ,3.159,40.517079,-74.397286
Union 76,"I-55, EXIT 50A",Richwood,NJ,3.399,39.7225,-75.165833
SUNOCO- RICHARD STOCKTON PLAZA #7009,NJ TURNPIKE MILE POST 58.7,Trenton,NJ,3.899,40.2169,-74.7433
PHILLIPS 66,US-30,Clementon,NJ,3.199,39.80703,-75.003997
PILOT #891,"I-80, EXIT 27B",Ledgewood,NJ,4.099,40.878028,-74.655405
THIND TRAVEL PLAZA,SR-20,North Bergen,NJ,3.259,40.793019,-74.017715
UTE MOUNTAIN TRAVEL CENTER,US-160 & US-491,Towaoc,CO,3.4573,37.208408,-108.719993
BETTY ROSS TRUCK STOP /BP,US-130 & SR-73,Pennsauken,NJ,3.329,39.962742,-75.063446
SUNOCO,US 22 WEST,Phillipsburg,NJ,3.329,40.692819,-75.1741
CONOCO,US-22,Phillipsburg,NJ,3.359,40.692819,-75.1741
SWIFT FUEL STOP,"I-78, EXIT 13",Newark,NJ,3.879,40.7308,-74.1744
US GAS & DIESEL,US-46,Ridgefield,NJ,3.229,40.832568,-74.001531
ENRITE,"I-287, EXIT 4",South Plainfield,NJ,3.999,40.583884,-74.414695
SOUTH BRUNSWICK VALERO,US-130,North Brunswick,NJ,3.1657,40.453767,-74.482285
Phillips 66,"I-295, EXIT 1",Vineland,NJ,3.359,39.48177,-75.009087
RIGGINS TRUCK PLAZA,"I-55, EXIT 26",Vineland,NJ,3.269,39.48177,-75.009087
SUNOCO- GROVER CLEVELAND TRAVEL PLAZA #7014,"NORTH NJ TNPK, EXIT 11",Woodbridge,NJ,3.899,40.555973,-74.284542
ROAD RUNNER TRAVEL CENTER,"I-25, EXIT 156",Lemitar,NM,3.299,34.155999,-106.904381
Roswell #60,US-285,Roswell,NM,3.3657,33.388504,-104.525857
BLACK MESA TRAVEL CENTER,"I-25, EXIT 252",Algodones,NM,3.269,35.428527,-106.616589
CHEVRON #381125,US-95,Hawthorne,NV,4.079,38.534658,-118.641143
CHAMPLAIN PETERBILT FUEL MART,"I-87, EXIT 43",Champlain,NY,3.799,44.977292,-73.446603
PETROL 9 W,US-9W,Glenmont,NY,3.699,42.597147,-73.795884
MIRABITO #74,"SR-79 N/I-88E, EXIT 6",Harpursville,NY,4.659,42.18232,-75.654538
NATIVE PRIDE,"I-90, EXIT 58 & US-20",Irving,NY,2.899,42.573866,-79.059634
M AND M ALLEGANY JUNCTION,"I-86/SR-17, EXIT 23 & US-219/US-219 BUS",Limestone,NY,3.129,42.063945,-78.631979
MIRABITO #73,"I-88, EXIT 12",Otego,NY,3.999,42.41333,-75.207883
MAPLEFIELDS,SR-22 & SR-442,Peru,NY,3.799,44.585109,-73.529322
CIRCLE K #4707622,"I-90, EXIT 41",Seneca Falls,NY,3.999,42.909377,-76.792538
BELLSTORES #132,US-30 & SR-60,Ashland,OH,3.499,40.855892,-82.318931
NORTHSIDE FUEL STOP,US-30 & SR-19,Bucyrus,OH,3.5073,40.810306,-82.969829
MOBIL,"I-90/SR-2, EXIT 182B",Cleveland,OH,3.7657,41.4918,-81.6757
CLARKS PUMP N SHOP #10,SR- 32,Jackson,OH,3.699,39.042821,-82.647209
SPEEDWAY #9314,US-20 & SR-21,Massillon,OH,3.4823,40.811605,-81.497263
BARNEYS CONVENIENCE MART #15,"I-75, EXIT 195 & I-90, EXIT 64 & SR-795",Rossford,OH,3.599,41.604908,-83.563793
CIRCLE K #4705357,US-23 & SR-316,Ashville,OH,3.089,39.731576,-82.944567
QUICK MART AND MORE,US-22 & SR-43,Steubenville,OH,3.639,40.370638,-80.66115
HUTCH'S #103,SR-6 & SR-66,Elk City,OK,2.969,35.410359,-99.421086
TXB #24 dba Kwik Chek Food Stores,US-70,Hugo,OK,2.969,34.011339,-95.513876
QWIK CHEQUE,US-70 & SR-37,Idabel,OK,3.199,33.88512,-94.802012
Petes #15,US-169 & SR-88,Oologah,OK,3.159,36.443723,-95.72901
THACKERSVILLE TRAVEL PLAZA,"I-35, EXIT 1",Thackerville,OK,2.9323,33.788167,-97.136349
PILOT TRAVEL CENTER #422,"I-85, EXIT 41 & US-29",Newnan,GA,3.699,33.389404,-84.816952
FLYING J TRAVEL PLAZA #633,"I-20, EXIT 138",Union Point,GA,3.859,33.634544,-83.087913
GETGO #3602,"I-76, EXIT 146 & I-99, EXIT 1 & US-220",Bedford,PA,4.0923,39.990838,-78.526071
ONVO TRAVEL PLAZA,"I-78, EXIT 13 & SR- 501",Bethel,PA,3.3473,40.480834,-76.274209
KWIK FILL #239,ST 51,Crescent,PA,3.799,40.5575,-80.230278
RUTTERS #17,US-15 & SR-234,East Berlin,PA,4.294,39.964546,-77.007252
TURKEY HILL #950324,US-322 & SR-23/SR-897,East Earl,PA,3.7857,40.139475,-76.027634
SAC SHOP #512,US-30,Everett,PA,4.099,40.009808,-78.371315
SAC SHOP #514,I-76/I-70 & US-30,Everett,PA,4.099,40.009808,-78.371315
SHELL,"I-95, EXIT 46A & US-1",Fairless Hills,PA,3.899,40.174822,-74.851923
SUNOCO SERVICE STATION,"I-81, EXIT 5",Greencastle,PA,3.899,39.781827,-77.746956
7-ELEVEN #40284,"I-76, EXIT 19/247",Hershey,PA,3.9673,40.263767,-76.654518
PILOT TRAVEL CENTERS #1,"I-80,  EXIT 173",Mill Hall,PA,4.0157,41.086688,-77.483609
LIBERTY EXXON,US-15 & SR-414,Liberty,PA,3.699,41.565571,-77.119505
SHEETZ #048,US-22,Nanty Glo,PA,3.5173,40.470435,-78.837504
WELMART,"SR-28, EXIT 16",Natrona Heights,PA,4.1923,40.628862,-79.725621
T&C MINI MART,SR-33 & SR-191,Stockertown,PA,3.699,40.753889,-75.2625
A PLUS MINI MARKET,US-1 & SR-132,Feasterville Trevose,PA,3.899,40.151188,-74.983758
RUTTERS #60,US-30 & SR-116,York,PA,4.249,39.963539,-76.726887
CIRCLE K #2705377,"I-20, EXIT 22 & US-1",Aiken,SC,3.129,33.553024,-81.719429
SPEEDWAY/7fleet #4587,US-501,Aynor,SC,3.124,33.982271,-79.17773
CIRCLE K #2723355,US-52,North Charleston,SC,3.399,33.0562,-80.0759
HOT SPOT #2022,US-25/US-76,Honea Path,SC,2.909,34.441723,-82.425471
SPEEDWAY #2836,US-17,Johns Island,SC,3.069,32.709697,-80.094294
CIRCLE K #2723441,"I-82, EXIT 73 & SR-773",Prosperity,SC,3.1157,34.183243,-81.532353
PILOT #4567,I-77 EXIT 77,Rock Hill,SC,3.149,34.915068,-81.012904
LEES QUICK STOP,US-52 & SR-45,Saint Stephen,SC,3.4157,33.405953,-79.937635
JET TRUCK PLAZA,"I-29, EXIT 47",Beresford,SD,3.159,43.087409,-96.781256
SHELL,"I-29, EXIT 132",Huron,SD,3.359,44.359022,-98.216293
ZIP TRIP #81,"I-29, EXIT 62 & US-18",Lennox,SD,3.204,43.345066,-96.882061
281 TRAVEL CENTER,US-281,Wolsey,SD,3.089,44.399072,-98.474251
QUICK STOP #34,US-11/SR-1,Bristol,TN,3.299,36.568643,-82.181864
Sudden Service #61,SR-149 & SR-46,Cumberland City,TN,3.564,36.366924,-87.63494
Chevron,US-64,Fayetteville,TN,3.754,35.152678,-86.566448
CASEYS GOODSTOP #4036,"I-40, EXIT 355",Kingston,TN,3.164,35.852807,-84.497054
SPEEDWAY #7138,"I-24, EXIT 70 & SR-102",Smyrna,TN,3.049,35.965611,-86.504818
ALLSUPS CONVENIENCE STORE #2331,I-20 & FM 600,Abilene,TX,2.8757,32.468155,-99.718208
CIRCLE K #2706343,"I-20, EXIT 428",Fort Worth,TX,2.969,32.7469,-97.3268
ALLSUPS CONVENIENCE STORE #2169,US-287,Chillicothe,TX,2.8957,34.243946,-99.515669
FUEL CITY #2,"I-30, EXIT 45B/I-35E",Dallas,TX,2.9657,32.996848,-96.792113
ALLSUPS CONVENIENCE STORE #2103,US-287/US-81,Decatur,TX,2.899,33.235077,-97.573995
SUPER STOP #22,SR-87 & SR-12,Orange,TX,3.439,30.125167,-93.771883
PILOT #894,US-57 & US-277,Eagle Pass,TX,3.899,28.702786,-100.48176
VALLEY MART #09,US-277,Eagle Pass,TX,3.199,28.702786,-100.48176
ONE9 #1300,US-287 & SR-34,Ennis,TX,2.869,32.332102,-96.622363
ALLSUPS CONVENIENCE STORE #2225,US-60,Friona,TX,2.999,34.640298,-102.719139
CEFCO #2004,"I-35 , EXIT 499",Vernon,TX,2.8607,34.149135,-99.30301
CIRCLE G TRUCK STOP,US-183 & SR-97,Gonzales,TX,2.799,29.50857,-97.449456
CIRCLE K #2704037,US-90/SR-97 & US-183,Gonzales,TX,2.904,29.50857,-97.449456
Paradise RV & Truck Park,US-287/US-81,Alvord,TX,2.8157,33.36982,-97.688488
STRIPES 7FLEET #42427,US-385 & SR-191,Odessa,TX,3.289,31.8465,-102.3663
RIVER MART,US-281/SR-241,Pharr,TX,3.349,26.177053,-98.187022
CIRCLE K #2741499,SR-35 & FM-1069,Rockport,TX,2.8057,28.020278,-97.054167
CIRCLE K #2723373,US-11 & SR-622,Atkins,VA,3.349,36.866532,-81.404791
XPRESS STOP,US-522 & SR-694,Cross Junction,VA,3.3323,39.3762,-78.299724
NEW DIXIE MART #15,US-58 & SR-671,Franklin,VA,3.099,36.678625,-76.939108
7-ELEVEN #34516,"I-66, EXIT 6",Front Royal,VA,3.5257,38.926783,-78.179617
LEESBURG CITGO,US-15,Leesburg,VA,3.499,39.0867,-77.5775
FOSTERS CONVENIENCE STORE,US-29 & SR-685,Rustburg,VA,3.599,37.25454,-79.121507
STATELINE FOOD MART #69,US-23,Pound,VA,3.599,37.092734,-82.601555
JOLLEY #136,"I-89, EXIT 21",Alburgh,VT,3.539,44.968454,-73.280963
CITGO,"I-91, EXIT 3 & US-5",Brattleboro,VT,3.6723,42.857353,-72.593322
BEAR CREEK CITGO,US-45 & SR-76/SR-22,Bear Creek,WI,3.439,44.5348,-88.740375
EDGAR TRAVEL CENTER,SR-29 & CR-H,Edgar,WI,3.559,44.903831,-89.998029
KWIK TRIP #921,SR-13 & SR-21,Friendship,WI,3.274,43.989629,-89.814875
BP,"I-43, EXIT 180",Green Bay,WI,3.349,44.485313,-88.016868
ADDISON STATION,"I-41/US-41, EXIT 68 & CR-K",Hartford,WI,3.149,43.315749,-88.370727
BP,US-45,Kewaskum,WI,3.219,43.521446,-88.19253
KWIK TRIP #628,US-45,Larsen,WI,3.4323,44.198421,-88.696305
HI WAY HOP BP,"I-42/US-41, EXIT 85 & SR-67",Lomira,WI,3.099,43.588489,-88.441309
SHELL,US-41 & SR-67,Lomira,WI,3.389,43.588489,-88.441309
KWIK TRIP #399,SR-21 & SR-80,Necedah,WI,3.249,44.034481,-90.059976
HIGHWAY HARRY'S,I-90/I-94 EXIT 61 & SR-80,New Lisbon,WI,3.1723,43.88775,-90.152407
PLAINFIELD PLAZA,SR-73 & I-39,Plainfield,WI,3.2907,44.209079,-89.455896
KWIK TRIP #683,"I-39, EXIT 92 & US-51",Portage,WI,3.249,43.550145,-89.47139
Kracheys BP Truck Stop,US-18 & SR-35,Prairie Du Chien,WI,3.574,43.042649,-91.119305
TREGO TRAVEL CENTER,US-53 & CR-E,Trego,WI,3.5823,45.951556,-91.858051
KWIK TRIP #1048,"I-90, EXIT 12",West Salem,WI,3.3173,43.906253,-91.089311
KWIK TRIP #673,"I-90 & SR-19, EXIT 131",Windsor,WI,3.254,43.214121,-89.341469
RSTORE #4499,US-45 & SR-29,Wittenberg,WI,3.1557,44.823247,-89.166479
CHANEYS SERVICE STATION,US-30 & SR-2,Chester,WV,3.799,40.598109,-80.558439
PAR MAR FOOD STORE #52,US-50 & CR-50/16,West Union,WV,4.099,39.276185,-80.791057
Hat Six Travel Center,"I-25/US-87, EXIT 182 & SR-253/SR-256",Evansville,WY,3.999,42.861384,-106.263886
SOUTHSIDE TRAVEL CENTER,US-20/SR-789,Thermopolis,WY,3.799,43.662152,-108.231297
PILOT TRAVEL CENTERS #434,"I-35W, EXIT 65",Fort Worth,TX,3.264,32.7469,-97.3268
PILOT TRAVEL CENTERS #455,"I-71, EXIT 140",Marengo,OH,3.719,40.389512,-82.812136
AM PM TRAVEL CENTER,US-1/SR-4,Blythe,GA,3.599,33.294088,-82.203044
ROAD RANGER #132,"I-57, EXIT 240",Champaign,IL,3.409,40.111017,-88.240747
Mobil,I-475,Flint,MI,3.199,43.0233,-83.6856
PS FOOD MART #1034,"I-94, EXIT 110 & US-27",Marshall,MI,3.429,42.272047,-84.95828
PILOT TRAVEL CENTERS #199,"I-20, EXIT 33",Haughton,LA,3.1457,32.550732,-93.565742
SPEEDWAY #6661,"I-94, EXIT 40  & US-20 & US-35",La Porte,IN,3.599,41.599438,-86.707654
SPEEDWAY #6662,US-20 & SR-15,Bristol,IN,3.549,41.716885,-85.826192
LOVES TRAVEL STOPS #283,"E I-30 & FM 549, EXIT 70",Rockwall,TX,3.049,32.931111,-96.459444
PILOT TRAVEL CENTERS #396,"I-81, EXIT 213",Staunton,VA,3.659,38.145104,-79.07519
VALERO,SR-31,Clinton,NJ,3.359,40.641194,-74.908846
FLYING J TRAVEL PLAZA #710,"I-81, EXIT 219",New Milford,PA,4.1757,41.866409,-75.717113
7-ELEVEN #36073,"I-77, EXIT 54 & US-21",Statesville,NC,2.879,35.8381,-80.8842
PILOT TRAVEL CENTER #4619,"I-81 & I-77, EXIT 77",Wytheville,VA,3.5507,36.940669,-81.094082
MR FUEL DBA ONE9 #1245,"I-55, EXIT 52 & SR-16",Litchfield,IL,3.199,39.179345,-89.649915
FLYING J TRAVEL PLAZA #647,"I-64, EXIT 25 & US-41",Haubstadt,IN,3.959,38.189536,-87.579827
LOVES TRAVEL STOP #299,"US-75, EXIT 48 & SR-455",Anna,TX,3.1973,33.344516,-96.563862
7-Eleven/7FLEET #40496,"I-81, EXIT 47 & SR-12",Watertown,NY,4.149,43.974258,-75.912212
ATOKA FUEL,US-75/US-69/SR-3,Atoka,OK,3.179,34.34451,-96.141827
CASEYS #2732,US-30 & US-284/SR-2,Grand Island,NE,3.149,40.921858,-98.341062
Marathon,"I-94/US-52, EXIT 346 & CR-17",West Fargo,ND,3.029,46.869523,-96.895002
CUMBERLAND CORNER MART,SR-90 & US-127,Albany,KY,3.574,36.68569,-85.140677
QUICK FUEL #5001,US-78/SR-4,Memphis,TN,3.0257,35.0337,-89.9343
MAIN ST JUNCTION,SR-14 & SR-15,Louisville,MS,3.099,33.105824,-89.028653
CIRCLE K #2705937,US-301/SR-35 & SR-50,Dade City,FL,3.3323,28.4297,-82.2082
PILOT  #1105,SR-29 & SR-182,Bunkie,LA,3.2123,30.949284,-92.182582
BEACON & BRIDGE #13,"US-127, EXIT 117",Ithaca,MI,3.649,43.282808,-84.60883
KWIK TRIP #623,US-61,Minnesota City,MN,3.399,44.083222,-91.741808
SPEEDWAY #6967,"US-17, EXIT 227 & SR-32",Edenton,NC,3.287,36.090777,-76.622384
DANCING EAGLE,"I-40, EXIT 108",Casa Blanca,NM,3.359,35.035222,-107.433907
BIG D TRAVEL CENTER,SR-12 & SR-183,Irving,TX,2.9557,32.842,-96.9719
LOVES TRAVEL STOP #298,"I-35, EXIT 39 & SR-44",Encinal,TX,3.589,28.051329,-99.340902
FLYING J TRAVEL PLAZA #660,"I-64, EXIT 185 & SR-180",Catlettsburg,KY,3.7657,38.379946,-82.632065
FLYING J TRAVEL PLAZA #626,"I-95/SR-9, EXIT 305 & SR-206",Saint Augustine,FL,3.449,29.8364,-81.2745
LOVES TRAVEL STOP #221,I-70 EXIT 160,Zanesville,OH,3.4823,39.944265,-82.008898
LOVES TRAVEL STOP #238,"I-65, EXIT 116 & SR-480",Shepherdsville,KY,3.599,38.004515,-85.688767
PILOT TRAVEL CENTER #459,"I-10, EXIT 133",Avondale,AZ,3.587,33.432114,-112.343754
SAPP BROS TRAVEL CENTER,"I-29, EXIT 10 & SR-2",Percival,IA,3.789,40.740148,-95.809307
LOVES TRAVEL STOP #239,"I-81/US-11, EXIT 84 & SR-619",Max Meadows,VA,3.545,36.91708,-80.921391
SPACE AGE TRAVEL CENTER,"I-84, EXIT 183 & SR-207",Hermiston,OR,3.3323,45.844992,-119.284876
FLYING J TRAVEL PLAZA #643,"I-70 & I-57, EXIT 160",Effingham,IL,3.299,39.121727,-88.561105
Roady's Lucky Deuces,"I-10, EXIT 92 & SR-95",Duson,LA,3.0357,30.191216,-92.152455
Colfax Travel Center,"I-80, EXIT 159 & SR-117",Colfax,IA,3.149,41.678785,-93.258816
WILCO FAST BREAK,US-61/US-24,Palmyra,MO,3.119,39.791309,-91.536817
FAS MART #5134,"I-72, EXIT 144 S",Decatur,IL,3.459,39.827137,-88.925984
ROAD RANGER #136,"I-90, EXIT 147",Cottage Grove,WI,3.544,43.078405,-89.201692
FLYING J TRAVEL PLAZA #602,"I-65, EXIT 264",Birmingham,AL,3.559,33.519,-86.8014
TA PRESCOTT TRAVEL CENTER,"I-30, EXIT 44",Prescott,AR,3.5023,33.804029,-93.372544
FLYING J #1043,"I-15, EXIT 113",Idaho Falls,ID,3.699,43.517679,-111.990626
LOVES TRAVEL STOP #237,"I-20, EXIT 171 & US-65",Tallulah,LA,3.259,32.402127,-91.190066
LOVES TRAVEL STOP #272,"I-40 & DW (RANCH RD), EXIT 59",Kingman,AZ,3.8557,35.258379,-114.05689
PILOT TRAVEL CENTERS #195,"I-84, EXIT 104 & US-97",Wasco,OR,3.8657,45.597447,-120.730356
FLYING J TRAVEL PLAZA #707,"I-80, EXIT 78",Brookville,PA,4.034,41.159986,-79.064101
LOVES TRAVEL STOPS #216,US-67 & US-287,Midlothian,TX,3.199,32.475743,-96.993551
TA TAMPA TRAVEL CENTER,"I-4, EXIT 10",Seffner,FL,3.3957,27.983333,-82.275833
FLYING J TRAVEL PLAZA #698,"I-71, EXIT 69",Jeffersonville,OH,3.399,39.65896,-83.56873
PETRO STOPPING CENTER #345,I-69 EXIT357,Fremont,IN,3.899,41.733125,-84.945247
PILOT TRAVEL CENTERS #130,"I-77, EXIT 145",Richfield,OH,3.799,41.23712,-81.646668
Caseys #4419,I-165 EXIT 5,Bowling Green,KY,3.0257,37.007874,-86.455891
LOVES TRAVEL STOP #220,"I-25/US-87, EXIT 7 & SR-212",Cheyenne,WY,3.709,41.143719,-104.796234
WINDMILL BP,"US-20, EXIT 208 & SR-14",Holland,IA,3.599,42.40114,-92.799884
PILOT TRAVEL CENTERS #114,"I-40, EXIT 320",Crossville,TN,3.2457,35.944041,-85.017171
ROAD RANGER #205,"I-90, EXIT 1",South Beloit,IL,3.469,42.483672,-89.029791
TIME OUT TRAVEL CENTER,"I-40, EXIT 432-B",Newport,TN,2.9657,35.954431,-83.202749
FLYING J TRAVEL PLAZA #709,"I-80, EXIT 173",Mill Hall,PA,4.0157,41.086688,-77.483609
FLYING J TRAVEL PLAZA #716,"I-29, EXIT 83",Sioux Falls,SD,3.899,43.488,-96.7343
LOVES TRAVEL STOP #321,"SR 770 & I-75 , EXIT 29",Corbin,KY,3.599,36.934429,-84.10208
HOLIDAY STATIONSTORE #2746262,I-175 EXIT 394,Sault Sainte Marie,MI,3.799,46.473932,-84.346746
128 NEWTON GAS,"I-95, EXIT 20A/SR-128 & SR-9",Newton Lower Falls,MA,4.299,42.329167,-71.254167
TAURO,"SR-78, EXIT 3",Phillipsburg,NJ,3.3423,40.692819,-75.1741
GENES GO TRUCK STOP,"I-10/US-83, EXIT 456 & US-377",Junction,TX,3.289,30.47544,-99.74731
EXXON,"I-24 & HUSBAND ROAD, EXIT 11",Paducah,KY,3.1573,37.063377,-88.663204
HEARTLAND XPRESS,US-67 & SR-M,Poplar Bluff,MO,3.199,36.766235,-90.416647
CORNER MART #349,"I-26, EXIT 54 & SR-72",Clinton,SC,3.099,34.470692,-81.87717
Amoco,I-40 EXIT 447,Hartford,TN,3.099,35.825597,-83.099642
KANGAROO CROSSING,SR-35,Kosciusko,MS,3.199,33.0446,-89.572351
ROAD RANGER #267,US-281,Pharr,TX,3.564,26.177053,-98.187022
KEYSVILLE SAV U TIME,US-360,Keysville,VA,3.399,37.041086,-78.469912
KWIK TRIP #414,"I-90, EXIT 209A & US-63/SR-30",Stewartville,MN,3.5573,43.867345,-92.454654
NEW JERSEY TRUCK STOP DIESEL ONLY,"I-95, EXIT 15E & US-9/US-1",Kearny,NJ,3.759,40.76466,-74.147108
CIRCLE K #2723692,"I-26, EXIT 213",North Charleston,SC,3.399,33.0562,-80.0759
TERRIBLE HERBST #243,I-95 & SR-164,Searchlight,NV,3.8323,35.447601,-114.924182
FLYING J TRAVEL PLAZA #509,"I-15, EXIT 112",Beaver,UT,3.689,38.28071,-112.629916
QUARTERS TRAVEL PLAZA,"I-49, EXIT 23 & US-167 /SR-744",Opelousas,LA,3.184,30.51442,-92.089668
LOVES TRAVEL STOP #479,"I-29, EXIT143",Sioux City,IA,3.6423,42.497223,-96.40292
CROSSROADS EXPRESS,US-36 & US-83,Oberlin,KS,3.089,39.827507,-100.531389
7-ELEVEN #39467,"I-95, EXIT 16E",Jersey City,NJ,3.259,40.7164,-74.038
LOVES TRAVEL STOP #235,"I-29 & US-169, EXIT 44",Saint Joseph,MO,3.3323,39.768755,-94.838488
FLYING J TRAVEL PLAZA #697,"I-80, EXIT 234B",Hubbard,OH,3.459,41.162401,-80.576192
ONVO TRAVEL PLAZA - HARFORD,"I-81, EXIT 217 & SR-547",Harford,PA,3.589,41.779891,-75.678632
ONVO TRAVEL PLAZA PINE GROVE,"I-81, EXIT 32",Pine Grove,PA,3.539,40.567093,-76.326913
FLYING J TRAVEL PLAZA #645,"I-270 & SR-11, EXIT 6",Granite City,IL,3.559,38.721572,-90.115822
LOVES TRAVEL STOP #306,"I-40/SR-66, EXIT 412",Dandridge,TN,3.689,36.001798,-83.404435
ROAD RANGER #226,"I-65, EXIT 99",Greenwood,IN,3.6007,39.622398,-86.148993
ROAD RANGER #139,"I-57, EXIT 212",Tuscola,IL,3.229,39.799509,-88.281585
ROAD RANGER #225,"I-80, EXIT 56",Princeton,IL,3.289,41.362934,-89.427017
LOVES TRAVEL STOP #249,"I-55, EXIT 109",Williamsville,IL,3.389,39.930438,-89.534172
LOVES TRAVEL STOP #209,"I-20, EXIT 3 & US-80 & SR-169",Greenwood,LA,3.134,32.424025,-93.969252
SPEEDWAY #3446,"I-95, EXIT 10 & SR-440",Edison,NJ,3.5857,40.517079,-74.397286
LOVES TRAVEL STOPS #228,"I-4, EXIT 44",Polk City,FL,3.389,28.19867,-81.808282
CIRCLE K #2721591,"I-10, EXIT 10 & US-29/SR-95",Pensacola,FL,3.2223,30.422282,-87.224763
CIRCLE K #2721592,"I-10, EXIT 5 & US-90 ALT",Pensacola,FL,3.2223,30.422282,-87.224763
CHOCTAW TRAVEL PLAZA #638,US-270 & US-59 & US-112,Poteau,OK,3.299,35.060561,-94.609603
CIRCLE K #2721594,"I-10, EXIT 263",Slidell,LA,3.1707,30.278411,-89.771192
LOVES TRAVEL STOP #307,"I-75, EXIT 201",Jackson,GA,3.3857,33.282006,-83.978391
LOVES TRAVEL STOPS #305,"I-81, EXIT 291 & SR-651",Toms Brook,VA,3.649,38.97016,-78.403757
QUICK FUEL #5102,"SR-826, EXIT NW 58TH ST",Miami,FL,3.389,25.779,-80.1982
QUICK FUEL #5106,SR-589 & SR-580,Tampa,FL,3.4923,28.0879,-82.4593
QUICK FUEL #5105,"I-75, EXIT W BRANDON BLVD",Tampa,FL,3.5007,28.0879,-82.4593
Flying J Travel Plaza #656,"I-65, EXIT 95 & CR-500",Whiteland,IN,3.959,39.555313,-86.093476
7-ELEVEN #36575,"I-35, EXIT 248",Pflugerville,TX,2.899,30.442133,-97.629895
7-ELEVEN #36567,SR-6 & SR-21,Bryan,TX,3.144,30.632698,-96.36616
Timewise Food Store #163,"I-35, EXIT 8",Laredo,TX,2.9357,27.515538,-99.498579
TIMEWISE FOOD STORE #160,"I-10, EXIT 661",Flatonia,TX,3.199,29.709493,-97.098685
TIMEWISE FOOD STORE #162,"I-10, EXIT 456",Junction,TX,3.099,30.47544,-99.74731
PILOT #6996,"I-40, EXIT 364",Warsaw,NC,3.4723,34.99818,-78.086739
PILOT #6978,"I-74/I-73/US-220, EXIT 44 & SR-211",Candor,NC,3.999,35.22335,-79.787623
LOVES TRAVEL STOP #284,I-69C/US-281 & FM-2812,Edinburg,TX,3.1107,26.304221,-98.156922
LOVES TRAVEL STOP #246,I-80 EXIT 46,Fernley,NV,3.9157,39.601888,-119.235044
CIRCLE K #2706708,"I-185, EXIT 10",Midland,GA,3.339,32.561587,-84.855851
CHEVRON CURB STORE,SR-35 & SR-21,Forest,MS,3.569,32.346999,-89.467201
HENRIETTA TRUCK STOP,"I-390, EXIT 12 & I-90, EXIT 46",Henrietta,NY,3.899,43.048264,-77.612224
TIGERMART OF BUFFALO,"I-45, EXIT 178 & US-79",Buffalo,TX,3.599,31.457151,-96.058516
STRIPES #40813,US-281 & SR-285,Falfurrias,TX,3.0873,27.22416,-98.140844
MOBIL,"I-495, EXIT 26 & SR-62",Berlin,MA,3.699,42.384438,-71.635634
EXXON TIGER MART,"I-35, EXIT 386",Italy,TX,3.1223,32.178508,-96.88229
CIRCLE K #2703117,"I-20, EXIT 11",Graniteville,SC,3.159,33.563016,-81.814686
ROAD RANGER #236,"I-43, EXIT 38",East Troy,WI,3.0823,42.803531,-88.409215
7-ELEVEN #36548,SR-83,Laredo,TX,2.999,27.515538,-99.498579
ROAD RANGER #235,"I-90, EXIT 36",Hampshire,IL,3.369,42.080748,-88.517033
ROAD RANGER #140,"I-39, EXIT 72",Mendota,IL,3.269,41.544308,-89.10828
Pilot Travel Center #482,"I-57, EXIT 95",Mount Vernon,IL,3.359,38.317014,-88.910525
LOVES TRAVEL STOP #308,"I-40, EXIT 86 & SR-226",Marion,NC,3.739,35.681916,-82.017993
PETRO COLBY TRUCKSTOP,"I-70, EXIT 53 & SR-25",Colby,KS,3.599,39.383038,-101.044169
LOVES TRAVEL STOP #291,"I-75, EXIT 95 & SR-627",Richmond,KY,3.599,37.754605,-84.295526
LOVES TRAVEL STOP #309,"I-80, EXIT 332 & SR-14",Aurora,NE,3.289,40.852838,-98.020107
ROUTE 66 TRAVEL CENTER,"I-40, EXIT 140",Albuquerque,NM,3.359,35.0936,-106.6423
BETTY BEAVERS TRUCKSTOP,"I- 90, EXIT 29",Canajoharie,NY,3.599,42.88239,-74.583522
Hola,US-27/SR-80/SR-25,South Bay,FL,3.419,26.670126,-80.731214
PUMP & PANTRY #29,US-30,Central City,NE,3.3373,41.121259,-98.001693
PUMP & PANTRY #23,"US-34, EXIT 4TH AVE",Holdrege,NE,3.449,40.447527,-99.367233
CIRCLE K #4707000,SR-9,Baileyville,ME,3.899,45.133234,-67.417519
STRIPES #40809,"I-37, EXIT 56",George West,TX,3.044,28.320388,-98.116159
GULF OIL #5045,I-90 EXIT 83,Charlton,MA,3.909,42.137902,-71.966384
CIRCLE K #4707046,"I-95, EXIT 6",Scarborough,ME,3.909,43.578056,-70.322222
CIRCLE K #4707206,SR-125,Epping,NH,3.7673,43.041052,-71.076367
SPEEDWAY #6973,US-1,Wake Forest,NC,2.949,35.981544,-78.539213
CIRCLE K #4707023,US-1A,Holden,ME,3.7323,44.742209,-68.648307
CIRCLE K #4707217,US-2 & SR-16,Gorham,NH,3.7507,44.399601,-71.179983
LOVES TRAVEL STOP #310,"I-80/US-30, EXIT 173",Wamsutter,WY,3.723,41.658278,-108.151674
CIRCLE K #4707208,"I-93, EXIT 23",New Hampton,NH,3.659,43.618393,-71.643513
CEFCO #48,"I-35, EXIT 304",Temple,TX,2.9657,31.089518,-97.334264
CIRCLE K #2723123,"I-95, EXIT 71",Dunn,NC,3.1423,35.316511,-78.615079
One9 SPEEDWAY #6753,"I-78, EXIT 1",Fleetwood,PA,3.8323,40.446766,-75.8144
7-ELEVEN #40508,"I-80, EXIT 90",Elkhart,IN,3.999,41.710083,-85.972949
TA DEMOTTE TRAVEL CENTER,"I-65, EXIT 230",Demotte,IN,3.4473,41.171319,-87.249129
MOOSETRACKS #752,"I-85, EXIT 113",High Point,NC,3.114,35.959313,-80.011673
PETRO STOPPING CENTER,"I-59, EXIT 181 & US-77",Gadsden,AL,3.999,33.997248,-86.010279
FLYING J TRAVEL PLAZA #692,"I-80, EXIT 352 & US-93",Wells,NV,3.709,41.129798,-114.532752
PILOT TRAVEL CENTERS #394,"I-84, EXIT 6",Newburgh,NY,4.359,41.517833,-74.03598
JOLLEY #150,"I-89, EXIT 19",Saint Albans,VT,3.539,44.811138,-73.089025
QUIKTRIP #787,"I-675, EXIT 5",Ellenwood,GA,3.109,33.61,-84.288056
CASEYS #4205,"I-40/75, EXIT 374",Knoxville,TN,3.099,35.9609,-83.9189
ABBYLAND TRUCK STOP,"SR-29, EXIT 127",Curtiss,WI,3.4623,44.960186,-90.459223
LOVES TRAVEL STOP #311,"I-20, EXIT 9",Waco,GA,3.3907,33.683986,-85.219674
One9 #254,"I-24, EXIT 169",Wildwood,GA,3.099,34.977911,-85.430456
FLYING J TRAVEL PLAZA #667,"I-69, EXIT 81SB / I-96, EXIT 9",Grand Ledge,MI,3.959,42.752924,-84.737314
LOVES TRAVEL STOP #432,"I-94/I-41,  EXIT 322 & SR-100",Oak Creek,WI,3.867,42.88916,-87.902661
XTRA MART #10093,SR-146,Millbury,MA,3.649,42.196779,-71.764438
PILOT TRAVEL CENTERS #149,"I-40, EXIT 42 & SR-222",Stanton,TN,3.509,35.448171,-89.33263
KWIK TRIP #743,US-10 & SR-114,Menasha,WI,3.5073,44.211164,-88.417536
KWIK TRIP #787,US-51 & CR-JJ,Schofield,WI,3.4157,44.906407,-89.581789
CM ST HELENA,SR-16,Amite,LA,3.399,30.718208,-90.570493
FLYING J #620,"I-70, EXIT 49",Smithton,PA,4.109,40.144267,-79.731277
LOVES TRAVEL STOP #313,"I-55, EXIT 58  & SR-80",Matthews,MO,3.2773,36.807528,-89.576833
PS FOOD MART #1042,"US-23, EXIT 17",Dundee,MI,3.429,41.951435,-83.652165
SPEEDWAY #6748,"I-94, EXIT 34 & US-421",Michigan City,IN,3.6823,41.698031,-86.869899
CASEYS #4204,SR-168,Knoxville,TN,3.259,35.9609,-83.9189
LOVES TRAVEL STOP #314,I-24 EXIT 89,Christiana,TN,3.4623,35.740877,-86.407932
ROAD RANGER #242,"I-44, EXIT 163",Saint Robert,MO,3.264,37.828056,-92.1775
ROAD RANGER #211,I-90 & RIVERSIDE BLVD,Loves Park,IL,3.469,42.32952,-89.033521
SPEEDWAY #8772,"I-69, EXIT 168 & SR-53",Imlay City,MI,3.779,43.042512,-83.070799
LOVES TRAVEL STOP #318,"I-57, EXIT 83 & CR-42",Ina,IL,3.389,38.152743,-88.889362
PILOT TRAVEL CENTERS #905- TOWN PUMP,"I-90, EXIT 109",Milltown,MT,3.609,46.871389,-113.880833
LOVES TRAVEL STOP #320,"I-16/SR-404, EXIT 49 & SR-257",Dublin,GA,3.3323,32.547794,-82.90368
CIRCLE K #2723438,"I-85, EXIT 96",Gaffney,SC,3.199,35.061508,-81.649061
PWI #172,"I-45, EXIT 258",Palmer,TX,2.7757,32.438714,-96.679429
Hucks Travel Center #052,"I-24/I-69, EXIT 40 & US-641/US-62/SR-93",Kuttawa,KY,3.699,37.061871,-88.149813
ZIP TRIP #60,"I-25, EXIT 299 & US-16/SR-196",Buffalo,WY,3.5807,44.34847,-106.70726
SHELL,"I-30, EXIT 160 & US-271/SR-49 & US-67",Mount Pleasant,TX,3.899,33.173309,-94.969461
PILOT DEALER #873,US-27,Miami,FL,3.699,25.779,-80.1982
7-ELEVEN #218,"I-44, EXIT 4",Harrold,TX,2.6873,34.097097,-99.035052
ONE9 #398,"I-75, EXIT 109",Vienna,GA,3.109,32.091291,-83.792198
PILOT TRAVEL CENTERS #247,"I-74, EXIT 39 & SR-32",Crawfordsville,IN,3.899,40.032524,-86.907424
PIT STOP,I-40 EXIT 221,Wheatley,AR,2.999,34.920703,-91.108645
CIRCLE K #2741796,"I-40, EXIT 5",Little Rock,AR,3.3657,34.748342,-92.281939
KWIK TRIP #871,"US-41, EXIT 124 & SR-76",Oshkosh,WI,3.2907,44.021962,-88.543635
MOTOMART #3361,"I-55, EXIT 129",Perryville,MO,2.989,37.717437,-89.873664
CIRCLE K #2723439,"I-26, EXIT 5",Campobello,SC,3.1323,35.108003,-82.140343
LOVES TRAVEL STOP #351,"I-80 & E 8TH RD, EXIT 81",Utica,IL,3.289,41.363033,-89.000795
SHADY NOOK,US-61/US-49,Lyon,MS,3.999,34.247369,-90.498147
TA FLORENCE TRAVEL CENTER,"I-95, EXIT 164 & US-52",Florence,SC,3.3257,34.18375,-79.772786
LOVES TRAVEL STOP #178,"US-35/KS TPKE, MM 26",Belle Plaine,KS,3.329,37.405155,-97.285221
SHELL,"I-4, EXIT 64",Plant City,FL,3.4473,28.0168,-82.1289
LIBERTY,US-202,Ringoes,NJ,3.399,40.44587,-74.828839
PETRO STOPPING CENTER #371,"I-90, EXIT 41",Waterloo,NY,4.1957,42.904515,-76.875498
LOVES TRAVEL STOP #319,"I-74, EXIT 61",Pittsboro,IN,3.889,39.861529,-86.464548
SPEEDWAY #6979,US-301,Wilson,NC,3.129,35.727022,-77.922733
RAPIDES STATION TRUCK STOP,"I-49, EXIT 94",Boyce,LA,3.099,31.321601,-92.686681
CEFCO #54,"I-35, EXIT 292",Belton,TX,2.9523,31.072298,-97.472025
BROOKSHIRE BROS #6111,US-259,Nacogdoches,TX,3.369,31.618534,-94.651093
SUBS AND GRUBS,"I-63, EXIT 39",Jonesboro,AR,3.389,35.833016,-90.696526
QUIKTRIP #873,"I-35W, EXIT 42",Fort Worth,TX,2.9757,32.7469,-97.3268
STATELINE CONOCO,"I-35, EXIT 114",Eagleville,MO,3.549,40.491197,-93.995058
TENAHA EXPRESS MART,US-96 & US-84,Tenaha,TX,3.299,31.940812,-94.248773
TA EXPRESS MINDEN,"I-20, EXIT 52",Minden,LA,3.114,32.632281,-93.288587
SPEEDWAY #4631,US-220,Bassett,VA,3.4157,36.753425,-80.005506
Gas n Go,"I-75, EXIT 117 AT MILE 117",Pinehurst,GA,3.099,32.196692,-83.720853
MISSILE MART #10,"I-40, EXIT 161",El Dorado,AR,3.499,33.20735,-92.662856
VILLAGE PANTRY #5210,"I-74, EXIT 206",Oakwood,IL,3.179,40.116656,-87.7825
CIRCLE K #2723988,"I-55, EXIT 61 & SR-38",Kentwood,LA,3.299,30.889215,-90.472829
CIRCLE K #2723672,"I-59/I-20, EXIT 128",Birmingham,AL,3.699,33.519,-86.8014
PWI #640,"I-10/US-95, EXIT 5",Ehrenberg,AZ,3.359,33.604167,-114.524444
QUICK FUEL #5302,"I-635, EXIT 14",Garland,TX,3.0873,32.922744,-96.624804
FLYING J FUEL STOP #668,"I-75, EXIT 151",Saginaw,MI,3.289,43.404692,-83.915626
LOVES TRAVEL STOPS #317,"I-95, EXIT 4 & SR-629",Skippers,VA,3.789,36.579685,-77.543663
CIRCLE K #2723668,SR-35,Fort Payne,AL,3.649,34.436792,-85.712394
SIBLEY FOOD FUEL,US-72/SR-20 & CR-150,Courtland,AL,3.399,34.671866,-87.314255
DUCK THRU FOOD STORE #18,US-13,Winton,NC,3.5623,36.382616,-76.936007
PILOT TRAVEL CENTER #911,I-90 EXIT 47,Superior,MT,3.559,47.172103,-114.888483
PLAQUEMINE TRUCK STOP,ST 1,Plaquemine,LA,3.999,30.268414,-91.252361
CIRCLE K #2741652,"I-10, EXIT 139",Phoenix,AZ,3.369,33.451,-112.0685
CLARK OIL #31,"I-10, EXIT 44",Biloxi,MS,2.849,30.403478,-88.897143
SHELL,US-167,Hensley,AR,3.589,34.591133,-92.214019
PILOT #4596,"I-81, EXIT 4",White Pine,TN,3.699,36.090299,-83.287921
JACK FLASH,I-55,Farmersville,IL,3.199,39.453048,-89.642718
BP CONNECT #4701,I-55,Chicago,IL,3.569,41.885847,-87.618123
CIRCLE K #4701207,"U-55, EXIT 220",Dwight,IL,3.349,41.088701,-88.415884
HAMMOND TRAVEL CENTER,"I-55, EXIT 31B & US-190/SR-3260",Hammond,LA,3.099,30.51908,-90.487856
CITGO,"I-55, EXIT 67",Blytheville,AR,3.389,35.934482,-89.922497
EZ MART #304,M-57,Middleton,MI,3.699,43.168911,-84.755221
Fast Stop Shell,I-10,Reserve,LA,3.799,30.060255,-90.551773
TEXACO #383124,SR-70,Saint James,LA,2.969,30.027598,-90.860549
CASH MAGIC BROUSSARD NORTH,"I-49, EXIT 103",Broussard,LA,3.399,30.12189,-91.950171
YESWAY #1167,US-62 & CR-41/CR-168,Ropesville,TX,3.0407,33.457499,-102.15841
Knapp Truck Stop,"I-64, EXIT 50 & SR-127",Nashville,IL,3.299,38.335208,-89.384058
CIRCLE K #9068,"I-65, EXIT 181",Millbrook,AL,3.2157,32.499485,-86.364125
DIAMOND #21,"I-65, EXIT 54",Atmore,AL,3.259,31.057245,-87.487347
FAMCO EXPRESS,"I-690, EXIT 8",Syracuse,NY,3.299,43.0459,-76.1528
SPEEDWAY #4346,SR-7,Calexico,CA,4.799,32.683227,-115.502815
LOVES TRAVEL STOP #175,"I-70, EXIT 187",Tecumseh,KS,3.289,39.021664,-95.537926
LOVES TRAVEL STOP #360,"I-65, EXIT 58 & SR-218 & SR-335",Horse Cave,KY,3.429,37.184939,-85.878549
COMPASS,"I-55, EXIT 282",La Grange,IL,3.549,41.801345,-87.875252
HUCKS FOOD & FUEL #54,I-74,Farmer City,IL,3.269,40.244689,-88.663385
SUPER SAVER EXPRESS,"I-10, EXIT 21",Sulphur,LA,2.999,30.219001,-93.363911
EXXON FUEL EXPRESS,"I-10/SR-8, EXIT 31 & SR-87",Milton,FL,3.999,30.660413,-87.047278
SHOP RITE #82,"I-10, EXIT 64",Jennings,LA,3.589,30.22011,-92.657405
COUNTRY BOYS COUNTRY STORE,"I-10, EXIT 813",Hankamer,TX,2.8657,29.87524,-94.593846
ST IGNACE TRUCKSTOP,I-75,Saint Ignace,MI,3.799,45.921527,-84.709409
SAMS SUNOCO,I-75,Toledo,OH,3.399,41.642,-83.5438
FOUR STAR FOOD MART,"I-75, EXIT 122",Lima,OH,3.144,40.764066,-84.097296
MARATHON #1554,"I-75, EXIT 21",Newport,MI,3.299,41.976582,-83.280438
SUNRISE STORE,"I-75, EXIT 212",West Branch,MI,3.199,44.279032,-84.228623
BIGFOOT TRAVEL CENTER,"I-75, EXIT 29",Hahira,GA,3.099,30.941593,-83.357366
ADEL TRUCK PLAZA,"I-75, EXIT 39",Adel,GA,2.999,31.125143,-83.421346
ADMIRAL PETROLEUM #5796,"I-75, EXIT 392",Sault Sainte Marie,MI,3.799,46.473932,-84.346746
Racetrac #2622,"I-75, EXIT 60",Valdosta,GA,3.0323,30.810578,-83.277166
LOVES TRAVEL STOP #325,"I-75, EXIT 59 & SOUTHWELL BLVD",Tifton,GA,3.609,31.450278,-83.508611
BP,"I-76, EXIT 6",Luna Pier,MI,3.399,41.815368,-83.436165
TA EXPRESS #648,"I-76, EXIT 90A",Brush,CO,4.099,40.260255,-103.62788
GO MART FOOD STORE #99,US-50 & SR-14,Parkersburg,WV,3.489,39.264433,-81.535412
7-ELEVEN #36076,"I-77, EXIT 73 & US-421",Hamptonville,NC,2.899,36.124248,-80.813687
MIDWAY EXXON TRAVEL CENTER,"I-78, EXIT 16",Bethel,PA,3.359,40.480834,-76.274209
PETRO PLAZA,"I-78, EXIT 17",Hampton,NJ,3.2657,40.677351,-74.962221
LOVES TRAVEL STOP #347,"I-70, EXIT 101 & SR-5",Boonville,MO,3.509,38.95364,-92.744973
BECKS EXPRESS MART #26,"I-80, EXIT 19",Geneseo,IL,3.269,41.46881,-90.171127
KUM & GO #0023,"I-80, EXIT 23",Neola,IA,3.1573,41.456383,-95.679358
SOUTH RIDGE FARM MARKET,"I-80, EXIT 6",Clyde,OH,3.399,41.302397,-82.991849
OLD STONE JIFFY MART,"I-81, EXIT 321",Clear Brook,VA,3.599,39.265461,-78.098788
YESWAY #1156,US-84 & SR-289,Lubbock,TX,2.9507,33.586527,-101.860634
CIRCLE K #2709663,"I-82, EXIT 730",Umatilla,OR,3.639,45.915725,-119.313715
GEM STOP,I-84,Marsing,ID,3.5857,43.539866,-116.823968
JACKSONS FOOD STORE #83,"I-84, EXIT 304",Baker City,OR,3.599,44.780102,-117.828631
PILOT TRAVEL CENTER #899- SLIP IN,I-85,South Hill,VA,3.959,36.712388,-78.153388
Sunoco,"I-85, EXIT 11",Townville,SC,3.199,34.522638,-82.89633
TA EXPRESS FAIR PLAY,"I-85, EXIT 4",Fair Play,SC,3.209,34.577548,-82.999874
SPEEDWAY #6954,US-70,High Point,NC,3.049,35.959313,-80.011673
KWIK FILL #395,"I-86, EXIT 12",Jamestown,NY,4.469,42.092845,-79.243989
LEXINGTON GULF,"I-128, NORTH MASS PIKE",Lexington,MA,4.299,42.4558,-71.2193
Brake Time Corner Market,"I-135, EXIT 14",Wichita,KS,3.299,37.6898,-97.3415
GULF OIL LP #5010,"I-90, EXIT 2",Lee,MA,3.914,42.298994,-73.231696
PWI #807,"I-15, EXIT 163 & SR-99",Fillmore,UT,3.374,38.980539,-112.331321
MOAPA PAIUTE TRAVEL CENTER,"I-15, EXIT 75",Moapa,NV,3.3323,36.675833,-114.62
CIRCLE K #4707609,US-20 & SR-12,Sangerfield,NY,4.099,42.913889,-75.379444
CUBBYS #402,"I-90, EXIT 330",Mitchell,SD,3.149,43.710921,-98.027026
FRIENDLY GUS STORE #23,I-16/SR-19,Dublin,GA,3.399,32.547794,-82.90368
GULF OIL LP #5040,"I-90, EXIT 9",Charlton,MA,3.909,42.137902,-71.966384
BP,"I-16, EXIT 90 & US-1",Twin City,GA,3.7823,32.612926,-82.197856
WOODSHED LL,I-166 & I-169,S Coffeyville,OK,3.099,36.983684,-95.606509
LOVES TRAVEL STOP #323,"I-69, EXIT 264 & SR-18",Marion,IN,3.5757,40.574333,-85.674127
COFFEE CUP FUEL STOP #7,"I-90, EXIT 406 & SR-11",Brandon,SD,2.9773,43.596413,-96.578201
GALLOPS,"I-90, I-80, EXIT 40",La Porte,IN,3.549,41.599438,-86.707654
BART INDUSTRIES,"I-91, EXIT 6",Bellows Falls,VT,3.709,43.148198,-72.466373
7-ELEVEN #37392,"I-93, EXIT 5",Londonderry,NH,3.799,42.865555,-71.37719
CASEYS #2650,I-94/US-52 EXIT 135 & CR-173,Melrose,MN,3.179,45.658183,-94.819768
STOP N GO #1709,"I-94, EXIT 105",Hixton,WI,3.2373,44.397778,-91.039086
LOVES TRAVEL STOP #362,"I-10, EXIT 7 & SR-3063",Vinton,LA,3.3057,30.201523,-93.572808
MARATHON,"I-94, EXIT 212A",Detroit,MI,3.699,42.347429,-83.060398
KWIK TRIP #396,"I-94, EXIT 295",Waukesha,WI,3.399,42.999304,-88.219559
CIRCLE K #2723378,I-95,Sumter,SC,3.159,33.928199,-80.321008
Shell,"I-95, EXIT 130",Ashland,VA,3.264,37.73948,-77.478373
DUNCAN TRUCK STOP,"I-95, EXIT 15",Jersey City,NJ,3.409,40.7164,-74.038
Sunoco,"I-95, EXIT 25",Croydon,PA,3.659,40.093322,-74.899077
EXIT 43 QUICK STOP,"I-95, EXIT 43",Richmond,ME,3.7657,44.104213,-69.821077
Chevron,"I-95, EXIT 5 & US-17",Hardeeville,SC,3.0073,32.263512,-81.066865
SPEEDWAY #3589,I-96,Lake Odessa,MI,3.599,42.786335,-85.135667
SHELL FOOD MART AND TRUCKSTOP,I-985,Gainesville,GA,3.399,34.307269,-83.825596
C  BARN,US-67,Park Hills,MO,3.049,37.85555,-90.52735
BERKLYS TRAVEL CENTER,US-281,Round Mountain,TX,3.3157,30.442879,-98.436514
Kent Kwik #928,US-82/SR-6 & SR-5/SR-25,Brent,AL,3.099,32.93567,-87.211387
DEERFIELD TRAVEL CENTER,"I-55, EXIT 8",Steele,MO,2.9757,36.091528,-89.834585
ALLSUPS #2390,"I-20/US-84, EXIT 270",Merkel,TX,2.8757,32.444371,-99.992443
CHEVRON,"I-20, EXIT 113",Bessemer,AL,3.099,33.409002,-86.947547
CHOCTAW TRAVEL PLAZA #637,US-59 & CR-E1452,Heavener,OK,3.299,34.835267,-94.61849
MARATHON,SR-37,Mitchell,IN,3.599,38.742625,-86.476096
CASEYS #3294,"I-380/SR-27, EXIT 43 & SR-150",Urbana,IA,3.449,42.224167,-91.874167
CIRCLE K #4701408,"I-36, EXIT 99",Rochelle,IL,3.499,41.928156,-89.071035
ACME TRUCK STOP,"I-4, EXIT 96",Orlando,FL,3.399,28.498821,-80.58248
CIRCLE K #2726032,I-40,Jacksonville,FL,3.429,30.3163,-81.4175
SPEEDWAY #7930,"I-40, 1126 N MAIN ST",Lillington,NC,3.759,35.331954,-78.921223
CIRCLE K #2723686,US-72,Scottsboro,AL,3.2657,34.67227,-86.051336
MARATHON,SR-72,Huntsville,AL,2.979,34.726866,-86.567318
HUTCH'S #118,"I-40, EXIT 108",Watonga,OK,3.099,35.853762,-98.417487
NKS ROYAL TRUCKSTOP,"I-40, EXIT 16",Gallup,NM,3.119,35.506475,-108.741352
BIG TOP TRAVEL CENTER,"I-20, EXIT 157",Delhi,LA,2.969,32.450433,-91.512487
SUPERSTOP Shell,"I-40, EXIT 192",Stuttgart,AR,3.4157,34.485358,-91.548742
ROSCOE TRAVEL PLAZA,"I-20, EXIT 235",Roscoe,TX,2.759,32.427558,-100.539088
Allsup Marketplace #2400,"I-40, EXIT 356",San Jon,NM,3.059,35.119848,-103.284599
7-ELEVEN,"I-44, EXIT 1/US-287",Wichita Falls,TX,2.7607,33.905284,-98.497645
CIRCLE K #2709343,"I-24, EXIT 169",Wildwood,GA,3.1457,34.977911,-85.430456
7-Eleven #34210,"I-25/US-87, EXIT 240 & SR-119",Longmont,CO,3.189,40.177921,-105.10095
Fast Stop Travel Centers #1131,"I-25/US-87, EXIT 80",Wheatland,WY,3.499,42.049467,-104.967852
Bartonville SHELL,"I-474, EXIT 6",Peoria,IL,4.299,40.6854,-89.5953
MOUNTAIN ENERGY #126,"I-26, EXIT 13",Hendersonville,NC,2.8457,35.319213,-82.499995
USA SPEEDTRAC,"I-49US-167, EXIT 11",Grand Coteau,LA,3.399,30.419722,-92.046667
SPEEDWAY #9662,I-264,Louisville,KY,3.029,38.2435,-85.7639
CIRCLE K #2723706,"I-81/US-52, EXIT 72 & I-77, EXIT 41",Wytheville,VA,3.349,36.940669,-81.094082
Marathon,"I-675, Exit 7",Ellenwood,GA,3.009,33.61,-84.288056
THE JUNCTION,US-59 & US-73,Atchison,KS,3.279,39.559411,-95.130408
TREX MART #9,I-29,Dearborn,MO,2.999,39.517248,-94.766368
ZIP TRIP #64,I-29,Brookings,SD,3.399,44.305619,-96.791408
DEANS LANE VALERO,I-295,Monmouth Junction,NJ,3.1457,40.394391,-74.547021
DEEP WATER TRUCK STOP,"I-295, EXIT 2C",Penns Grove,NJ,3.279,39.717938,-75.465623
CASEYS #4246,"I-30, EXIT 123",Bryant,AR,3.0323,34.606786,-92.492015
LOVES TRAVEL STOP #322,"I-90, EXIT 3",Roscoe,IL,3.789,42.421659,-88.99433
BIG RIVER #18,"I-310 EXIT 2, & US-61",Saint Rose,LA,3.099,29.958074,-90.312432
LOVES TRAVEL STOP #177,I-35,El Dorado,KS,3.2557,37.822649,-96.854297
FAST N FRIENDLY,"I-35, EXIT 132",Emporia,KS,3.6573,38.418405,-96.187145
CASEYS #2550,"I-35, EXIT 33 & US-34",Osceola,IA,3.339,41.029503,-93.771236
LOVES TRAVEL STOP #326,I-26 EXIT 154A,Orangeburg,SC,3.389,33.502545,-80.859282
SPEEDWAY #4589,US-501 & SR-90,Conway,SC,3.064,33.873066,-79.055712
EXXON TIGER MART #44,"US-45,  EXIT 249",Ennis,TX,3.099,32.332102,-96.622363
SPEEDWAY #7998,US-52 & US-74,Wadesboro,NC,3.6457,34.980938,-80.069586
STRIPES #40736,US-77/US-83,Olmito,TX,2.999,26.039167,-97.556111
SPRINT MART #49,"I-22/US-78, EXIT 87 & SR-811",Tupelo,MS,2.9923,34.253834,-88.720853
PETRO STOPPING CENTER #344,"I-95, EXIT 3",Kingsland,GA,3.649,30.797681,-81.707483
FLYING J TRAVEL PLAZA #727,"I-69C/US-281, EXIT 8 & FM-1925",Edinburg,TX,3.084,26.304221,-98.156922
STRIPES 7FLEET #42475,US-62,Hobbs,NM,3.459,32.72217,-103.137246
Clark #4667,"I-80/I-90, EXIT 39 & SR-109",Delta,OH,3.699,41.557695,-83.9866
GO MART,US-33 & CR-116,Rockbridge,OH,3.499,39.550907,-82.562572
S&G #77,US-224 & US-23,Alvada,OH,3.259,41.046284,-83.376982
LOVES TRAVEL STOP #169,"I-44, EXIT 179 & US-377/SR-99",Stroud,OK,3.144,35.782389,-96.684377
Texaco #384529,US-80/SR-8 & SR-14,Selma,AL,3.299,32.419719,-87.024527
WINFIELD TRUCK STOP,SR-129,Winfield,AL,3.659,33.930256,-87.79716
Circle K #2741791,"I-40, EXIT 175 & SR-31",Lonoke,AR,3.139,34.783162,-91.921367
TEXACO,"I-59, EXIT 67B",Hattiesburg,MS,3.0657,31.314553,-89.306471
CIRCLE K #4703626,"I-75, EXIT 60 & SR-68",Sweetwater,TN,3.289,35.595703,-84.430424
CIRCLE K #2723693,"I-526, EXIT 19 & SR-10-60",Charleston,SC,2.9757,32.962223,-79.86533
FUEL MART #645,"I-90, EXIT 353",Spencer,SD,3.499,43.755684,-97.59361
ROYAL FARMS #109,US-13 & SR-404,Bridgeville,DE,3.259,38.736628,-75.608768
SHELL DBA ONE9 #1403,"I-75/SR-93, EXIT 451 & US-129",Jasper,FL,3.244,30.502914,-82.932186
CIRCLE K #2743950,I-35,San Antonio,TX,2.804,29.468525,-98.526352
SUNSTOP #330,"I-75, EXIT 460 & SR-6",Jennings,FL,3.299,30.548243,-83.134971
MOBIL,US-27 & SR-66,Sebring,FL,3.459,27.492391,-81.435712
Stripes,FM-2061 & FM-3072,Pharr,TX,3.1657,26.177053,-98.187022
PWI #586,"I-80, EXIT 104  & US-191",Rock Springs,WY,3.199,41.605957,-109.230047
CIRCLE K #2723553,US-27,Ringgold,GA,3.0757,34.92052,-85.154908
QUICK FUEL #5303,"I-35E, EXIT 436A",Dallas,TX,3.0457,32.996848,-96.792113
CASEYS #3449,SR-78,Wapello,IA,3.349,41.206982,-91.171921
QUICK FUEL #3145,SR-83,Bensenville,IL,3.449,41.9536,-87.935
FAMILY EXPRESS #47 (DISCOUNT AVAILABLE),"I-65, EXIT 201 & US-24/US-231",Remington,IN,3.5523,40.766653,-87.15994
MCCLURE OIL #59,I-69 EXIT 259,Gas City,IN,3.639,40.487895,-85.605533
MAXS #132,US-641 N,Murray,KY,3.399,36.609915,-88.303249
CIRCLE K #4707082,"I-95, EXIT 132 & SR-139",Fairfield,ME,3.899,44.609639,-69.63321
JOLLY TRUCK STOP,US-82/US-287,Wichita Falls,TX,2.899,33.905284,-98.497645
ROAD RANGER #265,"I-88, EXIT 54",Dixon,IL,3.479,41.847797,-89.489303
CM BREAUX BRIDGE,"I-10, EXIT 109",Breaux Bridge,LA,3.299,30.274955,-91.905899
DENTON GOOSE CREEK,SR-404/SR-619,Denton,MD,3.259,38.877928,-75.836071
WILD BILL'S,I-78,Sherman,MS,2.919,34.359167,-88.841111
STRIPES #42435,US-87/US-277,San Angelo,TX,2.799,31.478165,-100.481752
STRIPES #5148,US-281,Pharr,TX,3.399,26.177053,-98.187022
ROAD RANGER #186,"I-39/US-51, EXIT 27 & SR-2/CR-2200",Minonk,IL,3.339,40.898501,-89.034863
RUTTERS #96,US-322 & SR-655,Milroy,PA,4.0507,40.72033,-77.556739
FLYING J TRAVEL PLAZA #728,"I-10, EXIT 37",El Paso,TX,3.0923,31.758411,-106.478311
CIRCLE K #2706984,US-77 & CR-1356,Kingsville,TX,2.8223,27.507418,-97.859598
CIRCLE K #2723643,SR-431,Dothan,AL,3.5823,31.202888,-85.418036
CIRCLE K #2723664,US-280,Childersburg,AL,3.899,33.266928,-86.337622
CIRCLE K #2723667,"I-20, EXIT 185 & SR-21",Oxford,AL,2.999,33.596829,-85.83347
CIRCLE K #2723695,"I-55, EXIT 265",Senatobia,MS,3.199,34.632306,-89.885501
Stripes,ST 77,Riviera,TX,3.1257,27.321735,-97.778707
LOVES TRAVEL STOP #327,US-77 & FM-1898,Kingsville,TX,3.1557,27.507418,-97.859598
TA WAPAKONETA TRAVEL CENTER,"I-75, EXIT 111",Wapakoneta,OH,3.2823,40.568978,-84.177378
Speedway #4800,"I-94, EXIT 183",Clearwater,MN,3.199,45.387694,-94.045246
LOVES TRAVEL STOP #328,"I-10, EXIT 162",Chandler,AZ,3.469,33.330091,-111.863156
LOVES TRAVEL STOP #330,I-40 EXIT 280 & SR-56,Baxter,TN,3.234,36.124917,-85.637766
101 TRAVEL PLAZA,"I-40, EXIT 101 & SR-104",Cedar Grove,TN,2.999,35.861261,-88.551702
FLYING J FUEL STOP #741,US-287/US-281/US-82 & SR-473,Wichita Falls,TX,3.1257,33.905284,-98.497645
KWIK STAR #212,"US-61, EXIT 156",Maquoketa,IA,3.624,42.07782,-90.677075
STRIPES #40604,US-83,Mission,TX,2.8823,26.24153,-98.342647
SPEEDWAY #4630,US-220 BUS & CR-782,Ridgeway,VA,3.409,36.5874,-79.86859
PETRO STOPPING CENTER NAPOLEON,"US-24/US-6/CR-3, EXIT 41",Napoleon,OH,3.7057,41.390969,-84.143271
FLYING J TRAVEL PLAZA #733,"I-27, EXIT 4 & US-82",Lubbock,TX,3.3323,33.586527,-101.860634
PILOT TRAVEL CENTERS #156,SR-1633 & SR-813 & SR-9004,Mortons Gap,KY,3.629,37.236667,-87.475278
PILOT TRAVEL CENTER #916- TOWN PUMP,US-93 & US-12,Lolo,MT,3.609,46.7585,-114.109732
PILOT TRAVEL CENTER #915- TOWN PUMP,"I-90, EXIT 455",Billings,MT,3.5807,45.774489,-108.500452
TA EXPRESS,"I-40, EXIT 101",Atkins,AR,3.3407,35.244948,-92.950696
LOVES TRAVEL STOP #324,I-80 EXIT 242 & SR 339,Mifflinville,PA,3.9657,41.023473,-76.292396
PLAZAGO TRUCKSTOP,US-50/SR-61 & SR-96/SR-14,South Hutchinson,KS,3.269,38.007306,-97.90814
LOVES TRAVEL STOP #334,"I-84, EXIT 211 & US-30/SR-24",Heyburn,ID,3.8923,42.559922,-113.770885
CASEYS #4223,US-25E,Middlesboro,KY,3.489,36.617188,-83.723079
LOVES TRAVEL STOP #336,"I-94, EXIT 112",Marshall,MI,3.489,42.272047,-84.95828
ONE9 #1291,US-287 & CR-174,Bowie,TX,2.9123,33.556796,-97.837337
PILOT TRAVEL CENTERS #259,US-69,Muskogee,OK,3.3223,35.730661,-95.375491
TA Express Tonkawa,"I-35, EXIT 40 & US-60",Tonkawa,OK,3.294,36.68062,-97.30634
FLYING J TRAVEL PLAZA #604,"I-65, EXIT 158",Hope Hull,AL,3.309,32.224256,-86.393189
PILOT TRAVEL CENTERS #384,"I-95, EXIT 58",Colonial Heights,VA,3.799,37.269968,-77.403829
LOVES TRAVEL STOP #333,"I-77, EXIT 83",Fort Mill,SC,3.3807,35.0073697,-80.9450759
DODGE CITY PETRO #397,"I-65, EXIT 299 & SR-69",Hanceville,AL,3.919,34.051569,-86.784844
CIRCLE K #4707239,SR-103,Warner,NH,3.9323,43.303512,-71.835349
CIRCLE K #4707212,SR-27,Raymond,NH,3.759,43.032512,-71.191159
LOVES TRAVEL STOP #331,"I-45, EXIT 272",Hutchins,TX,3.1023,32.639586,-96.707021
CIRCLE K #2723708,"I-81, EXIT 77",Wytheville,VA,3.3657,36.940669,-81.094082
LOVES TRAVEL STOP #343,"I-20 & I-59, EXIT 165",Toomsuba,MS,3.009,32.429583,-88.489225
LOVES TRAVEL STOPS #335,"I-15, EXIT 62 & SR-130",Cedar City,UT,3.649,37.689544,-113.074513
FLYING J TRAVEL PLAZA #683,"I-95, EXIT 106",Kenly,NC,3.709,35.607742,-78.138227
CIRCLE K #2723716,"I-81, EXIT 84",Max Meadows,VA,3.4623,36.91708,-80.921391
MINIT MART #647,"I-39, EXIT 35 & SR-17",Wenona,IL,3.499,41.054846,-89.041637
7-ELEVEN #35562,"I-85, EXIT 32",Charlotte,NC,3.379,35.2269,-80.8433
LOVES TRAVEL STOP #338,"I-95/SR-405, EXIT 90 & SR-144",Richmond Hill,GA,3.364,31.896152,-81.294026
LOVES TRAVEL STOPS #339,"I-20, EXIT 115 & FM-1882",Odessa,TX,3.549,31.8465,-102.3663
LOVES TRAVEL STOP #765,"I-85, EXIT 147",Commerce,GA,3.2107,34.2216,-83.3874
FLYING J TRAVEL PLAZA #714,"I-77, EXIT 73",Rock Hill,SC,3.399,34.915068,-81.012904
PILOT TRAVEL CENTER #41,I-64 EXIT 113 SE QUAD,Mount Sterling,KY,3.759,38.054822,-83.938774
FLYING J TRAVEL PLAZA #730,"I-35/US-83, EXIT 13",Laredo,TX,3.599,27.515538,-99.498579
FLYING J TRAVEL PLAZA #642,"I-255,  EXIT 17",East Saint Louis,IL,3.389,38.631538,-90.138066
CASEYS #3896,"I-380, EXIT 35",Center Point,IA,3.449,42.189844,-91.775764
CIRCLE K #4701444,US-34 & SR-164,Monmouth,IL,3.399,40.910702,-90.644828
FRANCIS CREEK TRAVEL PLAZA,SR-41,Francis Creek,WI,3.384,44.199964,-87.720007
LOVES TRAVEL STOP #341,"I-44, EXIT 189",Rolla,MO,3.3007,37.948527,-91.760348
KWIK TRIP #416,SR-172 & CR-GV,De Pere,WI,3.3907,44.438779,-88.080613
PILOT TRAVEL CENTERS #367,"I-30, EXIT 87 & 88",Caddo Mills,TX,3.169,33.068267,-96.239093
MAVERIK COUNTRY STORE #612,"I-15, EXIT 362",Brigham City,UT,3.449,41.507921,-112.015177
LOVES TRAVEL STOP #316,"I-95, EXIT 273 & US-1",Ormond Beach,FL,3.477,29.2855,-81.0561
PILOT TRAVEL CENTERS #159,"I-64, EXIT 211",Providence Forge,VA,3.899,37.425907,-77.071117
CIRCLE K #4707618,"I-481, EXIT 8 & CR-82",East Syracuse,NY,3.799,43.073359,-76.05578
BERKLYS TRAVEL CENTER #3,US-377/US-87,Brady,TX,3.6157,31.128304,-99.3372
LOVES TRAVEL STOP #355,"I-65, EXIT 16",Memphis,IN,3.949,38.464181,-85.777501
LOVES TRAVEL STOP #344,I-240 EXIT 21 & US-78/SR-4,Memphis,TN,3.249,35.0337,-89.9343
LOVES TRAVEL STOP #349,"I-8, EXIT 3",Yuma,AZ,3.5023,32.701507,-114.642362
LOVES TRAVEL STOP #348,"I-69/I-24, EXIT 27 & US-62",Calvert City,KY,3.689,37.014741,-88.381115
LOVES TRAVEL STOP #346,I-65 EXIT 46 & SR-99,Columbia,TN,3.789,35.615577,-87.038032
PILOT TRAVEL CENTERS #388,"I-20 & I-59, EXIT 151",Meridian,MS,2.979,32.357441,-88.655973
CIRCLE K #2707020,"I-4, EXIT 32 & US-98/SR-700/SR-35",Lakeland,FL,3.414,28.038134,-81.939153
PILOT TRAVEL CENTERS #242,"I-74, EXIT 109",Shelbyville,IN,3.999,39.50434,-85.787515
SPARTA TRAVEL CENTER,"I-90, EXIT 28",Sparta,WI,3.179,43.954045,-90.814566
PILOT TRAVEL CENTERS #239,US-30/US-23,Upper Sandusky,OH,3.899,40.824876,-83.297711
EATONTON TRAVEL CENTER,US-441/US/129/SR-24,Eatonton,GA,3.249,33.312723,-83.36277
LOVES TRAVEL STOP #352,I-71 EXIT 65,Jeffersonville,OH,3.4223,39.65896,-83.56873
FLYING J TRAVEL PLAZA #675,US-136 & SR-27,Wayland,MO,3.3057,40.442574,-91.607864
PETRO STOPPING CENTER #339,"I-90, EXIT 272",Spokane,WA,3.959,47.666485,-117.436527
LOVES TRAVEL STOP #354,"US-78 & I-20, EXIT 172",Thomson,GA,3.849,33.477363,-82.494204
PILOT TRAVEL CENTER #198,US-30 & US-31,Plymouth,IN,3.859,41.333897,-86.324087
PILOT TRAVEL CENTERS #303,US-24/US-6 & SR-108,Napoleon,OH,3.7107,41.390969,-84.143271
PILOT TRAVEL CENTERS #322,"I-86, EXIT 37",Bath,NY,4.499,42.345451,-77.323255
LOVES TRAVEL STOP #289,"I-20, EXIT 49 & SR-531",Minden,LA,3.149,32.632281,-93.288587
TA ST LOUIS EAST TRAVEL CENTER,"I-55, EXIT 18",Troy,IL,3.379,38.724275,-89.870848
PILOT TRAVEL CENTERS #407,"I-35, EXIT 194",Clear Lake,IA,3.659,43.140607,-93.384978
LOVES TRAVEL STOP #337,"I-90 & I-35, EXIT 11",Albert Lea,MN,4.089,43.653678,-93.370672
LOVES TRAVEL STOP #356,"I-75, EXIT 167",North Baltimore,OH,3.3473,41.186703,-83.680581
LOVES TRAVEL STOP #332,I-71 EXIT 204,Burbank,OH,3.689,40.963725,-81.995753
PILOT TRAVEL CENTERS #260,US-82/SR-520 & SR-300,Albany,GA,3.799,31.567783,-84.161923
ROAD RANGER #145,"I-44, EXIT 275",Fenton,MO,3.359,38.501489,-90.468299
FLYING J TRAVEL PLAZA #603,US-431/SR-210 & US-231/SR-1,Dothan,AL,3.999,31.202888,-85.418036
CIRCLE K #4707040,"I-95, EXIT 133 & US-201",Skowhegan,ME,3.7257,44.777212,-69.697571
PILOT TRAVEL CENTER #1212,"I-10, EXIT 45",Salome,AZ,3.959,33.748141,-113.571459
Circle K #2746490,"I-90, EXIT 332",Mitchell,SD,3.064,43.710921,-98.027026
PILOT TRAVEL CENTERS #208,"I-44, EXIT 257",Pacific,MO,3.324,38.492168,-90.747968
TA LAREDO TRAVEL CENTER,"I-35/US-83, EXIT 13",Laredo,TX,3.649,27.515538,-99.498579
LOVES TRAVEL STOPS #436,"I-80, EXIT 118",Salt Lake City,UT,3.649,40.755851,-111.896657
FLYING J TRAVEL PLAZA #641,I-15,Mccammon,ID,3.749,42.63362,-112.175758
Arco,US-2 & US-59,Erskine,MN,3.399,47.661817,-96.012173
PILOT TRAVEL CENTERS #146,"I-90, EXIT 12",Castleton On Hudson,NY,3.999,42.538243,-73.709529
PILOT TRAVEL CENTER #368,"I-72, EXIT 144",Decatur,IL,3.459,39.827137,-88.925984
PILOT TRAVEL CENTERS #151,"I-5, EXIT 99NE",Olympia,WA,4.599,47.012906,-122.876311
PILOT TRAVEL CENTERS #330,"I-35, EXIT 184 SW",New Braunfels,TX,3.399,29.694733,-98.113041
LOVES TRAVEL STOP #385,"I-40, EXIT 101 & US-281",Hinton,OK,3.3857,35.4675,-98.331348
TA GREENWOOD TRAVEL CENTER,"I-20, EXIT 5 & US-79",Greenwood,LA,3.1657,32.424025,-93.969252
LOVES TRAVEL STOP #361,"I-80, EXIT 168",Newton,IA,3.7623,41.699173,-93.045456
LOVES TRAVEL STOP #377,"I-76/US-6, EXIT 31 & SR-52",Hudson,CO,3.459,40.060555,-104.653208
FLYING J TRAVEL PLAZA #621,"I-70, EXIT 359 & US-24",Limon,CO,3.874,39.263889,-103.691667
CASEYS #4225,"SR-155N, EXIT 26-A",Nashville,TN,3.0623,36.167028,-86.778441
FAS MART #5154,"I-270, EXIT 3 & SR-3",Hartford,IL,3.279,38.829852,-90.074533
PILOT TRAVEL CENTERS #81,"I-79, EXIT 99",Portersville,PA,4.259,40.948651,-80.172965
CM FOREST GOLD,SR-16,Amite,LA,3.399,30.718208,-90.570493
CASH MAGIC LUCKY MAGNOLIA,SR-63/SR-16,Denham Springs,LA,3.399,30.5821,-90.9341
CASH MAGIC BROUSSARD SOUTH,US-90,Broussard,LA,3.399,30.12189,-91.950171
CASH MAGIC SILVER FOX,SR-63/SR-16,Denham Springs,LA,3.399,30.5821,-90.9341
LOVES TRAVEL STOP #376,"I-85/SR-403, EXIT 28 & SR-54/SR-100",Hogansville,GA,3.689,33.164382,-84.930856
PILOT TRAVEL CENTERS #179,"I-81, EXIT 5-B",Hagerstown,MD,3.959,39.632022,-77.737215
PILOT TRAVEL CENTERS #210,"I-287, EXIT 66 & SR-17",Mahwah,NJ,3.899,41.074473,-74.155974
SPEEDWAY #7945,SR-24,Swansboro,NC,3.699,34.699066,-77.135013
SPEEDWAY #8189,"I-40, EXIT 408 & SR-210 & US-117",Rocky Point,NC,3.6057,34.434418,-77.923448
PILOT #4580,"I-26, EXIT 82",Prosperity,SC,3.4257,34.183243,-81.532353
LOVES TRAVEL STOP #373,US-69 & PLATTER RD,Calera,OK,3.229,33.928872,-96.410205
SPEEDWAY #7903,SR-211,Raeford,NC,3.699,34.989009,-79.22276
SPEEDWAY #8288,US-64 & SR-149,Plymouth,NC,3.2073,35.850826,-76.743148
SPEEDWAY #7943,US-64/SR-49 & US-220,Asheboro,NC,3.5423,35.693496,-79.819678
SPEEDWAY #8297,US-17 & US-17 BYP,Chocowinity,NC,3.1323,35.481409,-77.086801
SPEEDWAY #6997,I-95/US-301,Fayetteville,NC,3.3957,35.05099,-78.842255
SPEEDWAY #8298,SR-11/SR-55,Kinston,NC,3.353,35.278333,-77.585969
SPEEDWAY #7974,US-601 & SR-24/SR-27,Midland,NC,3.429,35.247724,-80.531853
SPEEDWAY #8225,US-13/US-17 & US-64,Williamston,NC,3.849,35.660154,-77.048344
PILOT TRAVEL CENTER #4656,"I-295, EXIT 3-A & US-460",Disputanta,VA,3.5723,37.148268,-77.273172
SPEEDWAY/7fleet #4595,US-501 & SR-544,Conway,SC,3.089,33.873066,-79.055712
SPEEDWAY/7fleet #4594,SR-90,Longs,SC,3.309,33.906408,-78.793359
SPEEDWAY #4676,US-13/SR-32,Suffolk,VA,3.799,36.866823,-76.559811
COLUMBUS WEST TRAVEL CENTER,"US-151, EXIT 118",Columbus,WI,3.119,43.331494,-89.027089
SPEEDWAY #1415,"I-57, EXIT 306 & US-45/US-52",Kankakee,IL,3.339,41.116582,-87.869607
CIRCLE K #3912,"I-24/SR-27, EXIT 155 & SR-28",Jasper,TN,2.889,35.066603,-85.614737
MCCLURE OIL #65,US-31 & SR-38,Cicero,IN,3.889,40.126781,-86.024844
ABELS QUIK SHOP #20,US-36 & CR-437,Hannibal,MO,3.0657,39.70636,-91.38387
EASTWAY TRUCKSTOP,SR-80,Somerset,KY,3.599,37.073853,-84.604362
LOVES TRAVEL STOP #379,"I-10 & CR 255, EXIT 262 SW",Lee,FL,3.789,30.397863,-83.284392
BETTY BEAVERS TRUCKSTOP,"I-88, EXIT 12 & CR-48",Otego,NY,3.819,42.41333,-75.207883
WORKMANS TRAVEL CENTER,"I-540, EXIT 24 & SR-282",Alma,AR,3.3723,35.500043,-94.207337
LOVES TRAVEL STOP #370,I-80 EXIT 234,Hubbard,OH,3.4657,41.162401,-80.576192
PILOT TRAVEL CENTERS #366,"I-40, EXIT 85 CHRISTMASVILLE RD",Jackson,TN,3.509,35.610222,-88.814011
LOVES TRAVEL STOP #381,"I-65, EXIT 322 & CR-55",Falkville,AL,3.849,34.347653,-86.913086
PILOT TRAVEL CENTER #920,"I-70, EXIT 54",Colby,KS,3.634,39.383038,-101.044169
Pilot Travel Centers #473,"I-55, EXIT 248 & US-6",Channahon,IL,3.359,41.434664,-88.213786
LOVES TRAVEL STOP #365,I-80 EXIT 352,Wells,NV,3.7157,41.129798,-114.532752
PILOT TRAVEL CENTERS #485,"I-80, EXIT 173",Winnemucca,NV,3.7707,40.966418,-117.746693
Kum N Go #0561,US-65 & SR-744,Springfield,MO,2.899,37.2152,-93.295
LOVES TRAVEL STOP #383,I-71 EXIT 55 & SR-1039,Sparta,KY,3.749,38.725582,-84.881334
Maverik Country Store #5069,I-35 EXIT 133,Ellsworth,IA,3.0957,42.30086,-93.548979
KUM & GO #0022,"I-80, EXIT 182 & SR-146",Grinnell,IA,3.1973,41.742081,-92.734432
ALL AMERICAN STORES #7,US-30,Fort Wayne,IN,3.559,41.0716,-85.1367
HOOPS TRAVEL CENTER,I-39 & SR-21,Coloma,WI,3.1823,44.027462,-89.494332
Maverik Country Store #5119,"US-30, EXIT 150",Ames,IA,3.0823,42.029859,-93.639398
CASEYS #2523,"SR-163, EXIT 29 & SR-14",Monroe,IA,3.199,41.535619,-93.072551
PILOT TRAVEL CENTER #1219,"I-70, EXIT 61",Vandalia,IL,3.699,38.94391,-89.104116
GOLDEN GATE AUTO TRUCK PLAZA,"I-80 , EXIT 32",Sparks,NV,3.539,39.547254,-119.755588
LOVES TRAVEL STOPS #378,"I-77, EXIT 132",Ripley,WV,3.589,38.809042,-81.701987
PILOT TRAVEL CENTER #495,"I-80 , EXIT 201",Brooklyn,IA,3.699,41.732147,-92.428462
LOVES TRAVEL STOP #358,"I-78, EXIT 23",Hamburg,PA,3.8573,40.548799,-75.987361
FLYING J TRAVEL PLAZA #510,"I-15 , EXIT 188",Scipio,UT,3.689,39.245,-112.103333
SOMERSET TRAVEL CENTER,"I-76 , EXIT 110",Somerset,PA,4.219,40.024813,-79.080814
Circle K #4705726,US-33,Carroll,OH,3.2457,39.795743,-82.708358
LOVES TRAVEL STOP #372,"I-84, EXIT 374",Ontario,OR,3.689,44.04156,-116.978268
LOVES TRAVEL STOP #455,"I-70, EXIT 145",Ellis,KS,3.623,38.947128,-99.52851
JD ORANGEBURG,US-301/US-601/SR-4,Orangeburg,SC,3.3423,33.502545,-80.859282
FAST TRACK #410,"I-10, EXIT 258",Madison,FL,3.749,30.480209,-83.406678
KWIK STAR #419,"US-218, EXIT 218",Charles City,IA,3.539,43.068327,-92.676062
KWIK STAR #428,SR-9,Cresco,IA,3.524,43.363007,-92.125954
KWIK STAR #701,US-63,Denver,IA,3.499,42.673137,-92.341701
KWIK STAR #817,US-52 & SR-24,Calmar,IA,3.579,43.197402,-91.912579
KWIK TRIP #385,SR-19/SR-3,Northfield,MN,3.499,44.458724,-93.166826
KWIK TRIP #424,SR-15 & CR-26,Fairmont,MN,3.399,43.637592,-94.45095
KWIK TRIP #464,US-63,Rochester,MN,3.5407,44.049572,-92.48962
KWIK TRIP #609,SR-16 & SR-43,Rushford,MN,3.499,43.821626,-91.75365
KWIK TRIP #646,US-169 & CR-53,Blue Earth,MN,3.324,43.639426,-94.092379
KWIK TRIP #753,US-14 & SR-42,Eyota,MN,3.6157,44.004294,-92.244068
KWIK TRIP #319,SR-13,Spencer,WI,3.4757,44.739148,-90.311406
KWIK TRIP #328,US-53 & SR-95,Blair,WI,3.2373,44.296843,-91.223501
KWIK TRIP #337,SR-65,New Richmond,WI,3.499,45.159819,-92.551333
KWIK TRIP #352,US-53,Chippewa Falls,WI,3.4073,44.932202,-91.384376
KWIK TRIP #354,SR-26,Watertown,WI,3.3723,43.194722,-88.728889
KWIK TRIP #363,US-14 & CR-O,Richland Center,WI,3.389,43.362714,-90.391378
KWIK TRIP #386,SR-64,Merrill,WI,3.499,45.180924,-89.690696
KWIK TRIP #392,SR-49/SR-23,Ripon,WI,3.3907,43.845402,-88.842433
KWIK TRIP #455,US-8 & SR-27,Ladysmith,WI,3.2723,45.471941,-91.108804
KWIK TRIP #456,"US-18/151, EXIT 79 & CR-PB",Verona,WI,3.579,42.999913,-89.552247
KWIK TRIP #457,"I-41/US-41, EXIT 116 & SR-44/SR-91",Oshkosh,WI,3.2907,44.021962,-88.543635
KWIK TRIP #476,"US-53, EXIT 140",Rice Lake,WI,3.4323,45.510466,-91.733544
KWIK TRIP #494,US-53 & SR-35,Onalaska,WI,3.3357,43.897392,-91.231419
KWIK TRIP #740,SR-15,Hortonville,WI,3.509,44.327306,-88.62813
KWIK TRIP #750,US-14/US-61/SR-35,La Crosse,WI,3.299,43.798938,-91.217494
KWIK TRIP #807,US-10,Brillion,WI,3.3657,44.17792,-88.083337
KWIK TRIP #847,SR-33 & SR-82/SR-80,Wonewoc,WI,3.499,43.62848,-90.239357
FLYING J TRAVEL PLAZA #507,I-35,Jarrell,TX,3.2207,30.748406,-97.600833
OUTPOST TRAVEL CENTER,US-79 & CR-111,Minden,LA,3.1323,32.632281,-93.288587
RELAY STATION,SR-1,Shreveport,LA,3.1323,32.503743,-93.748696
RELAY STATION 3,SR-175,Frierson,LA,3.259,32.244968,-93.691488
SPEEDWAY #6940,"I-77, EXIT 85 & SR-268",Elkin,NC,2.859,36.28723,-80.855365
LOVES TRAVEL STOP #386,"I-40, EXIT 9 & SR-95",Lake Havasu City,AZ,3.9223,34.492879,-114.308083
SPEEDWAY #4582,US-378,Conway,SC,3.089,33.873066,-79.055712
SPEEDWAY #7941,US-17 & SR-24,Jacksonville,NC,3.3257,34.737456,-77.462815
CIRCLE K #4707512,"I-93, EXIT 47",Methuen,MA,3.799,42.728019,-71.181031
SPEEDWAY #6962,"I-40, EXIT 303",Garner,NC,2.9207,35.681254,-78.597527
LOVES TRAVEL STOP #393,"I-55, EXIT 13",Mccomb,MS,3.239,31.221594,-90.432449
PILOT TRAVEL CENTER #497,"I-20, EXIT 165",Lincoln,AL,3.109,33.605913,-86.111152
CIRCLE K #4707016,US-1,Princeton,ME,3.8823,45.213091,-67.600826
CIRCLE K #4707048,US-2,Lincoln,ME,3.7323,45.350832,-68.507693
ONVO TRAVEL PLAZA - GOULDSBORO,"I-380, EXIT 13 & SR-507",Gouldsboro,PA,3.5857,41.2448,-75.503653
KWIK TRIP #330,US-169 & SR-25,Belle Plaine,MN,3.379,44.613852,-93.760394
PILOT TRAVEL CENTER #922- TOWN PUMP,US-2 & SR-40,Columbia Falls,MT,3.649,48.353394,-114.178394
LOVES TRAVEL STOP #396,I-26 EXIT 76,Newberry,SC,3.4157,34.284661,-81.615741
KWIK STAR #790,"US-20, EXIT 275 & SR-13",Manchester,IA,3.5623,42.483418,-91.449001
KWIK TRIP #481,US-61,Red Wing,MN,3.324,44.552779,-92.548559
LOVES TRAVEL STOP #391,"I-74, EXIT 123",Saint Paul,IN,3.989,39.427747,-85.599374
PARKERS SURRENCY #208,US-341/SR-27 & SR-121,Surrency,GA,3.5857,31.648931,-82.198218
RUTTERS #65,"I-81, EXIT 14 & US-11",Chambersburg,PA,4.399,39.931318,-77.657928
PILOT #4597,"I-40, EXIT 258/SR-53",Gordonsville,TN,3.2457,36.184317,-86.000818
LOVES TRAVEL STOP #390,"I-80, EXIT 179",North Platte,NE,3.4557,41.132595,-100.774631
CASEY'S #4504,"I-35, EXIT 159 & CR-C47",Dows,IA,3.299,42.661026,-93.505801
LOVES TRAVEL STOP #304,"I-59, EXIT 174",Steele,AL,3.989,33.941679,-86.228929
KWIK TRIP #367,SR-33/CR-A,Fox Lake,WI,3.2457,43.581507,-88.904081
MAPLEFIELDS,"I-87, EXIT 42/SR-11",Champlain,NY,3.799,44.977292,-73.446603
LOVES TRAVEL STOP #340,"I-15, EXIT 64 & US-93",Las Vegas,NV,3.689,36.172082,-115.122366
BAR-B,I-20 EXIT 370 & FM-919,Gordon,TX,2.9323,32.547828,-98.363211
SPEEDWAY #5360,US-42,London,OH,3.099,39.900074,-83.443899
KUM & GO #0187,"I-90, EXIT 87",Sherburn,MN,3.1873,43.661089,-94.726877
KUM & GO #0615,"I-29, EXIT 15",Elk Point,SD,3.0723,42.738219,-96.686954
JACKRABBIT JUNCTION,"SR-60, EXIT 51 & CR-A22",Sibley,IA,3.2657,43.406929,-95.7424
RELAY STATION,"I-20, EXIT 3",Bethany,LA,3.1223,32.366179,-94.003394
150 QUICK STOP,US-150/SR-605,Bardstown,KY,3.1723,37.80835,-85.461343
CMS FUELING CENTER,I-69 EXIT 153 AT MILE 153,Lapeer,MI,3.899,43.057879,-83.333153
FUEL STAR,SR-48,New Orleans,LA,3.279,29.963071,-90.160953
HOLIDAY STATIONSTORE #2746409,US-53 & CR-13,Duluth,MN,3.499,47.094431,-91.846731
RHODES 101 STOP #790,"I-55, EXIT 91",Scott City,MO,3.424,37.20771,-89.518081
Majors 660 Diboll Truck Plaza,US-59,Diboll,TX,2.8323,31.195028,-94.772911
LOVES TRAVEL STOP #302,US-287 & US-412,Boise City,OK,3.4023,36.728328,-102.535519
LOVES TRAVEL STOP #388,"I-55, EXIT 246 & SR-35",Batesville,MS,3.4607,34.331651,-89.91418
LOVES TRAVEL STOP #398,"US-78, EXIT 81 & SR-178",Tupelo,MS,3.8823,34.253834,-88.720853
PUMP & PANTRY #13,US-281/SR-92,Saint Paul,NE,3.3073,41.224212,-98.443987
LOVES TRAVEL STOP #387,"I-85, EXIT 4",Fair Play,SC,3.2123,34.577548,-82.999874
LOVES TRAVEL STOP #227,"I-20 /I-59, EXIT 100 & SR-216",Mc Calla,AL,3.159,33.284546,-87.102379
PILOT #880,"I-84, EXIT 1",Montague,NJ,3.999,41.302259,-74.753956
KWIK TRIP #338,US-51,Plover,WI,3.299,44.450673,-89.542805
TOP STOP MARKET,"I-24, EXIT 111",Manchester,TN,3.0157,35.481667,-86.088611
LOVES TRAVEL STOPS #342,"I-37, EXIT 72 & US-281",Three Rivers,TX,3.089,28.475646,-98.178162
KWIK TRIP #422,"I-94, EXIT 322",Oak Creek,WI,3.744,42.88916,-87.902661
HUTCH'S #114,US-81,Enid,OK,2.999,36.402842,-97.862257
MCCLURE,I-74 EXIT  34,Crawfordsville,IN,3.6157,40.032524,-86.907424
CASEYS #3898,"US-151, EXIT 49 & CR-E34",Anamosa,IA,3.359,42.107763,-91.285115
One9 #1414,"I-81, EXIT 128",Elliston,VA,3.2423,37.212651,-80.249658
EAGLE EXPRESS,US-41,Peshtigo,WI,3.399,45.045778,-87.729795
DODGE CITY SHELL,"I-65, EXIT 299",Hanceville,AL,3.9523,34.051569,-86.784844
STEELE SERVICE STATION,"I-59, EXIT 174",Steele,AL,3.889,33.941679,-86.228929
LOVES TRAVEL STOP #389,I-90 EXIT 241,Conneaut,OH,3.849,41.934479,-80.580257
DE PERE SUPER STORE,US-41,De Pere,WI,3.2557,44.438779,-88.080613
PRIDE CONVENIENCE STORE,"I-91, EXIT 8 & US-20",Springfield,MA,3.559,42.106,-72.5977
LOVES TRAVEL STOP #353,"I-29, EXIT 62",Fargo,ND,3.5257,46.900878,-96.793577
KWIK TRIP #453,SR-35/SR-65,River Falls,WI,3.4473,44.85501,-92.631275
SAGE HILL TRAVEL CENTER,"I-15, EXIT 89 & US-91",Blackfoot,ID,3.569,43.194327,-112.361545
BP,"I-95/SR-405, EXIT 49 & SR-251",Darien,GA,3.539,31.382574,-81.431175
SUMNER TRUCK STOP,SR-167,Sumner,WA,4.299,47.203333,-122.239167
TA Glenrio,"I-40, Exit 369 & SR-392",San Jon,NM,3.899,35.119848,-103.284599
KWIK TRIP #373,"I-94, EXIT 295",Waukesha,WI,3.4573,42.999304,-88.219559
KWIK TRIP #491,US-151,Manitowoc,WI,3.3823,44.097122,-87.682303
KWIK TRIP #499,"I-43, EXIT 57",New Berlin,WI,3.4907,42.97397,-88.155274
KWIK TRIP #757,US-14/US-61/SR-27,Viroqua,WI,3.359,43.54419,-90.893865
KWIK TRIP #653,"I-39, EXIT 87 & US-51/SR-16",Portage,WI,3.274,43.550145,-89.47139
KENOSHA TRAVEL PLAZA,"I-94, EXIT 340/US-41 & SR-142",Kenosha,WI,3.719,42.605228,-87.829945
CIRCLE M #43,US-441/US-23/SR-15,Rabun Gap,GA,3.549,34.957552,-83.390122
PARAMOUNT TRAVEL PLAZA,"I-30, EXIT 46 & SR-19",Prescott,AR,3.379,33.804029,-93.372544
MILLERS TRAVEL CENTER,"I-80, EXIT 1",Wendover,UT,3.599,40.597396,-113.993573
ENMARKET #875,US-78 & US-21,Branchville,SC,3.2657,33.262802,-80.805931
CORNER PANTRY TRAVEL PLAZA,SR-79 & SR-40,Hermosa,SD,3.299,43.818845,-103.20596
FRIENDSHIP FOOD MART #96,SR-101/SR- 2,Sandusky,OH,3.529,41.434878,-82.70633
SHOEMAKERS SHELL TRAVEL CENTER,I-80 EXIT 395 AT MILE 395,Lincoln,NE,3.349,40.8169,-96.7103
LOVES TRAVEL STOP #280,"I-10, EXIT 114",Buckeye,AZ,3.569,33.38896,-112.607728
Circle K #2745133,US-23 & SR-38,Waycross,GA,3.399,31.219686,-82.364512
KUM & GO #0267,"I-80, EXIT 267 & SR 38",Tipton,IA,2.9823,41.756276,-91.136163
Q C MART,US-61 & CR-E63,Welton,IA,3.699,41.907472,-90.606785
EXPRESS LANE #51,I-80 EXIT 93 ROUTE 71,Ottawa,IL,3.599,41.352619,-88.841589
CASEYS #3998,SR-13 & HWY-C,Lowry City,MO,3.249,38.140443,-93.711352
SPEEDWAY #3547,I-75 & 696,Lima,OH,3.499,40.764066,-84.097296
QUIKTRIP #973,"I-45, EXIT 272",Hutchins,TX,2.8823,32.639586,-96.707021
TA EXPRESS HOT SPRINGS,US-395/US-18 & SR-79,Hot Springs,SD,3.299,43.422308,-103.476555
Meskwaki Travel Plaza,HIGHWAY 30 E,Tama,IA,3.234,41.961642,-92.580049
ANTELOPE TRUCK STOP,"I-80, EXIT 386",Burns,WY,3.199,41.200297,-104.315521
GETGO #3701,"I-99, EXIT 23",East Freedom,PA,4.099,40.328197,-78.447519
STOCKTON TRAVEL CENTER,US-20/SR-78,Stockton,IL,3.599,42.349224,-90.020185
XTRA MART #7025,SR-146,Sutton,MA,3.649,42.140586,-71.748416
STRIPES #40532,US-83 & US-277,Carrizo Springs,TX,3.349,28.52779,-99.863513
LOVES TRAVEL STOP #226,"I-25, EXIT 104",Pueblo,CO,3.619,38.287876,-104.584828
PILOT TRAVEL CENTERS #590,"I-94, EXIT 100",Alexandria,MN,3.4657,45.881747,-95.381994
CASEYS #4025,US-61/SR-92,Muscatine,IA,3.299,41.430378,-91.050928
QUIKTRIP #444,"I-10 EXIT, 139",Phoenix,AZ,3.369,33.451,-112.0685
KUM & GO #0080,"US-218/SR-27, EXIT 80 & SR-22",Riverside,IA,3.0973,41.475792,-91.57414
LOVES TRAVEL STOP #359,"I-75, EXIT 283",Cartersville,GA,3.5557,34.186975,-84.820401
LOVES TRAVEL STOP #369,I-40 EXIT 163 & SR-48,Dickson,TN,3.1757,36.076014,-87.399532
LOVES TRAVEL STOP #375,US-79/SR-6 & FM-485,Hearne,TX,3.489,30.86686,-96.584256
KUM & GO #0137,"I-80, EXIT 237",Tiffin,IA,3.099,41.705833,-91.662778
FIRELAKE GRAND TRAVEL PLAZA,"I-40, EXIT 178 & SR-102",Shawnee,OK,2.899,35.34907,-96.931321
FLORIDA 595 TRUCK STOP,"I-595/SR-84, EXIT 9 & US-441",Fort Lauderdale,FL,3.769,26.121561,-80.128778
LITTLEFIELD EXPRESS #15,"US-67, EXIT 55 & SR-258",Bald Knob,AR,3.309,35.311331,-91.550197
Spearville Truck Stop,"I-56, 126 RD",Spearville,KS,3.4657,37.823473,-99.737041
CASEYS #2907,I-57 & I-62,Charleston,MO,3.044,36.921341,-89.334207
CONOCO,"I-95, EXIT 12",Carteret,NJ,3.499,40.582278,-74.231345
7-ELEVEN #40396,"NJTP, EXIT 8A",Monroe Township,NJ,3.559,40.342475,-74.433568
SPARKYS ONE STOP #32,I-30 & CR 33,Carroll,IA,3.2323,42.071972,-94.866664
PILOT TRAVEL CENTERS #471,US-27 & US-17,Haines City,FL,3.559,28.095073,-81.614712
SHELL FOOD MART,"I-35, EXIT 54",Cameron,MO,2.9907,39.730892,-94.243723
7 ELEVEN #40122,I-95 MM2,Newark,DE,3.459,39.634869,-75.699339
7-ELEVEN #40069,"I-81, EXIT 29",Shippensburg,PA,3.4223,40.051359,-77.519477
CANDIA FIRST STOP,"SR-101, EXIT 3",Candia,NH,3.899,43.058514,-71.304857
LOVES TRAVEL STOPS #363,"I-75, EXIT 358 & SR-326",Ocala,FL,3.329,29.1981,-82.0974
LOVES TRAVEL STOPS #380,US-287/SR-114,Rhome,TX,3.089,33.054045,-97.481688
PILOT TRAVEL CENTERS #503,"I-79, EXIT 146 & CR-77",Morgantown,WV,4.059,39.6368,-80.018
PILOT #4598,I-75 EXIT 56,Niota,TN,3.599,35.581924,-84.57215
PILOT #4599,"I-24, EXIT 135",Monteagle,TN,3.3357,35.240172,-85.822795
FLYING J TRAVEL PLAZA #914- TOWN PUMP,"I-90, EXIT 96 & US-93/SR-200",Missoula,MT,3.609,46.856274,-114.025207
KWIK STAR #490,"US-20, EXIT 225 & SR-27/SR-58",Cedar Falls,IA,3.524,42.524071,-92.449725
KWIK TRIP #622,US-14 & CR-5,Byron,MN,3.574,44.037333,-92.630753
KWIK TRIP #844,US-63,Lake City,MN,3.549,44.430493,-92.283778
KWIK TRIP #887,"US-41, EXIT 139 & SR-15",Appleton,WI,3.3023,44.277325,-88.397649
Twice Daily Convenience Store #8046,"I-24, EXIT 31 & SR-249",Joelton,TN,3.349,36.328974,-86.916306
7-ELEVEN #40441,I-80 MM 21E,West Unity,OH,3.6623,41.575645,-84.442066
7-ELEVEN #40442,"I-80, MM 21W",West Unity,OH,3.6623,41.575645,-84.442066
LOVES TRAVEL STOP #452,"I-35, EXIT 70",Pauls Valley,OK,3.649,34.738506,-97.219501
FLYING J TRAVEL PLAZA #925- TOWN PUMP,"I-15, EXIT 277",Great Falls,MT,3.6357,47.509812,-111.273397
LOVES TRAVEL STOP #454,"I-5/US-12, EXIT 72",Chehalis,WA,4.589,46.638193,-122.965764
LOVES TRAVEL STOP #301,"I-90, EXIT 2",Post Falls,ID,3.7457,47.720475,-116.935349
LOVES TRAVEL STOP #300,I-70 EXIT 304,Bennett,CO,3.3257,39.725398,-104.427284
LOVES TRAVEL STOP #453,"I-10, EXIT 130 & US-231",Cottondale,FL,3.553,30.800359,-85.384672
KWIK TRIP #316,SR-15 N/SR-22 E,Hutchinson,MN,3.279,44.894554,-94.384691
PILOT #4556,"I-75, EXIT 329",Wildwood,FL,3.2257,28.845353,-82.03473
LOVES TRAVEL STOP #394,"I-65,EXIT 230",Demotte,IN,3.5123,41.171319,-87.249129
KWIK TRIP #681,"I-94, EXIT 205",Saint Michael,MN,3.2973,45.206409,-93.659253
KWIK TRIP #630,US-151/SR-32/SR-57,Chilton,WI,3.3657,44.024242,-88.182689
54 TRUCK STOP,US-54,Mullinville,KS,3.4657,37.571608,-99.46388
LOVES TRAVEL STOP #456,I-280 EXIT 1B,Perrysburg,OH,3.7607,41.542926,-83.592727
LOVES TRAVEL STOPS #258,"I-35, EXIT 183",Ottawa,KS,3.239,38.614247,-95.274519
Power Gas & Truck Stop,US-1/US-9/US-46 & SR-5,Palisades Park,NJ,3.219,40.846238,-73.995436
DANIEL BOONE TRAVEL CENTER,US-23 /US-421/US-58 & SR-871,Duffield,VA,3.5573,36.704402,-82.80651
GO MART FOOD STORE #103,SR-16 & CR 50/39,Ellenboro,WV,3.699,39.282364,-81.060382
QUALITY MART #62,I-77 EXIT 82,Jonesville,NC,2.859,36.228571,-80.787029
PARKERS #31 (DISCOUNT AVAILABLE),US-80/SR-26 & US-280,Ellabell,GA,3.0323,32.127304,-81.498302
CIRCLE K #2721416,US-441 & SR-20,Gainesville,FL,3.899,29.645029,-82.310046
BUCHS TRUCK STOP,SR-7,Steubenville,OH,3.6923,40.370638,-80.66115
VIRGINIA FAST STOP,SR-78 & SR-125,Virginia,IL,3.759,39.945475,-90.212681
SIMMONS,US-60/SR-21,Ellsinore,MO,3.424,36.945263,-90.74853
ON THE GO TRAVEL CENTER,"I-435, EXIT 8",Kansas City,KS,3.999,39.115733,-94.627139
CIRCLE K #2706627,"I-10, EXIT 261",Slidell,LA,3.189,30.278411,-89.771192
KWIK TRIP #888,US-10/US-49 & SR-54,Waupaca,WI,3.4573,44.348101,-89.110143
KWIK TRIP #463,US-52/SR-60,Zumbrota,MN,3.524,44.303179,-92.671863
MIRABITO #41,I-81 EXIT 13,Tully,NY,4.299,42.806977,-76.13936
CEFCO #16,SR-171,Godley,TX,2.9823,32.428174,-97.534865
ALL STAR,US-75 N,Sabetha,KS,3.499,39.89929,-95.811271
5 STAR TRUCK STOP,"I-44, EXIT 137",Oklahoma City,OK,2.879,35.3337,-97.4922
ADVENTURE TRUCK PLAZA,SR-3185 & SR-3107,Thibodaux,LA,3.399,29.799213,-90.809605
CHEVRON DBA ONE9 #1271,SR-86,Thermal,CA,4.259,33.543418,-116.11584
VALERO,"I-530/US-65, EXIT 34 & SR-365",White Hall,AR,3.1657,34.257001,-92.089718
BIGGAS TRUCK STOP,US-190/SR-6 & FM-2818,Bryan,TX,3.199,30.632698,-96.36616
7-ELEVEN #40301,I-90/I-80,Genoa,OH,3.6623,41.530005,-83.358984
CASEYS #2739,1323 E MAIN ST,Beloit,KS,3.359,39.45446,-98.111714
CASEYS #2734,"I-80, EXIT 222",Cozad,NE,3.0323,40.861934,-99.992091
CASEYS #2490,"I-35, EXIT 124 & US-69",Story City,IA,3.0623,42.183487,-93.598811
CASEYS #2792,"I-380/US-218, EXIT 13",Cedar Rapids,IA,3.499,41.9743,-91.655382
CASEYS #2956,"I-315/US-81, EXIT 40",Hesston,KS,3.199,38.135951,-97.449458
CEFCO #64,ST RT 14,Mexia,TX,3.099,31.678386,-96.495186
MOREHEAD TRUCKSTOP,"I-64, EXIT 133 & SR- 801",Morehead,KY,3.599,38.199047,-83.443645
FLORENCE TRAVEL PLAZA,"I-95, EXIT 150",Timmonsville,SC,3.999,34.101241,-79.937845
FRONTIER TRAVEL CENTER,US-12 & US-85,Bowman,ND,3.5323,46.173316,-103.401965
GAP FARMS TRAVEL CENTER,"I-20, EXIT 69 & SR-151",Arcadia,LA,3.249,32.555643,-92.924529
MARATHON,"I-94, EXIT 331",Casselton,ND,3.3157,46.899195,-97.213821
SPEEDWAY #6539,US-41/SR-45 & SR-52,Land O Lakes,FL,3.4957,28.2682,-82.465
SPEEDWAY #6880,CR-611,Clearwater,FL,3.3773,27.9799,-82.7806
CITGO,US-1,North Brunswick,NJ,3.1857,40.453767,-74.482285
SPEEDWAY #3495,US-1/9,Elizabeth,NJ,3.599,40.67169,-74.204335
SPEEDWAY #3503,"I-95, EXIT 13 & I-278/US-1/US-9",Linden,NJ,3.429,40.635366,-74.255567
HOUMA COTEAU TRAVEL PLAZA,I-90/SR-20,Houma,LA,3.0623,29.59433,-90.754808
CASEYS #3810,"I-29, EXIT 132 & US-14",Volga,SD,3.279,44.322354,-96.925148
HUTCH'S #109,"I-40, EXIT 38",Elk City,OK,2.969,35.410359,-99.421086
HWY 19 SCALE,"SR-19/I-35, EXIT 66",Gaylord,MN,3.4657,44.546298,-94.195543
SUNSTOP #622,SR-52 & SR-167,Hartford,AL,3.599,31.08598,-85.719204
REFUEL #1046,"I-20, EXIT 116 & US-15",Bishopville,SC,3.309,34.224101,-80.274988
J AND D COUNTRYSIDE MARTHON,SR-76 & SR-173,Poplar Grove,IL,3.499,42.359365,-88.842774
JET FOOD STORE #80,US-221/SR-135 & SR-206,Douglas,GA,3.4573,31.497287,-82.846468
LOVES TRAVEL STOP #458,"I-44, EXIT 88",Strafford,MO,3.3723,37.279718,-93.10663
SPEEDWAY #7909,"US-264, EXIT 73",Greenville,NC,3.1323,35.6594,-77.3974
SPEEDWAY #7907,US-264 & SR-33,Greenville,NC,2.944,35.6594,-77.3974
SPEEDWAY #7905,SR-43 & SR-118,Vanceboro,NC,3.3757,35.306255,-77.171618
SPEEDWAY #6981,US-301 BYP,Rocky Mount,NC,3.4323,35.94265,-77.760816
Quik Pik,US-275 & SR-9,West Point,NE,3.2157,41.84503,-96.731763
TROTTER TRUCK PLAZA,ST 11,Ord,NE,3.299,41.596187,-98.941783
Fast Fuel,US-81/SR-3,Kingfisher,OK,3.1907,35.863613,-97.947293
SPEEDWAY #9855,I-10 EXIT 49,Fabens,TX,3.2357,31.502222,-106.158056
SUPER JACK TRUCK STOP,US-84,Brookhaven,MS,3.1157,31.58581,-90.451995
STRIPES #40819,SR-359,Orange Grove,TX,3.0657,27.948659,-97.983835
STRIPES 7FLEET #42514,"I-20, EXIT 138",Midland,TX,3.459,31.989636,-102.06261
STRIPES 7FLEET #42506,US-380 & US-277,Haskell,TX,3.539,33.157993,-99.730923
STRIPES #40715,SR-107,La Villa,TX,3.169,26.298333,-97.928333
STRIPES #40628,"I-2, EXIT 134 & US-83",Mission,TX,3.259,26.24153,-98.342647
STRIPES #40598,I-2/US-83,Mission,TX,2.869,26.24153,-98.342647
STRIPES 7FLEET #42424,US-87/US-190,Brady,TX,3.599,31.128304,-99.3372
STRIPES 7FLEET #42428,"I-20 EXIT, 115",Odessa,TX,3.069,31.8465,-102.3663
STRIPES 7FLEET #42436,I-20 EXIT 134,Midland,TX,3.0657,31.989636,-102.06261
STRIPES #40729,FM-511 & FM-802,Brownsville,TX,2.999,25.933743,-97.517413
STRIPES #40892,SR-359 & SR-16,Hebbronville,TX,3.2857,27.2997,-98.682888
Refuel #185,US-220,Stokesdale,NC,3.699,36.255217,-79.970528
BLUE WATER #12,"I-526, EXIT 23",Charleston,SC,3.2323,32.962223,-79.86533
KEITH'S SUPERSTORE,"I-59, I-20, EXIT 160",Meridian,MS,3.049,32.357441,-88.655973
CLARKS PUMP N SHOP #47,SR-10/SR-9,Vanceburg,KY,3.599,38.551511,-83.355448
CEFCO #2008,US-83/US-62 & US-287,Childress,TX,2.9157,34.428124,-100.21017
SHELL,US-72,Mount Pleasant,MS,3.399,34.9364,-89.5321
NINNEKAH TRUCK STOP,US-277/US-81 & SR-19,Ninnekah,OK,3.229,34.91435,-97.933277
STOP IN Food Store #8143,US-221/US-460 & SR-607,Montvale,VA,3.3657,37.40696,-79.717462
SHELL,US-60 & SR-657,Lewisport,KY,3.499,37.909016,-86.895712
DUCK THRU FOOD STORE #26,"I-95, EXIT 154 & SR-308 & SR-11/SR-42",Lewiston Woodville,NC,3.399,36.134416,-77.206631
STEVES SHELL,"I-55, EXIT 42",Brookhaven,MS,3.199,31.58581,-90.451995
7-ELEVEN #39329,I-278/US-1,Linden,NJ,3.3757,40.635366,-74.255567
CIRCLE K #2721270,"I-95, EXIT 358B, SR-105",Jacksonville,FL,3.3423,30.3163,-81.4175
REATA PETROLEUM,I-76 & BARLOW RD,Fort Morgan,CO,3.439,40.254084,-103.803119
SAMS MART #45,"I-40, EXIT 24 & SR-209",Waynesville,NC,3.599,35.488611,-82.988889
RUTTERS #4,US-30 & SR-1016/2011,Wrightsville,PA,3.989,39.996559,-76.526971
HAVANA CONVENIENCE,US-136,Havana,IL,3.799,40.295995,-90.04952
PWI #109,"I-20, EXIT 126",Midland,TX,2.999,31.989636,-102.06261
BEAR RIVER VALLEY CO OP,SR-13/SR-83,Corinne,UT,3.419,41.544986,-112.151388
KINGSPORT TRUCK STOP,"I-81, EXIT 63",Kingsport,TN,3.899,36.552766,-82.554034
CUBBYS #113,US-20/US-275,Oneill,NE,3.2257,42.485733,-98.645565
PILOT TRAVEL CENTERS #131,"I-35, EXIT 34",Osceola,IA,3.439,41.029503,-93.771236
ROAD RANGER #181,"I-55, EXIT 90",Springfield,IL,3.299,39.80004,-89.649531
ROAD RANGER #263,"I-80, EXIT 93",Ottawa,IL,3.219,41.352619,-88.841589
CHEVRON,US-71 & SR-179,Coushatta,LA,3.1557,32.050099,-93.315644
SUNSTOP #631,SR-231/SR-53 & SR-123,Ozark,AL,3.599,31.439069,-85.643629
SUNOCO,"I-275, EXIT 42/SR-747",Cincinnati,OH,3.099,39.091293,-84.277383
SUNSTOP #616,US-84/SR-134 & CR-1,Daleville,AL,3.399,31.281091,-85.730473
84 QUICK STOP,I-84,Brookhaven,MS,3.149,31.58581,-90.451995
QUICK FUEL #5301,SR-360,Grand Prairie,TX,3.024,32.76488,-97.01121
LEROY TRUCK PLAZA,"I-74, EXIT 149",Le Roy,IL,3.479,40.346781,-88.759813
LOVES TRAVEL STOP #254,"I-70, EXIT 59 & SR-39",Mooresville,IN,3.929,39.591469,-86.364173
LOVES TRAVEL STOP #457,"I-30/US-67/US-70, EXIT 128",Little Rock,AR,3.2423,34.748342,-92.281939
BREW #31,US-71/US-18,Spencer,IA,3.4657,43.145107,-95.14569
CIRCLE K #2723487,US-17 & SR-211,Supply,NC,3.289,33.962504,-78.296089
FAS MART #5261,SR-9 & SR-57,Tollesboro,KY,3.3523,38.572332,-83.560458
SPINX #178 (DISCOUNT AVAILABLE),"I-385, EXIT 42 & I-85, EXIT 51B & US-25",Travelers Rest,SC,3.1923,35.003929,-82.427179
FLASH MARKET #17032,"I-555/US-63, EXIT 29 & SR-69",Trumann,AR,3.4073,35.668914,-90.518738
CIRCLE K #2723641,US-231/SR-87/SR-10/SR-53 & CR-21,Troy,AL,3.799,31.7567,-85.9993
VALLEN MART,US-14,Volga,SD,3.319,44.322354,-96.925148
GAS N GO,US-280/SR-27 & SR-520,Richland,GA,3.199,32.084578,-84.666724
KWIK TRIP #721,SR-19 & SR-73,Marshall,WI,3.4973,43.163639,-89.075331
Sprint Mart #45,US-278/US-45,Tupelo,MS,3.189,34.253834,-88.720853
PETES #05,US-59 & US-400,Parsons,KS,3.299,37.338888,-95.269288
CIRCLE K #2723782,"I-40, EXIT 38 & US-421",Greensboro,NC,3.0823,36.0726,-79.792
PILOT TRAVEL CENTER #1054,US-183 & SR-21,Buda,TX,3.4157,30.091758,-97.853422
EL TIGRE FOOD STORE #13,SR-336,Hidalgo,TX,3.2157,26.102832,-98.253641
CIRCLE K #2723844,US-15/US-501/US-1,Sanford,NC,3.049,35.464148,-79.176446
CIRCLE K #4707627,"I-81, EXIT 48",Watertown,NY,4.099,43.974258,-75.912212
UNCLE WILLIES #1288,US-13,Felton,DE,3.219,39.022538,-75.582906
CEDAR RIVER PLAZA,SR-35,Stephenson,MI,3.419,45.416594,-87.62579
E Z PICKENS,"US-20, EXIT 275 & SR-13",Manchester,IA,3.579,42.483418,-91.449001
JEMISON EXXON,"I-65, EXIT 219 & CR-42",Jemison,AL,3.299,32.980539,-86.718052
KUM & GO #0379,US-412/ US-63 & SR-25,Black Rock,AR,3.199,36.114874,-91.117629
SMILEYS FUEL CITY,"I-64/I-81, EXIT 205 & SR-206",Raphine,VA,3.539,37.937353,-79.221903
CircleK #2709341,US-411,Chatsworth,GA,3.499,34.758929,-84.794293
FAS MART #5262,"I-64, EXIT 94 & SR-1958/SR-2888",Winchester,KY,2.9073,37.987161,-84.178894
PILOT #1135,US-281,Falfurrias,TX,3.459,27.22416,-98.140844
SHELL,"I-55, EXIT 227 & SR-32",Oakland,MS,2.999,34.075552,-89.887748
CASEYS #4308,US-34,Chariton,IA,3.539,41.022638,-93.30419
SUNOCO TRUCK STOP,"I-70, EXIT 123 & SR-3",Spiceland,IN,3.399,39.827078,-85.445043
PILOT TRAVEL CENTER #897,"I-95, EXIT 12B, INTERSECTION OF SR-826 & 817",Opa Locka,FL,3.699,25.909662,-80.247004
QUICK DRAW TRAVEL PLAZA,"I-20, EXIT 49 & SR-531",Minden,LA,3.0123,32.632281,-93.288587
CHEVRON,SR-19,Huntsville,TX,2.979,30.7947,-95.5337
BASIN MARKET #107,US-40,Vernal,UT,3.599,40.440613,-109.546883
SMOKIES,US-45,Okolona,MS,3.099,33.989015,-88.759843
RUTTERS #56,"I-83, EXIT 39A & SR-114",New Cumberland,PA,3.899,40.215105,-76.868909
EXXON TIGER MART,"US-67/US-167, EXIT 28 & US-64",Beebe,AR,3.299,35.093743,-91.907449
KUM & GO #0880,"US-412, EXIT 36",Stillwater,OK,2.954,36.104349,-97.060868
CIRCLE K #4703701,I-24 EXIT 70,Smyrna,TN,3.0323,35.965611,-86.504818
Strike,US-287/96/69 & SR-347,Beaumont,TX,3.499,30.068805,-94.103896
CASH MAGIC HOLLYWOOD,US-90,Berwick,LA,3.399,29.698786,-91.205662
ROADRUNNER FUELS,US-550/SR-544,Aztec,NM,3.7757,36.820499,-108.010982
MAVERIK #5200,"I-70 BUSINESS, EXIT 25, CR-24",De Beque,CO,3.4423,39.311764,-108.230405
AIRLINE CHEVRON,US-61,Kenner,LA,3.099,29.991203,-90.247901
KUM & GO #0449,US-60/US-71,Neosho,MO,3.0557,36.870634,-94.386218
TURRELL FUEL STOP,"I-55, EXIT 21",Turrell,AR,3.4657,35.296936,-90.262979
CIRCLE K #2705098,US-27 & SR-44,Leesburg,FL,3.5723,28.807965,-81.885772
KENT KWIK #273,SR-302 & SR-18,Kermit,TX,3.039,31.85496,-103.091269
SPRINT FOODS #725,"I-520, EXIT 16/SR-28",Beech Island,SC,3.349,33.427222,-81.891111
ON THE GO,SR-239,Prescott,KS,3.199,38.071802,-94.700841
CIRCLE K #2744062,"I-25, EXIT 74",Colorado City,CO,3.349,37.945278,-104.834722
G FUEL,US-40 & SR-140,Penns Grove,NJ,3.399,39.717938,-75.465623
STRIPES 7FLEET #42510,"I-10, EXIT 256/US-285",Fort Stockton,TX,3.379,30.890785,-102.879942
DELAWARE TRUCK STOP,"I-80, EXIT 4C/US-46",Delaware,NJ,3.079,40.892778,-75.065
EXXON,"I-20, EXIT 44 & US-371 & US-80/US-79",Minden,LA,3.399,32.632281,-93.288587
MONROE CENTER BP OASIS,"I-39, EXIT 111/US-51 & SR-72",Monroe Center,IL,3.599,42.10501,-89.016946
KUM & GO #0026,"I-90, EXIT 26",Adrian,MN,3.1907,43.619683,-95.927261
CHEVRON,US-61,Baton Rouge,LA,3.899,30.450731,-91.186954
STONES TRUCK STOP,"I-29, EXIT 77/US-212",Watertown,SD,3.3823,44.904295,-97.123977
Circle K,SR-574,Plant City,FL,3.3257,28.0168,-82.1289
CIRCLE K #2721426,US-98/SR-30A & SR-368,Panama City,FL,3.2907,30.160624,-85.649403
Forks 1&23,US-1/US-23/SR-4 & SR-19,Alma,GA,3.599,31.546525,-82.4633
SPRINT MART #4144,US-82/US-45/SR-12 & SR-182,Columbus,MS,3.0157,33.537699,-88.426194
SUNOCO,SR-50 & SR-471,Webster,FL,3.3357,28.577492,-82.092975
WHISPERING PINES,SR-10,Greensburg,LA,3.099,30.864693,-90.725561
CIRCLE K #2707610,"I-10, EXIT 26",Milton,FL,3.2323,30.660413,-87.047278
TEXACO,"I-84, EXIT 376",Tremonton,UT,3.4557,41.701564,-112.181293
DELTA FUEL,"I-80, EXIT 242 & SR-339",Mifflinville,PA,3.3657,41.023473,-76.292396
MARTIN GENERAL STORE,US-22,Ebensburg,PA,3.524,40.480105,-78.726294
FIESTA MART #21,"I-40, EXIT 278",Warner,OK,3.639,35.494546,-95.306434
LOVES TRAVEL STOP #459,"I-65, EXIT 133 & SR-267",Whitestown,IN,3.6223,40.00002,-86.350716
7-ELEVEN #36835,"I-85, EXIT 32",Pelzer,SC,3.1823,34.646063,-82.467334
CIRCLE K #2707682,"I-75, EXIT 164 & US-17/SR-35",Punta Gorda,FL,3.399,26.915163,-82.053166
CITGO,US-27,Hialeah,FL,3.4723,25.905,-80.3049
DIAMOND #7,"I-65, EXIT 69",Brewton,AL,3.399,31.118926,-87.067325
WHITESBURG BP,US-27/SR-16,Whitesburg,GA,3.699,33.511093,-84.925426
TALL TIMBERS TRUCKSTOP,"I-10, EXIT 23 & SR-108",Sulphur,LA,3.8323,30.219001,-93.363911
KWIK TRIP #587,US-141 & SR-22,Lena,WI,3.2823,44.940494,-88.054308
KUM & GO #4127,"I-29, EXIT 127",Sloan,IA,3.109,42.242726,-96.230634
Pure,US-82/SR-520/SR-135,Willacoochee,GA,3.4657,31.345481,-83.044931
CIRCLE K #2745137,"I-75/SR-401, EXIT 149 & SR-49",Byron,GA,3.199,32.647384,-83.762244
CO RETAIL VENTURE DB,US-34 & SR-59,Yuma,CO,3.449,40.130063,-102.707174
WESSON,"I-84, EXIT 22, SR-8, EXIT 22",Waterbury,CT,4.179,41.558,-73.0519
Highland oil,US-412,Hardy,AR,3.269,36.322746,-91.411027
FAST LANE #3,US-64 & US-49,Mc Crory,AR,3.399,35.247292,-91.179327
CIRCLE K #2741779,"US-270, EXIT 2",Hot Springs National Park,AR,3.369,34.501475,-93.026024
ROYAL FARMS #120,US-13/CR-16,Greenwood,DE,3.259,38.817519,-75.593547
Chevron #386730,"I-10, EXIT 139",Phoenix,AZ,3.299,33.451,-112.0685
TEXACO,SR-89,Prescott,AZ,3.739,34.629909,-113.022459
PAC PRIDE CARDLOCK,CR-25/CR-826,Miami,FL,3.479,25.779,-80.1982
EXXON,"I-10, EXIT 335/SR-121",Macclenny,FL,3.499,30.273671,-82.132475
MINIT MART #600627,"I-57, EXIT 312",Kankakee,IL,3.449,41.116582,-87.869607
MAPCO #3502,SR-151,Ringgold,GA,3.0923,34.92052,-85.154908
FIVE STAR EXPRESS,"I-520/SR-415, EXIT 16 & SR-28",Augusta,GA,3.499,33.511692,-82.099505
ORCHARD STOP BP,US-30,Montgomery,IL,3.549,41.717742,-88.331965
CIRCLE K #2703175,"I-520/SR-415, EXIT 9 & SR-56",Augusta,GA,3.2823,33.511692,-82.099505
MOBIL,"I-95, EXIT 60",Salisbury,MA,3.599,42.850678,-70.858822
MISHAWAKA ROAD FLEET SITE,SR-19 & CR-20,Elkhart,IN,3.689,41.710083,-85.972949
CARROLL MOTOR FUELS,US-40,Middle River,MD,3.139,39.340098,-76.415255
CASEYS #3961,SR-3 & SR-143,Marcus,IA,3.299,42.819959,-95.803431
CUBBYS #302,SR-39 & SR-175,Odebolt,IA,3.3157,42.309514,-95.25005
KJ TRAVEL CENTER,"US-20, EXIT 310",Idaho Falls,ID,3.4073,43.517679,-111.990626
Gallops,US-20,Michigan City,IN,3.399,41.698031,-86.869899
FARMERS UNION OIL,US-83,Wilton,ND,3.899,47.170853,-100.794385
Caseys #4450,US-160,Ulysses,KS,3.399,37.579174,-101.348846
PUMP & PANTRY #2,US-30 & US-281,Grand Island,NE,3.3073,40.921858,-98.341062
ELGIN ONE STOP,SR-14 & SR-70,Elgin,NE,3.1373,41.973239,-98.075082
PAULS TRUCK STOP,US-171,Leesville,LA,3.449,31.144292,-93.223957
FAMILY FARE #834 (DISCOUNT AVAILABLE),"US-131, EXIT 175",Byron Center,MI,3.739,42.801614,-85.713602
BIG BATS 2,US-20,Chadron,NE,3.699,42.819268,-102.995331
JENNINGS TRUCKSTOP,"I-10, EXIT 65",Jennings,LA,2.999,30.22011,-92.657405
NORTH FORK TRUCK STOP,US-12/CR-103,White Pigeon,MI,3.559,41.792891,-85.67501
SAMMYS TRUCK AUTO PLAZA,"I-49, EXIT 53",Bunkie,LA,3.399,30.949284,-92.182582
SHELL,SR-308 & SR-654,Mathews,LA,3.459,29.681982,-90.494914
ALLTOWN MARKETS,"SR-101, EXIT 2",Auburn,NH,3.799,42.992529,-71.344892
MARATHON,US-223/CR-52,Adrian,MI,3.599,41.900516,-84.044556
ALEXS MARKET AND GRILL,"I-75, EXIT 101",Holly,MI,4.699,42.790494,-83.612737
REFINED MARKETERS,"I-96, EXIT 31A/US-131, EXIT 88",Grand Rapids,MI,3.739,42.9704,-85.6738
SUNOCO,ST 17,Carlstadt,NJ,3.1623,40.840298,-74.092498
SPEEDWAY #4500,"I-35, EXIT 171/CR-11",Pine City,MN,3.549,45.832273,-92.982604
CIRCLE K #4705573,SR-82,Grafton,OH,3.749,41.28537,-82.043098
QUICK FUEL #3138,"I-35, EXIT 98/CR-26",Saint Paul,MN,3.6173,44.902691,-93.096435
CIRCLE K #4705571,ST 2,Holland,OH,3.549,41.622629,-83.725712
BP,US-130,Burlington,NJ,3.1457,40.068015,-74.845353
Circle K #2746335,"I-35, EXIT 22",Minneapolis,MN,3.799,45.049582,-93.246095
CENEX,SR-11/SR-310,Roseau,MN,3.499,48.826809,-95.756709
CIRCLE K #4705587,SR-585 & SR-57,Rittman,OH,3.659,40.968381,-81.782599
CULVERS HAWKINS,"US-59/I-29, EXIT 43",Saint Joseph,MO,3.199,39.768755,-94.838488
CASEYS #4256,US-71/SR-175,Joplin,MO,3.069,37.096858,-94.505144
CROSSROADS RATON TRUCK STOP,"I-25/US-85, EXIT 451 & US-87",Raton,NM,3.499,36.895187,-104.434881
Regal Truck Stop,SR 30,New Albany,MS,3.249,34.485051,-89.003058
CIRCLE K #2723389,US-49,Gulfport,MS,2.944,30.382556,-89.097618
KUM & GO #0498,SR-125,Rogersville,MO,3.0523,37.131047,-93.096449
LOVES TRAVEL STOP #395,"I-57, EXIT 308",Kankakee,IL,3.379,41.116582,-87.869607
SHEETZ #181,"I-80, EXIT 158 & SR-220",Bellefonte,PA,3.729,40.909377,-77.7642
A PLUS MINI MARKET,"I-95, EXIT 26",Philadelphia,PA,3.999,39.864998,-75.275196
RAJS MINI MART,US-1/SR-29,Morrisville,PA,3.899,40.212064,-74.822153
SUNOCO,"I-78, EXIT 29A/SR-61",Shoemakersville,PA,3.639,40.495495,-75.960313
KWIK FILL #390,SR-15 & TABER RD,Blossburg,PA,3.684,41.669771,-77.079711
GOLDEN GATE Fallon,US-50,Fallon,NV,3.549,39.470254,-118.786112
CIRCLE K #4707628,SR-90 & SR-5,Montezuma,NY,3.999,43.01,-76.703611
GOLDEN GATE GOLDEN VALLEY,"US-395, EXIT 73",Reno,NV,3.949,39.526812,-119.811275
MIRABITO #42,"I-81, EXIT 7",Castle Creek,NY,3.999,42.256805,-75.908746
ONVO TRAVEL PLAZA - MIFFLINVILLE,"I-80, EXIT 242/CR-339",Mifflinville,PA,3.3657,41.023473,-76.292396
CIRCLE K #2723748,"I-20, EXIT 48",Pearl,MS,3.389,32.276837,-90.102714
WEST PAK A POK,SR-8,Houston,MS,3.399,33.902554,-88.967005
One9 #1374,"I-81, EXIT 143, SR-924",Hazleton,PA,3.8623,40.962107,-75.978193
CITGO,US-22/SR-72,Jonestown,PA,3.749,40.43607,-76.503842
ONVO TRAVEL PLAZA - GIBSON,"I-81, EXIT 219 & SR-848",New Milford,PA,3.589,41.866409,-75.717113
EAGLE EXXON,US-27/SR-29,Dayton,TN,3.399,35.500186,-85.013455
MARTIN GENERAL STORE # 207,SR-865/I-99 EXIT 41,Altoona,PA,3.539,40.520945,-78.408901
CATDADDY MARKET,SR-33,Tazewell,TN,3.299,36.471012,-83.555219
CEFCO #2005,"I-40, EXIT 73",Amarillo,TX,2.869,35.203238,-101.842052
CIRCLE K #2723415,"I-26, EXIT 16",Spartanburg,SC,3.099,34.935211,-81.965377
CADOO MILLS,"I-30/US-67, EXIT 87 & FM-1903",Caddo Mills,TX,2.8007,33.068267,-96.239093
COWBOY TRAVEL PLAZA,"I-10, EXIT 833",Hamshire,TX,2.899,29.866769,-94.318739
CIRCLE K #2723881,US-701 & US-501,Conway,SC,3.184,33.873066,-79.055712
OASIS TRUCK STOP,US-60 & US-83,Canadian,TX,3.299,35.885906,-100.353875
QUARLES #4914,"I-64 EXIT 297, US-13",Chesapeake,VA,3.5257,36.735246,-76.23843
CIRCLE K #2723705,"I-81, EXIT 80 & SR-121",Wytheville,VA,3.2657,36.940669,-81.094082
JOLLEY #113,"I-91, EXIT 28",Derby,VT,3.539,44.950182,-72.137555
TEX BEST #506,"I-35, EXIT 84",Dilley,TX,3.099,28.678201,-99.174684
PILOT EXPRESS #1173,"I-5, EXIT 135",Tacoma,WA,4.599,47.2764,-122.7583
STRIPES #40705,US-77/SR-374,Combes,TX,2.9123,26.248333,-97.733611
KENT KWIK #262,"CR-18/I-20, EXIT 80",Monahans,TX,2.859,31.581294,-102.900273
EXTRA MILE TRUCK STOP,I-30 EXIT 208,Hooks,TX,2.8173,33.477542,-94.269188
LOVES TRAVEL STOP #292,"I-55, EXIT 220",Dwight,IL,3.349,41.088701,-88.415884
CIRCLE K #2741536,SR-83/CR-1015,Weslaco,TX,3.0357,26.169444,-97.988714
ALVARADO MARKET STATION,"I-35W, EXIT 26A & US-67",Alvarado,TX,2.844,32.439499,-97.212971
STRIPES #2294,US-83 & FM-1120,Leakey,TX,2.949,29.768951,-99.747913
FREDS FUEL AND FOOD #2,"I-57, EXIT 283 & US-24",Gilman,IL,3.049,40.767987,-87.993336
SPEED SMART,"I-10, EXIT 114",Buckeye,AZ,3.3723,33.38896,-112.607728
MPC #2,US-67 & CR-A,Fredericktown,MO,2.9907,37.543716,-90.310527
PHOENIX #308,ST 210,Rocky Point,NC,3.619,34.434418,-77.923448
CHISUM TRAVEL CENTER,US-70/US-54,Tularosa,NM,2.999,33.065049,-106.010789
CEFCO #6,SR-6 & SR-7,Marlin,TX,2.999,31.303592,-96.888942
KWIK STAR #895,US-18/US-63 EXIT 204,New Hampton,IA,3.449,43.056015,-92.313136
WHITE OAK STATION #15,US-65,Harrison,AR,3.599,36.241707,-93.106162
MACS MARKET #101,ST 22A,Fair Haven,VT,3.599,43.62345,-73.270068
SUNSTOP #612,US-84,Andalusia,AL,3.4857,31.297142,-86.490468
WALTON TRUCK STOP,US-78/SR-10 & SR-83,Monroe,GA,3.999,33.808141,-83.707221
GAS N GO,US-280/US-19,Americus,GA,3.299,32.0881,-84.2362
BP,"I-74, EXIT 51",Galesburg,IL,3.499,40.952138,-90.369807
MR FUEL #719,"I-80, EXIT 6",Gary,IN,3.5657,41.593333,-87.346389
LOVES TRAVEL STOP #463,I-10 EXIT 604,Seguin,TX,3.179,29.561316,-97.962801
FLYING J #493,I-95 EXIT 77,Saint George,SC,3.519,33.184532,-80.573246
KWIK TRIP #351,SR-13 & SR-64,Medford,WI,3.4007,45.151185,-90.350306
BIG D #018,SR-387 & SR-59,Gillette,WY,3.459,44.282009,-105.497442
EXPRESSWAY LUVERNE,"I-90, EXIT 12",Luverne,MN,3.239,43.661366,-96.221562
PINECONE TRAVEL PLAZA,"I-94, EXIT 267",Johnson Creek,WI,3.219,43.075051,-88.783602
SUN DO KWIK SHOP,SR-242,Evergreen,NC,3.159,34.375234,-78.884638
Refuel #313,US-183 & SR-29,Liberty Hill,TX,2.909,30.662953,-97.931598
SHELL,"I-40, EXIT 200 & SR-99",Seminole,OK,2.859,35.224444,-96.670278
CIRCLE K #2723622,"I-75, EXIT 345",Ringgold,GA,3.0757,34.92052,-85.154908
NINOS TRUCK PLAZA,"I-10, EXIT 151",Port Allen,LA,3.039,30.471983,-91.254088
HOLIDAY STATIONSTORE #2746484,US-61 & US-10,Hastings,MN,3.569,44.718932,-92.862566
Big's #304,"I-35, EXIT 141",Moore,TX,2.999,29.035377,-98.987403
TRAINER MART,"I-10, EXIT 593",Marion,TX,2.999,29.56835,-98.151709
TONKAWA TRAVEL CENTER,"I-35, EXIT 214 & US-60",Tonkawa,OK,3.099,36.68062,-97.30634
SHREES TRUCK STOP,"I-90, EXIT 149 & SR-281",George,WA,3.569,47.079167,-119.854722
CIRCLE K #2701526,"I-40, EXIT 208",Colfax,NC,2.9573,36.100272,-80.010276
GO MART FOOD STORE #106,US-250/US-219/SR-92/SR-55,Elkins,WV,3.499,38.925304,-79.847115
PILOT #481,"I-75, EXIT 20",Mc Donald,TN,3.599,35.086902,-84.989198
SPEEDWAY #1426,US-30 & SR-51,Merrillville,IN,3.8857,41.4957,-87.350932
LOVES TRAVEL STOP #464,"I-10, EXIT 523 & US-87",Comfort,TX,3.2123,29.979072,-98.843772
HUTCH'S #119,I-40 EXIT 40,Elk City,OK,2.969,35.410359,-99.421086
ENERGY EXPRESS TRAVEL CENTER,I-70 EXIT 247,Saint Louis,MO,2.909,38.642574,-90.324189
HOT SPOT #6007,"I-85, EXIT 80",Spartanburg,SC,3.089,34.935211,-81.965377
SAPP BROS TRAVEL CENTER,"US-75, EXIT 116",Le Mars,IA,3.269,42.79623,-96.170386
JOAQUIN QUICK STOP,US-84,Joaquin,TX,3.4323,31.943989,-94.060833
LEERJAK TRAVEL CENTER,US-60,Ellsinore,MO,3.409,36.945263,-90.74853
LOVES TRAVEL STOP #466,"I-78, EXIT 65",Jasper,AL,3.5557,33.871672,-87.249144
A PLUS MINI MARKET,"I-95, EXIT 19",Philadelphia,PA,4.049,39.864998,-75.275196
DUCK THRU FOOD STORE #34,US-158 & US-17,Elizabeth City,NC,3.499,36.3019,-76.2236
RUTTERS #5,US-30 & SR-997,Fayetteville,PA,3.859,39.906543,-77.53096
Maplefields,"I-89, EXIT 19",Saint Albans,VT,3.539,44.811138,-73.089025
7-ELEVEN #36834,SR-72,Abbeville,SC,3.619,34.18186,-82.378452
MARATHON,US-68/SR-80,Russellville,KY,3.199,36.853074,-86.888708
LOVES TRAVEL STOP #447,"I-10 E, EXIT 0",Anthony,TX,3.449,31.990718,-106.597625
AKAL TRAVEL CENTER,I-80 EX 360,Waco,NE,2.799,40.919826,-97.453352
WORKMANS TRAVEL CENTER,"I-40 EXIT, 35 & SR-23",Ozark,AR,3.2973,35.524645,-93.837423
GULF EXPRESS DIESEL AND GAS,"I-295, EXIT 4 & SR-14",Johnston,RI,3.799,41.826431,-71.497646
SPEEDWAY #8062,SR-26/CR-00,Kokomo,IN,3.799,40.49884,-86.145273
PILOT #491,"I-81, EXIT 251 & US-11",Harrisonburg,VA,3.659,38.448864,-78.871438
PILOT #4568,I-20 EXIT 11,Graniteville,SC,3.3923,33.563016,-81.814686
PILOT TRAVEL CENTERS #596,I-69 EXIT 196,Smiths Creek,MI,3.959,42.922072,-82.574516
Fast Stop Travel Centers #2241,US-26 S & SR-39,Blackfoot,ID,3.999,43.194327,-112.361545
QUIKTRIP #766,US-29 & SR-316,Dacula,GA,3.3207,33.988611,-83.898056
AYERCO 32,US-61 & SR-P,Canton,MO,3.0157,40.143695,-91.547987
KWIK TRIP #884,US-45 & SR-22,Clintonville,WI,3.559,44.636442,-88.742999
WEBERS OF PLYMOUTH,SR-57 N/CR-PP E,Plymouth,WI,3.499,43.75258,-87.977906
CHEVRON,"I-84, EXIT 343/CR-104",Ogden,UT,3.4423,41.2443,-112.0072
TOOT N TOTUM #44,SR-287 E/CR-335 N,Amarillo,TX,3.0423,35.203238,-101.842052
RUTTERS #16,"I-83, EXIT 10 & SR-214",York,PA,4.199,39.963539,-76.726887
PILOT TRAVEL CENTER #1028,"I-45, EXIT 178/US-79 N",Buffalo,TX,3.549,31.457151,-96.058516
TOOT N TOTUM #114,US-385/US-54,Dalhart,TX,3.199,36.073183,-102.517658
PAWNEE TRAVEL PLAZA,US-412 & SR-18,Pawnee,OK,3.044,36.336197,-96.79227
STRIPES 7FLEET #42515,US-87 N,Lamesa,TX,3.099,32.736677,-101.956914
7-ELEVEN #42072,"I-20, EXIT 599/SR-281",Longview,TX,3.2073,32.526854,-94.72328
ROAD RANGERS #270,"I-35, EXIT 114/SR-462",Moore,TX,3.169,29.035377,-98.987403
SHELBINA Phillips 66,US-36 & SR-15,Shelbina,MO,3.099,39.694718,-92.03706
STRIPES,US-77,Refugio,TX,3.074,28.316944,-97.276665
GOLDEN GATE TRUCKSTOP,"I-80, EXIT 106 & SR-398",Lovelock,NV,3.649,40.1819,-118.468915
MAVERICK TRAVEL CENTER,"I-20, EXIT 386/US-281",Santo,TX,3.099,32.597935,-98.179675
STRIPES #40519,US-90/CR-1023,Uvalde,TX,3.359,29.217238,-99.793074
PAPA ROCK,US-79/SR-76,Clarksville,TN,3.199,36.522014,-87.348997
Circle K #2741789,"I-30, EXIT 98 & US-270",Malvern,AR,3.439,34.355715,-92.829162
EXPRESS GAS,"I-40, EXIT 2A/US-51",Memphis,TN,2.979,35.0337,-89.9343
QUIKTRIP #1106,US-76,Anderson,SC,2.959,34.526051,-82.630436
Sunoco,US-30,Roebling,NJ,3.159,40.115352,-74.777224
J J OIL #07,US-160,Ulysses,KS,3.399,37.579174,-101.348846
JUMPIN JACKS 419,SR-161,Rockport,IN,3.999,37.885803,-87.07701
CASEYS #3439,US-63,Lime Springs,IA,3.5657,43.45563,-92.273324
Marathon,US-82/US-27,Cuthbert,GA,3.699,31.771111,-84.789444
SPEEDWAY #6278,"I-96, EXIT 16",Coopersville,MI,3.499,43.06013,-85.951722
CHEVRON,SR-24 & SR-660,Houma,LA,3.099,29.59433,-90.754808
SPANISH LAKE TRUCK AND CASINO PLAZA,SR-182,New Iberia,LA,3.329,30.001027,-91.819959
LOVES TRAVEL STOP #470,"I-75, EXIT 451",Jasper,FL,3.3273,30.502914,-82.932186
KWIK TRIP #462,SR-11 & SR-83,Burlington,WI,3.274,42.666034,-88.274886
SHELL,SR-193/SR-163 & CR-26,Theodore,AL,3.039,30.544374,-88.180748
8 MILE STORE,"US-64/I-40, EXIT 127",Conway,AR,3.399,35.084199,-92.423574
B LINE SHELL,SR-710,Jupiter,FL,3.9573,26.933938,-80.120091
CREEK TRAVEL PLAZA,"I-65, EXIT 54",Atmore,AL,3.1357,31.057245,-87.487347
KUM & GO #0414,US-212/SR-265,Springdale,AR,3.1423,36.183521,-94.176216
FAST TRACK 427,"I-10, EXIT 225/US-19",Lamont,FL,3.739,30.365341,-83.900266
LOVES TRAVEL STOPS #469,"I-85, EXIT 15 & US-1",South Hill,VA,3.949,36.712388,-78.153388
JACKSONS FOOD STORE #30,"I-86, EXIT 61",Pocatello,ID,3.459,42.887592,-112.438142
DUBOIS TRAVEL STOP,I-15 & MAIN,Dubois,ID,4.299,44.185769,-112.325852
WARRIOR RIDGE,US-22 & SR-3035,Ashland,PA,3.699,40.773231,-76.342972
PWI #675,I-10/US-85/US-180 EXIT 155 & SR-227,Vado,NM,2.949,32.115,-106.663333
BP,US-29/SR-154,Palmetto,GA,3.249,33.524195,-84.678999
CHEVRON,SR-243,Gordon,GA,3.359,32.909212,-83.320416
SPEED GAS,SR-56,Rosenhayn,NJ,3.459,39.478056,-75.131667
MINIT MART #600632,"I-474, EXIT 9 & SR-29",Pekin,IL,3.739,40.567435,-89.624332
Coastal Fuel,US-421,Wilmington,NC,3.399,34.225304,-77.937856
CASEYS #2845,"SR-150, I-380, EXIT 41",Urbana,IA,3.449,42.224167,-91.874167
MACH ONE FOOD SHOP #17,US-45/US-50,Flora,IL,3.899,38.670337,-88.49186
BG FOOD MART,US-31,Bowling Green,KY,3.0573,37.007874,-86.455891
CASEYS #3295,SR-35 & SR-27,Prairie Du Chien,WI,3.499,43.042649,-91.119305
DUCK THRU #3,SR-11 & SR-561,Ahoskie,NC,3.5623,36.295737,-76.996632
EXCELL FUELS,SR-5,Buffalo,NY,3.999,42.896659,-78.884575
GOOD 2 GO #212,US-310/SR 789,Lovell,WY,3.657,44.833637,-108.414107
HUCKS FOOD & FUEL #368,"US-41, EXIT 44/SR-281",Madisonville,KY,3.399,37.325551,-87.495326
MONICARLO FUEL STOP,US-61 & SR-54,Garyville,LA,3.199,30.05352,-90.620113
KUM & GO #0779,"I-35, EXIT 92 & US-136",Bethany,MO,2.9557,40.260055,-94.018863
CHEVRON,SR-3235,Galliano,LA,3.499,29.431125,-90.298054
FOOD N FUN #17,US-90 & SR-83 & CR-605,New Iberia,LA,3.067,30.001027,-91.819959
SPRING STREET SERVICE STATION,US-1/US-9,Elizabeth,NJ,3.099,40.67169,-74.204335
CHEVRON #308195,"I-82, EXIT 58/US-12 & SR-223",Granger,WA,4.329,46.348045,-120.181848
SHELL,"US-202, EXIT 16",Orange,MA,3.649,42.591231,-72.305867
Sprint Food #742,US-25/SR-121,North Augusta,SC,3.159,33.517766,-81.934794
ONE9 #1285,"I-20, EXIT 386 & US-281",Santo,TX,2.924,32.597935,-98.179675
CIRCLE K #2723796,SR-S-8-33 & SR-S-8-119,Charleston,SC,3.199,32.962223,-79.86533
SUPER LUCKY LOUIES,US-190/SR-1,Port Allen,LA,3.0323,30.471983,-91.254088
FLASH MARKET SHELL,US-63,Koshkonong,MO,3.499,36.605553,-91.630411
7-ELEVEN #41032,US-84 & US-259,Mount Enterprise,TX,3.349,31.9125,-94.623505
NEW DIXIE MART #19,"I-95, EXIT150",Whitakers,NC,3.339,36.075797,-77.716743
SAMS MART #95,SR-49,Harrisburg,NC,3.799,35.324731,-80.659401
SHEETZ #236,SR-441 & SR-772,Marietta,PA,3.389,40.066442,-76.564527
MINER TOWNE MART,206 R-11,Shullsburg,WI,3.399,42.57856,-90.226619
CIRCLE K #2723367,"I-77, EXIT 8 & SR-148",Fancy Gap,VA,3.2907,36.663972,-80.69075
PILOT #474,"I-79, EXIT 67 & SR-19",Sutton,WV,3.8657,38.673855,-80.681072
FLYING J TRAVEL PLAZA #304,"I-469, EXIT 19 & US-30",New Haven,IN,3.859,41.069856,-85.01173
PILOT #586,"I-10, EXIT 69 & SR-63",Moss Point,MS,3.459,30.411389,-88.534444
FLYING J #470 HUDSON,"I-94, EXIT 10 & US-65",Roberts,WI,3.559,44.987356,-92.559773
BECKS EXPRESS MART #14,SR-26,Princeton,IL,3.249,41.362934,-89.427017
DOWNSTREAM Q STORE,US-166/US-400,Joplin,MO,3.199,37.096858,-94.505144
EXXON SANDY RIDGE MART,"I-40/US-421, EXIT 208",Colfax,NC,3.099,36.100272,-80.010276
SHELL,"I-95, EXIT 58 & US-13",Wade,NC,3.199,35.160559,-78.724929
SUPERPUMPER #32,US-2,Minot,ND,3.599,48.22914,-101.298476
MARATHON,"I-75, EXIT 8",Cincinnati,OH,3.899,39.091293,-84.277383
KWIK TRIP #679,"I-43, EXIT 128 & SR-42",Sheboygan,WI,3.2157,43.740981,-87.724667
TA Express Williston,US-2 & US-85,Williston,ND,3.4473,48.167924,-103.631699
KWIK TRIP #659,"US-52, EXIT 56 & CR-22",Rochester,MN,3.549,44.049572,-92.48962
LOVES TRAVEL STOP #474,US-85/US-2 & CR-6,Williston,ND,3.519,48.167924,-103.631699
BIG D 14,"I-90, EXIT 46/US-14/SR-79",Piedmont,SD,3.1373,44.228744,-103.368818
CASEYS #2969,US-81 & RD F,Fairmont,NE,3.2823,40.6404,-97.58729
24 NORTH MOBIL,"I-495, EXIT 7A & SR-24, EXIT 14B",Bridgewater,MA,3.699,41.977341,-70.97234
TEXACO,US-290 & SR-696,Elgin,TX,3.099,30.323136,-97.373748
Rebecca Plantation Truck Plaza,"US-90, EXIT 200 & SR-311",Schriever,LA,2.999,29.712276,-90.851341
QUICK FUEL #2403,"I-29/I-35/SR-71, EXIT 5B",Kansas City,MO,3.344,39.163189,-94.569882
CHEVRON,"I-10, EXIT 59 & SR-395",Roanoke,LA,3.609,30.318167,-92.686973
MARATHON,US-30 & SR-30,Mansfield,OH,3.499,40.7633,-82.5138
BYRNE DAIRY #43,"I-81, EXIT 36 & SR-13",Pulaski,NY,4.099,43.55617,-76.125231
DANDY MINI MART #57,SR-14,Horseheads,NY,3.899,42.180493,-76.834539
SUPER STOPS,SR-70 & SR-308,Belle Rose,LA,3.499,30.025955,-91.044351
STRIPES #40800,FM-351 & US-181,Beeville,TX,3.0157,28.422246,-97.761571
STRIPES #40915,"I-35, EXIT 8 & SR-20 & FM-1472",Laredo,TX,2.979,27.515538,-99.498579
GAS N WASH,"I-80, EXIT 145 & SR-84",Mokena,IL,3.499,41.53421,-87.891121
ORGANIC CONNECTION MOBIL,SR-997,Homestead,FL,3.344,25.476639,-80.483853
SPEEDWAY #1421,US-45 & CR-74,Frankfort,IL,3.299,41.509361,-87.824774
QUIKTRIP #1120,"I-85, EXIT 90 & SR-105",Gaffney,SC,3.1907,35.061508,-81.649061
LOVES TRAVEL STOP #476,"I-80, EXIT 292 & SR-130",Davenport,IA,3.8623,41.5218,-90.5743
ALLTOWN MARKETS #833,I-95 EXIT 41,Milford,CT,3.599,41.217466,-73.054948
Pilot #140,US-40/US-191,Roosevelt,UT,3.759,40.310229,-110.010782
KENT KWIK #315,SR-158 & FM-1788,Midland,TX,3.4373,31.989636,-102.06261
LOVES TRAVEL STOP #478,"I-15, EXIT 113",Idaho Falls,ID,3.7557,43.517679,-111.990626
KWIK TRIP #691,"I-39, EXIT 161",Stevens Point,WI,3.559,44.521221,-89.558764
CASEYS #2316,US-136/SR-5 & SR-5,Unionville,MO,3.214,40.481464,-92.995094
Certified Oil #400352,US-20 & SR-510 & SR-101,Clyde,OH,3.379,41.302397,-82.991849
COUNTY LINE TRUCK STOP,SR-22,Dickinson,ND,3.5323,46.887289,-102.787595
ARTESIA #401,SR-82 & SR-285,Artesia,NM,3.439,32.838355,-104.407401
MR FUEL #731,"I-70, EXIT 123 & SR-3",Spiceland,IN,3.699,39.827078,-85.445043
SPEEDWAY #1412,SR-43,Frankfort,IL,3.359,41.509361,-87.824774
PILOT DEALER #1179,SR-189,Nogales,AZ,4.249,31.376969,-110.943508
SHELL FOOD MART # 25,"I-20, EXIT 77 & SR-13",Morton,MS,3.199,32.436105,-89.551222
7-ELEVEN #40574,US-281,Blanco,TX,3.399,30.087359,-98.410663
SHELL,"I-45, EXIT 152",Madisonville,TX,3.1823,30.953335,-95.909094
SHELL,US-90,Westwego,LA,3.0657,29.914386,-90.181305
SPEEDWAY #4574,US-701,Loris,SC,3.269,34.055756,-78.916096
SPEEDWAY #8741,"I-96, EXIT 86 & SR-100",Eagle,MI,3.789,42.826306,-84.758971
TA HOLBROOK,"I-40/US-180, EXIT 283",Holbrook,AZ,3.6557,34.908451,-110.143412
LOVES TRAVEL STOP #471,"I-35, EXIT 127 & FM-471",Natalia,TX,3.203,29.211669,-98.855158
Joe's Kwik Mart #473,CR-139,Lancaster,NY,3.659,42.901681,-78.663085
CASEYS #3919,"I-35/US-50, EXIT 148 & SR-131",Lebo,KS,3.089,38.416085,-95.822174
FRIENDS FOOD MART,SR-13,Mansfield,OH,4.199,40.7633,-82.5138
EXPRESSWAY,SR-60 & CR-9,Heron Lake,MN,3.299,43.79788,-95.326736
ALLTOWN MARKETS #832,"I-95, EXIT 40",Milford,CT,3.599,41.217466,-73.054948
HIGHWAY SERVICE,US-44,Seekonk,MA,3.319,41.837835,-71.322406
CIRCLE K #2721540,US-78 & SR-15,New Albany,MS,3.759,34.485051,-89.003058
KWIK TRIP #896,SR-65 & CR-J,Minneapolis,MN,3.599,45.049582,-93.246095
SPEEDWAY #7954,US-258/SR-24,Richlands,NC,3.324,34.862426,-77.586305
Corner Market #160,US-60,Pampa,TX,3.399,35.538043,-100.957885
CHOCTAW TRAVEL PLAZA #641,US-69/SR-43,Stringtown,OK,3.159,34.467597,-96.000245
LOVES TRAVEL STOP #475,"I-20/US-84, EXIT 242 & FM-142",Sweetwater,TX,3.189,32.472589,-100.397908
PILOT TRAVEL CENTER #575,"I-95, EXIT 1",Saint Marys,GA,3.599,30.773467,-81.565211
PILOT #467,"I-37, EXIT 125",San Antonio,TX,3.399,29.468525,-98.526352
FLYING J #553,"I-10, EXIT 259",Fort Stockton,TX,3.659,30.890785,-102.879942
PILOT TRAVEL CENTER #4651,"I-95, EXIT 4",Skippers,VA,3.799,36.579685,-77.543663
CIRCLE K #2741553,US-190/US-183 & US-281,Lampasas,TX,2.759,31.067957,-98.183361
CIRCLE K #2741328,"I-35, EXIT 328 & FM-2063",Hewitt,TX,2.8657,31.458166,-97.196556
Circle K #2706632,US-80/SR-8 & CR-480,Selma,AL,3.699,32.419719,-87.024527
SPRINT MART #67,US-84/US-425,Vidalia,LA,3.0823,31.578222,-91.469471
KWIK N EZ #1,"I-40, EXIT 265",Checotah,OK,2.909,35.435786,-95.535038
PETRO STOP #394,"I-35, EXIT 101 & FM-140",Pearsall,TX,3.5357,28.892317,-99.094361
KWIK TRIP #733,SR-76/SR-44,Caledonia,MN,3.4907,43.622079,-91.483657
QUICK FUEL #3190,"I-75, EXIT 68",Dayton,OH,3.6773,39.765396,-84.099802
QUICK FUEL #3192,"I-275, EXIT 42B & SR-747",Cincinnati,OH,3.2523,39.091293,-84.277383
PUMP & PANTRY #14,SR-92/SR-2,Broken Bow,NE,3.299,41.412586,-99.635452
PUMP & PANTRY #4,SR-2 & SR-11,Cairo,NE,3.3273,41.000183,-98.616538
ONVO TRAVEL PLAZA - MOUNTAIN COBB,"I-84, EXIT 8",Lake Ariel,PA,3.5857,41.439476,-75.431257
QUIKTRIP #492,"I-10, EXIT 114 & SR-85",Buckeye,AZ,3.369,33.38896,-112.607728
SHEETZ #512,"I-40, EXIT 203 & SR-66",Kernersville,NC,2.844,36.116534,-80.083115
CAPITAL FUELS MYTON,US-40/191,Myton,UT,3.5023,40.194049,-110.048056
CBH TRAVEL CENTER,US-85,Belle Fourche,SD,3.299,44.672281,-103.839601
FLYING J #488,"I-35, EXIT 69",Cotulla,TX,3.599,28.439837,-99.232818
BEBO'S,SR-38,Kentwood,LA,3.0157,30.889215,-90.472829
Express Lane,"US-80, EXIT 33 & US-6/SR-78",Annawan,IL,3.299,41.398022,-89.912949
Circle K #2741795,"I-430, EXIT 12 & SR-100",Maumelle,AR,3.1857,34.849085,-92.405892
LOVES TRAVEL STOP #480,I-40 EXIT 364,Lenoir City,TN,3.439,35.810391,-84.266501
OLIVE EXXON,US-31,Holland,MI,3.799,42.7875,-86.108889
J & H FAMILY STORE,"I-96, EXIT 52 & SR-50",Lowell,MI,3.789,42.95497,-85.365305
ROCKFORD MOBIL MART,"US-131, EXIT 97",Rockford,MI,3.299,43.115217,-85.513606
J & H FAMILY STORE #103,"I-196, EXIT 62",Hudsonville,MI,3.399,42.874805,-85.8751
TA CARYVILLE,"I-75, EXIT 141",Pioneer,TN,3.0073,36.469465,-84.290672
XTRAMART,SR-9,Westborough,MA,3.649,42.283,-71.6015
DUCK THRU #41,US-17/SR-37,Hertford,NC,3.599,36.177058,-76.424299
SPEEDWAY #1224,"SR-741 & I-71, EXIT 25",Mason,OH,3.159,39.335741,-84.314935
CASEYS #3062,SR-281 & SR-160,Medicine Lodge,KS,3.114,37.284452,-98.584785
BIG D KWIK SHOP,SR-59,Gillette,WY,3.379,44.282009,-105.497442
QUIKTRIP #943,"I-35E, EXIT 405 & US-77",Waxahachie,TX,2.8957,32.380796,-96.837398
SPEEDWAY #1804,"I-270, EXIT 32 & I-71, EXIT 116",Columbus,OH,3.6923,40.1444,-82.9789
Chisholm Corner #13,"SR-19 & I-35, EXIT 72",Pauls Valley,OK,3.089,34.738506,-97.219501
CASEYS #3263,"I-90, EXIT 43 & SR-60",Worthington,MN,3.1423,43.628626,-95.605907
PUMP & PANTRY #53,US-20,Jackson,NE,3.4123,42.452877,-96.574335
YESWAY #1075,"I-20, EXIT 278",Tye,TX,2.8757,32.447728,-99.868434
GULF MART 5150,"I-90 E, MM 117",Natick,MA,4.0657,42.287476,-71.35741
GAS N GO,US-341/SR-7 & SR-96/SR-49,Fort Valley,GA,3.1823,32.54956,-83.888727
STRIPES 7FLEET #42509,US-67 & SR-137,Big Lake,TX,3.599,31.240592,-101.478776
KWIK TRIP #326,"I-90, EXIT 171 & US-51 & US-14",Janesville,WI,3.374,42.691542,-89.033124
KWIK TRIP #874,"I-35, EXIT 132 & US-8",Chisago City,MN,3.3273,45.361144,-92.892134
KWIK TRIP #872,SR-26,Jefferson,WI,3.3823,43.000557,-88.807765
MARATHON,US-19 & SR-80,Rosedale,VA,3.749,36.973981,-81.888793
PILOT TRAVEL CENTER #475,"I-40, EXIT 196 & SR-41",Moriarty,NM,3.244,34.988878,-106.060871
SPEEDWAY #6953,"I-74/US-311, EXIT 65",High Point,NC,3.529,35.959313,-80.011673
PILOT #4569,"I-95, EXIT 5",Hardeeville,SC,3.3757,32.263512,-81.066865
RUTTERS #23,US-30 & SR-462,Mountville,PA,3.979,40.042742,-76.427694
JACKSONS FOOD STORES #144,I-84 & SR-55,Nampa,ID,3.899,43.58342,-116.584818
AMOCO,US-421/SR-11 & SR-53,Burgaw,NC,3.599,34.548679,-77.940317
LANTZ CORNERS MINI MART #255,US-6 & US-219,Kane,PA,3.7157,41.661861,-78.797778
TOOT N TOTUM #23,SR-136/207 & SR-152,Borger,TX,3.0157,35.664299,-101.403245
ALLTOWN MARKETS #2743,"US-3, EXIT 28",North Billerica,MA,3.6823,42.575694,-71.290217
FLYING J #97,"I-75, EXIT 64",Vandalia,OH,3.3523,39.888273,-84.202266
PILOT TRAVEL CENTER #593,"I-10, EXIT 268",Tucson,AZ,3.3023,32.213873,-110.969445
JOES KWIK MARTS #475,US-15 & SR-20,Orange,VA,3.3323,38.233937,-78.091224
KWIK TRIP #608,US-52 & SR-30,Chatfield,MN,3.4823,43.836201,-92.157351
KWIK TRIP #313,US-10 & SR-73,Neillsville,WI,3.339,44.549429,-90.611197
MAVERIK COUNTRY STORE #425,"I-84, EXIT 376, US-30/US-95",Fruitland,ID,3.3657,44.002658,-116.914259
SPEEDWAY #4533,"US-18/US-12, EXIT 146",Madison,WI,3.599,43.073,-89.3817
TA EXPRESS #6259,US-85/SR-200,Alexander,ND,3.5257,47.843517,-103.63961
SPEEDWAY #5215,"I-70, EXIT 66 & SR-54",South Vienna,OH,3.159,39.94732,-83.615704
MAVERIK COUNTRY STORE #484,"I-15/84, EXIT 343 & SR-126",Ogden,UT,3.3923,41.2443,-112.0072
JIFFY TRIP #201,US-64/SR-58,Cherokee,OK,3.269,36.756376,-98.359375
MAVERIK COUNTRY STORE #474,"I-80, EXIT 115, CR-154",Salt Lake City,UT,3.389,40.755851,-111.896657
FLYING J #580,"I-20, EXIT 121",Odessa,TX,3.5657,31.8465,-102.3663
SUNOCO CLARA BARTON PLAZA #7005,NJTP MM 5 SB,Penns Grove,NJ,3.899,39.717938,-75.465623
STRIPES #40801,US-181 & SR-123 & CR-347,Karnes City,TX,3.174,28.882757,-97.90707
MAVERIK COUNTRY STORE #453,"I-80, EXIT 223 & SR-305",Battle Mountain,NV,3.389,40.621985,-116.955439
MAVERIK COUNTRY STORE #444,US-491 & US-666,Monticello,UT,3.489,37.921709,-109.315289
MAVERIK COUNTRY STORE #287,"I-84, EXIT 36 & US-30",Nampa,ID,3.3857,43.58342,-116.584818
MAVERIK COUNTRY STORE #478,"I-40, EXIT 286 & SR-77",Holbrook,AZ,3.224,34.908451,-110.143412
PETRO-CARD 24 #910450,US-63 & US-36,Macon,MO,3.239,39.748089,-92.462163
SHELL,US-23,Grand Blanc,MI,3.799,42.928163,-83.626414
LOVES TRAVEL STOP #500,"I-35, EXIT 106",Eagleville,MO,3.789,40.491197,-93.995058
STRIPES #40535,I-35,Cotulla,TX,3.339,28.439837,-99.232818
7-ELEVEN #40547,US-281 & SR-29,Burnet,TX,2.9573,30.776597,-98.26424
QUARLES #4907,SR-166,Norfolk,VA,3.809,36.8466,-76.2855
LOVES TRAVEL STOP #490,"I-24, EXIT 158",Jasper,TN,3.2523,35.066603,-85.614737
LOVES TRAVEL STOP #514,"I-90/US-395, EXIT 221 & SR-261",Ritzville,WA,3.919,47.131528,-118.395812
SHORT STOP #24,US-24,Saint Marys,KS,2.9673,39.198674,-96.068277
SHORT STOP #22,SR-15,Clay Center,KS,2.9723,39.384354,-97.127793
SHORT STOP #25,US-36 & SR-15,Washington,KS,2.9023,39.82234,-97.048368
ALLTOWN MARKETS #839,"I-95, EXIT 10",Darien,CT,3.8323,41.076759,-73.485254
BLU / DRIVEN FUELS,"I-15, EXIT 113",Idaho Falls,ID,3.479,43.517679,-111.990626
KWIK TRIP #863,US-10,Stevens Point,WI,3.584,44.521221,-89.558764
Maplefields,HWY 9 N & ROUTE 22,Ticonderoga,NY,3.749,43.846302,-73.442592
SPEEDWAY #1017,"I-70, EXIT 186 & SR-285",Lore City,OH,3.2323,40.045854,-81.447853
PILOT #449,"I-70, EXIT 208",Belmont,OH,3.539,40.03202,-81.006564
SPEEDWAY #7136,US-41 & US-70,Nashville,TN,3.2423,36.167028,-86.778441
SPEEDWAY #7137,SR-42 & SR-111,Cookeville,TN,3.0773,36.174261,-85.49531
PILOT #1140,US-287,Rhome,TX,3.1757,33.054045,-97.481688
PILOT TRAVEL CENTER #1023,US-69 & US-59/SR-287,Lufkin,TX,3.659,31.336004,-94.734185
SPEEDWAY #7124,US-231/SR-10,Lebanon,TN,3.024,36.209792,-86.302367
SPEEDWAY #4100,"I-94, EXIT 308 & US-41",Milwaukee,WI,3.599,43.0343,-87.9151
Joe's Kwik Mart,"I-75, EXIT 7 & US-11 & US-64",Chattanooga,TN,3.149,35.0455,-85.3081
SPEEDWAY #7606,"I-75, EXIT 25",Corbin,KY,3.519,36.934429,-84.10208
SHELL,US-71 & SR-511,Bossier City,LA,2.999,32.544924,-93.703826
SWEET CRUDE TRAVEL CENTER,HWY 85 & SR 200,Grassy Butte,ND,3.6407,47.443072,-103.294433
SPINX #134 (DISCOUNT AVAILABLE),SR-55 & 418,Simpsonville,SC,3.0657,34.736944,-82.254444
LOVES TRAVEL STOP #427,"I-75, EXIT 51",Dayton,OH,3.319,39.765396,-84.099802
LOVES TRAVEL STOP #461,"I-70, EXIT 246A",Saint Louis,MO,3.114,38.642574,-90.324189
LOVES TRAVEL STOP #424,"I-20, EXIT 51",Lexington,SC,3.4073,33.981389,-81.236389
LOVES TRAVEL STOPS #492,"I-20, EXIT 42 & US-285",Pecos,TX,3.449,31.414384,-103.508129
REFUEL #1038,US-15 & SR-151,Hartsville,SC,3.3657,34.375616,-80.084237
CIRCLE K #2723192,US-64 & US-421,Siler City,NC,2.949,35.735392,-79.456624
REFUEL #1028,US-421/US-52 & US-15,Society Hill,SC,3.399,34.451161,-79.886494
SPEEDWAY #7960,US-258/US-13,Farmville,NC,2.899,35.580606,-77.579303
Joes Kwik Mart #7012,US-17/701,Georgetown,SC,2.999,33.430776,-79.323459
KWIK TRIP #204,"US-51, EXIT 188",Wausau,WI,3.3323,44.963433,-89.633955
TA BRUNSWICK #6258,"I-95, EXIT 29",Brunswick,GA,3.4607,31.169652,-81.493045
SPEEDWAY #6303,"I-96, EXIT 4 & US-31",Muskegon,MI,3.279,43.232589,-86.249191
SPEEDWAY #7461,I-294 & SR-50/SR-31,Alsip,IL,3.219,41.6723,-87.7339
QUICK FUEL #2104,"I-74, EXIT 11",Indianapolis,IN,3.6623,39.938417,-86.13894
CIRCLE K #2741787,"I-440, EXIT 7 & US-165",North Little Rock,AR,3.369,34.766974,-92.265376
PILOT TRAVEL CENTER #1225,"I-64, EXIT 23 & SR-4",Mascoutah,IL,3.799,38.490278,-89.793056
PILOT DEALER #1193,US-93,Wikieup,AZ,3.839,34.703333,-113.610556
PILOT #1192,US-60,Wittmann,AZ,4.899,33.726425,-112.446578
PILOT DEALER #1058,US-301 & SR-200,Waldo,FL,3.799,29.787096,-82.160791
MACH ONE FOOD SHOP #18,US-45/SR-15,Fairfield,IL,3.729,38.378214,-88.359323
FOOD N FUEL,SR-53,Joliet,IL,3.499,41.527154,-88.08241
LOVES TRAVEL STOP #530,"I-20, EXIT 147",Moody,AL,3.1757,33.584132,-86.51557
SPINX #125 (DISCOUNT AVAILABLE),US-25 & SR-331,Piedmont,SC,3.0657,34.724433,-82.470216
DUCK THRU #7,US-258,Rich Square,NC,3.699,36.277256,-77.296947
AP FUEL STOP,"I-75, EXIT 120",Lima,OH,3.0807,40.764066,-84.097296
SPINX #179 (DISCOUNT AVAILABLE),SR-291,Greenville,SC,3.799,34.847165,-82.406049
LOVES TRAVEL CENTER #518,"I-15, EXIT 260 & SR-77",Springville,UT,3.689,40.162528,-111.598664
A PLUS MINI MARKET,"I-95, MM 82",Aberdeen,MD,3.8323,39.510886,-76.18054
FLYING J #554,"I-37, EXIT 56",George West,TX,3.199,28.320388,-98.116159
PILOT #559,"I-20, EXIT 178",Big Spring,TX,3.659,32.241767,-101.467517
Circle K #2746432,SR-2,Stanley,ND,3.549,48.319189,-102.392802
TIGER MART #79,SR-287 & FM-664,Waxahachie,TX,2.849,32.380796,-96.837398
FATDOGS OGALLALA,"US-80, EXIT 126 & US-26/SR-61",Ogallala,NE,3.014,41.127505,-101.710742
SPEEDWAY #3478,US-9 & SR-184,Perth Amboy,NJ,3.419,40.517551,-74.275427
SPEEDWAY #6670,US-36/SR-67,Indianapolis,IN,3.229,39.938417,-86.13894
JACKSONS FOOD STORE #23,"SR-395, EXIT 78",Reno,NV,3.999,39.526812,-119.811275
SPEEDWAY #2907,US-62 & SR-18,Hermitage,PA,3.9373,41.232601,-80.45303
CIRCLE K #2741192,"I-30, EXIT 42B & SR-180",Dallas,TX,2.899,32.996848,-96.792113
CIRCLE K #2741318,SR-285 & CR-160,Dripping Springs,TX,3.049,30.226768,-98.102947
LOVES TRAVEL STOP #523,"I-10, EXIT 92",Rayne,LA,3.149,30.204508,-92.248592
DADS NORTH YELLOWSTONE,US-26,Idaho Falls,ID,3.599,43.517679,-111.990626
BROMPTON VALERO,"I-20, EXIT 147 WEST",Moody,AL,3.1223,33.584132,-86.51557
CIRCLE K #4701445,"I-57, EXIT 250 & US-36",Rantoul,IL,3.599,40.310742,-88.146179
LOVES TRAVEL STOP #539,US-385 & FM-1910,Andrews,TX,3.689,32.320125,-102.540926
QUIKTRIP #970,SR-12 & SR-180,Dallas,TX,2.9757,32.996848,-96.792113
SPINX #201,"I-185, EXIT 1A, I-385, EXIT 30",Simpsonville,SC,2.9657,34.736944,-82.254444
SHEETZ #497,"I-99, EXIT 15 & US-220 (BUSINESS)",Claysburg,PA,3.644,40.329243,-78.479658
SHEETZ #498,US-22/US-119,Blairsville,PA,3.5273,40.441262,-79.253329
LOVES TRAVEL STOP #529,"I-39, EXIT 54",Oglesby,IL,3.389,41.292768,-89.055341
BP,"I-90, EXIT 387/CR-151",Hartford,SD,2.9773,43.615472,-96.950052
SPEEDWAY #6395,US-24 & SR-64,Waterville,OH,3.699,41.502248,-83.733142
CIRCLE K #2741217,"I-24, EXIT 242 & US-550/SR-24",Bernalillo,NM,3.5257,35.328506,-106.530873
DOUBLE QUICK #61,US-82,Leland,MS,3.299,33.410025,-90.892801
LATTA TRAVEL STOP,SR-1,Ada,OK,3.1073,34.780044,-96.69236
LOVES TRAVEL STOP #467,"I-95, EXIT 131 & SR-68",Fort Pierce,FL,3.5057,27.438233,-80.443963
TA BROOKLYN,"I-80, EXIT 197",Brooklyn,IA,3.819,41.732147,-92.428462
TALL TIMBERS TRUCK STOP,"I-55, EXIT 46 & SR-16",Amite,LA,2.999,30.718208,-90.570493
BEACON & BRIDGE #34,"US-127, EXIT 194 & SR-55",Houghton Lake,MI,3.399,44.341327,-84.742175
PILOT #1001,US-67 & SR-137,Big Lake,TX,4.059,31.240592,-101.478776
PILOT TRAVEL CENTERS #557,US-180 & US-62,Hobbs,NM,3.729,32.72217,-103.137246
LOVES TRAVEL STOP #486,"I-40 & US-270, EXIT 166",Choctaw,OK,3.3373,35.471758,-97.272564
SPEEDWAY #8013,"I-70, EXIT 21",Brookville,OH,3.3407,39.841393,-84.416464
CIRCLE K #2741564,"I-35/US-77, EXIT 338B",Waco,TX,2.889,31.552452,-97.139608
CIRCLE K #2741545,SR-72 & US-87,Cuero,TX,3.099,29.090969,-97.281247
LOVES TRAVEL STOP #558,US-283 & US-400/US-56,Dodge City,KS,3.789,37.756882,-100.024074
LOVES TRAVEL STOP #517,"I-70, EXIT 26 & US-50/6",Grand Junction,CO,3.989,39.078326,-108.545692
MACH 1 #21,US-45 & SR-34,Harrisburg,IL,3.689,37.725661,-88.54404
STRIPES 7FLEET #42530,SR-71 & SR-16,Llano,TX,3.2323,30.722533,-98.652727
SPEEDWAY #9561,"I-77, EXIT 132",Ripley,WV,3.499,38.809042,-81.701987
DRUMS FUEL STOP,I-80 EXIT 262,Drums,PA,3.569,41.025525,-75.97676
BLU STATION- LAMAR AVE,"I-240, EXIT 30",Memphis,TN,2.969,35.0337,-89.9343
BLU STATION,"I-70, EXIT 66 & SR-267",Plainfield,IN,3.479,39.716036,-86.395061
PILOT #592,"I-70, EXIT 26 & US-50",Grand Junction,CO,3.999,39.078326,-108.545692
LOVES TRAVEL STOP #557,"US-64/167, EXIT 44 & SR-367",Searcy,AR,3.3623,35.253512,-91.762931
Pilot Travel Center #1550,"I-65, EXIT 304 & SR-69/CR-437",Cullman,AL,3.859,34.176146,-86.829777
PILOT TRAVEL CENTERS #1004,"I-35, EXIT 214 & US-60",Tonkawa,OK,3.5957,36.68062,-97.30634
BLU STATION,"I-55, EXIT 5A",Memphis,TN,2.969,35.0337,-89.9343
EXXON,US-15 & SR-49,Lawrenceville,PA,3.699,41.978266,-77.11355
Shell,US-20 & SR-15,Goshen,IN,3.549,41.584484,-85.837988
CUBBYS #406,"I-229, EXIT 9 & SR-115",Sioux Falls,SD,3.099,43.488,-96.7343
CIRCLE K #2741557,US-190 & SR-195 & SR-3470,Killeen,TX,2.7623,31.117,-97.7261
EL TIPI QUICK STOP,US-283 & SR-15,Shattuck,OK,3.2323,36.288922,-99.879303
HOBO TRUCK STOP 2,US-50/400 & US-83,Garden City,KS,3.399,37.97693,-100.862088
STRIPES 7FLEET #42470,I-20 EXIT 324 & CR-134,Cisco,TX,3.1273,32.380043,-98.986507
LAMBOS #5,"I-57, EXIT 212 & SR-36/CR-950",Tuscola,IL,3.229,39.799509,-88.281585
SPEEDWAY #9381,US-50 & SR-14,Parkersburg,WV,3.464,39.264433,-81.535412
KWIK STAR #215,US-61,Davenport,IA,3.649,41.5218,-90.5743
KWIK TRIP #210,"US-53, EXIT 90",Eau Claire,WI,3.4073,44.783972,-91.487686
KWIK TRIP #231,US-61 & SR-310,Boscobel,WI,3.474,43.139327,-90.706101
KWIK TRIP #860,SR-17,Rhinelander,WI,3.4523,45.646718,-89.409285
KWIK TRIP #854,US-212 & CR-33,Norwood Young America,MN,3.674,44.766786,-93.930067
FLYING J TRAVEL PLAZA #1015- TOWN PUMP,SR-200/SR-16 & CR-123,Sidney,MT,3.384,47.713017,-104.163445
LOVES TRAVEL STOP #426,"I-80, EXIT 34",Shelby,IA,3.649,41.533898,-95.446888
LOVES TRAVEL STOP #495,"I-75, EXIT 143 & CR-78",North Fort Myers,FL,3.789,26.678138,-81.909632
XtraMart #1513,"I-87, EXIT 10 & US-9",Clifton Park,NY,3.899,42.849865,-73.785094
SPEEDWAY #7611,"I-71, EXIT 65 & SR-435",Jeffersonville,OH,3.229,39.65896,-83.56873
LOVES TRAVEL STOP #560,US-258 & US-58,Franklin,VA,3.889,36.678625,-76.939108
LOVES TRAVEL STOP #551,US-20 & CR-127,Angola,IN,3.889,41.656321,-85.019803
LOVES TRAVEL STOP #559,US-82 & US-49,Indianola,MS,3.3157,33.449075,-90.654144
PILOT TRAVEL CENTER #1013-TOWN PUMP,"I-90, EXIT 298",Belgrade,MT,3.6307,45.780126,-111.143927
LOVES TRAVEL STOP #542,"I-10, EXIT 261/US-67 & I-10 BUS",Fort Stockton,TX,3.649,30.890785,-102.879942
LOVES TRAVEL STOP #561,"I-10, EXIT 70 & US-90 & SR-285",Defuniak Springs,FL,3.609,30.751783,-86.138006
Certified Oil #400305,SR-2 & SR-7,New Martinsville,WV,3.3173,39.658798,-80.856541
CHESAPEAKE HOUSE SUNOCO,"I-95, EXIT 97",North East,MD,3.8323,39.604535,-75.953805
BECKS EXPRESS MART #22,"I-55, EXIT 126",Lincoln,IL,3.299,40.14508,-89.368376
CASEYS #3654,SR-210,Brainerd,MN,3.4457,46.357219,-94.201873
SPEEDWAY #1414,US-45,Mokena,IL,3.339,41.53421,-87.891121
CIRCLE K #2705988,"I-10, EXIT 209A & US-90/SR-10",Tallahassee,FL,3.619,30.428563,-84.259337
KWIK TRIP #213,"I-35/US-61, EXIT 139 & CR-19",Stacy,MN,3.3773,45.398056,-92.987222
Circle K #2741498,SR-72 & SR-16,Tilden,TX,3.199,28.419755,-98.569322
MAVERIK #5031,"I-70, EXIT 90 & US-24",Rifle,CO,3.4623,39.549073,-107.789804
GASWAY,US-1,North Brunswick,NJ,3.159,40.453767,-74.482285
Circle K #4705624,"I-76, EXIT 2 & US-224",Seville,OH,3.0657,41.022731,-81.856199
DANDY MINI MART #58,"I-86, EXIT 41 & US-17/15",Campbell,NY,3.899,42.238569,-77.206619
CIRCLE K #2705097,"I-275, EXIT 2 & US-41",Palmetto,FL,3.699,27.521111,-82.5725
PILOT TRAVEL CENTER #483,"I-80, EXIT 112 & SR-47",Morris,IL,3.799,41.367233,-88.417769
PILOT TRAVEL CENTERS #1003,US-287 & US-283,Childress,TX,3.799,34.428124,-100.21017
LOVES TRAVEL STOP #566,"US-231/CR-53, EXIT 12",Ozark,AL,3.989,31.439069,-85.643629
STRIPES #40812,US-77,Odem,TX,3.199,27.940306,-97.583752
QUIKTRIP #993,"I-20, EXIT 501 & SR-34",Terrell,TX,2.8707,32.714292,-96.251342
SPEEDWAY #7154,"I-40, EXIT 87 & US-70",Jackson,TN,3.399,35.610222,-88.814011
JOES KWIK MARTS #6013,SR-16 & SR-73,Denver,NC,3.189,35.483677,-80.989785
PILOT TRAVEL CENTER #597,US-23 & US-50,Chillicothe,OH,3.799,39.337997,-82.98949
KWIK TRIP #220,US-53/SR-194,Duluth,MN,3.499,47.094431,-91.846731
KWIK TRIP #203,US-2 & SR-35,Superior,WI,3.339,46.701552,-92.091174
KWIK TRIP #225,SR-54/SR-55,Seymour,WI,3.3907,44.509096,-88.317243
KWIK TRIP #239,"I-43, EXIT 50 & SR-164",Big Bend,WI,3.3323,42.888463,-88.212182
KWIK TRIP #242,"US-41, EXIT 97",Fond Du Lac,WI,3.3407,43.770446,-88.429149
LOVES TRAVEL STOP #580,SR-20/157 & SR-133,Tuscumbia,AL,3.849,34.687432,-87.683259
SPEEDWAY #7946,SR-24,Newport,NC,3.699,34.755076,-76.906945
MAVERIK #5150,"I-25, EXIT 278 & SR-1",Wellington,CO,3.199,40.725525,-105.031844
SPEEDWAY #6977,SR-96,Youngsville,NC,2.9523,36.007782,-78.441198
THE LANDING,US-82,Greenwood,MS,3.199,33.515884,-90.172589
CATARINA ONE STOP,US-83,Catarina,TX,3.024,28.345278,-99.613056
TEX-BEST #525,"I-37, EXIT 109 & SR-97",Pleasanton,TX,3.099,28.992368,-98.483061
SPEEDWAY #7162,US-74/SR-311,Cleveland,TN,3.449,35.131257,-84.875006
THORNTONS #314,SR-83,Bensenville,IL,3.409,41.9536,-87.935
LOVES TRAVEL STOP #564,US-82 & SR-50 & SR-12,Columbus,MS,3.249,33.537699,-88.426194
KWIK STAR #207,"US-61, EXIT 311B & US-30",De Witt,IA,3.624,41.826726,-90.523735
KWIK TRIP #224,"I-35, EXIT 254",Duluth,MN,3.499,47.094431,-91.846731
LOVES TRAVEL STOP #587,"I-41/US-45, EXIT 97",Fond Du Lac,WI,3.4457,43.770446,-88.429149
LOVES TRAVEL STOP #581,"I-70, EXIT 56 & US-89",Salina,UT,3.7057,38.956028,-111.881072
KWIK TRIP #317,"I-90, EXIT 28 & SR-16",Sparta,WI,3.2423,43.954045,-90.814566
KWIK TRIP #234,"I-35, EXIT 239",Cloquet,MN,3.319,46.726041,-92.45282
KWIK TRIP #241,"US-51, EXIT 208 & SR-64",Merrill,WI,3.4073,45.180924,-89.690696
SPEEDWAY #7912,US-421/SR-16,Wilkesboro,NC,3.134,36.135857,-81.157292
SPEEDWAY #8262,SR-306 & SR-55,Grantsboro,NC,3.4407,35.122186,-76.884387
SPEEDWAY #6969,US-264 & SR-99,Belhaven,NC,3.1973,35.520493,-76.623574
ROAD RANGER #268,"I-64, EXIT 130 & SR-1",Grayville,IL,3.799,38.262707,-88.003539
PILOT TRAVEL CENTER #500,"I-75, EXIT 460 & SR-6",Jasper,FL,3.369,30.502914,-82.932186
LOVES TRAVEL STOP #578,I-55 EXIT 30 & SR-140,Hamel,IL,3.419,38.878433,-89.872678
LOVES TRAVEL STOP #535,SR-283,Middletown,PA,3.759,40.204086,-76.733127
PILOT TRAVEL CENTER #1012,"US-218, EXIT 42B & US-34",Mount Pleasant,IA,3.5657,40.964573,-91.561427
PILOT TRAVEL CENTER #1006,"I-10, EXIT 456 & US-377",Junction,TX,3.599,30.47544,-99.74731
GOLDEN GATE TRUCKSTOP HAWTHORNE,US-95/SR-362,Hawthorne,NV,4.079,38.534658,-118.641143
ONVO TRAVEL PLAZA - DUNCANNON,US-11/15,Duncannon,PA,3.5523,40.408678,-77.047254
PETERSONS DIESEL FUELING,"I-5, EXIT 156",Seattle,WA,4.399,47.611435,-122.330456
Circle K #4706799,"I-55, EXIT 283 & SR-43",Bridgeview,IL,3.919,41.743128,-87.806572
ROAD RANGER #269,"I-70, EXIT 147 & SR-1",Marshall,IL,3.249,39.421999,-87.692261
FUEL ONE,US-9 & SR-35,Avenel,NJ,3.3723,40.582568,-74.278522
SPEEDWAY #8190,US-117/13 BYP S,Goldsboro,NC,3.599,35.382585,-78.015813
CIRCLE K #2741546,US-90,Gonzales,TX,2.8757,29.50857,-97.449456
SHELL SERVICE STATION,"I-10, EXIT 828 & SR-73",Winnie,TX,3.2323,29.815676,-94.339499
CIRCLE K #4707006,"I-95, EXIT 302 & US-1",Houlton,ME,3.899,46.11885,-67.863014
KWIK TRIP #292,"I-43, EXIT 183",Green Bay,WI,3.3907,44.485313,-88.016868
SPEEDWAY #3578,"US-131, EXIT 64",Wayland,MI,3.499,42.664268,-85.619112
SPEEDWAY #7148,"I-40, EXIT 232 & SR-109",Lebanon,TN,2.9223,36.209792,-86.302367
SPEEDWAY #6139,US-30 & SR-13,Pierceton,IN,3.729,41.212406,-85.706119
SPEEDWAY #9383,"I-75, EXIT 29 & SR-63",Monroe,OH,3.2023,39.441285,-84.365196
CIRCLE K #2741067,"I-410/US-281, EXIT 41",San Antonio,TX,2.899,29.468525,-98.526352
WARREN OIL,"I-90, EXIT 3 & US-41 & SR-912",Hammond,IN,3.439,41.609929,-87.507911
CIRCLE K #2741078,SR-97 & SR-123,Stockdale,TX,3.079,29.231907,-97.935082
RUTTERS #20,"I-76, EXIT 247 & I-283, EXIT 1A",Middletown,PA,3.8223,40.204086,-76.733127
D AND C FUEL SALES,US-6 & CR-4019,Tunkhannock,PA,3.699,41.550687,-75.941043
SPEEDWAY #2910,"I-79, EXIT 55",Pittsburgh,PA,3.909,40.474536,-79.952524
CIRCLE K #4702411,US-36,Danville,IN,3.789,39.762815,-86.534254
HART MARATHON,US-31,Hart,MI,3.449,43.70676,-86.314152
Circle K #4703911,SR-109 & SR-52,Portland,TN,2.959,36.567306,-86.505923
SPEEDWAY #2912,SR-65,Baden,PA,3.9123,40.641595,-80.198471
7-ELEVEN #40558,SR-6 & CR-185,Woodway,TX,2.9857,31.505074,-97.231062
CIRCLE K #4705628,SR-21 & SR-585,Barberton,OH,3.5823,41.018589,-81.615314
Kum & Go #0535,US-6 & US-65,Des Moines,IA,2.9873,41.6005,-93.6088
CASEYS #2967,SR-43 & SR-2,Bennet,NE,3.229,40.63822,-96.5134
KWIK TRIP #209,"US-41, EXIT 148 & SR-55",Kaukauna,WI,3.369,44.29561,-88.271692
MINIT MART #600625,"I-57, EXIT 283 & US-24",Gilman,IL,3.399,40.767987,-87.993336
LOVES TRAVEL STOP #600,"I-69, EXIT 214",Pendleton,IN,3.5757,39.979237,-85.794614
LOVES TRAVEL STOP #594,US-35 & SR-850,Bidwell,OH,3.849,38.927647,-82.270092
SPEEDWAY #3424,"I-75, EXIT 73 & SR-55",Troy,OH,3.1357,40.037394,-84.203151
SPEEDWAY #3766,US-52,Indianapolis,IN,3.599,39.938417,-86.13894
SPEEDWAY #7158,"I-40, EXIT 320 & SR-98",Crossville,TN,3.0723,35.944041,-85.017171
SPEEDWAY #7163,"I-40/US-412, EXIT 85",Jackson,TN,3.349,35.610222,-88.814011
SPEEDWAY #7114,"I-75, EXIT 4, SR-153, EXIT 1 & US-64/US-11",Chattanooga,TN,3.0823,35.0455,-85.3081
SPEEDWAY #7147,"I-75, EXIT 49 & SR-30",Athens,TN,3.349,35.457389,-84.604261
CASEYS #4411,US-641 & SR-58,Benton,KY,3.199,36.880649,-88.354773
CASEYS #3205,"I-29, EXIT 47 & US-275/SR-92",Council Bluffs,IA,3.599,41.252954,-95.880992
SHELL,"I-71, EXIT 151 & SR-95",Mount Gilead,OH,3.759,40.538371,-82.806235
SHORTYS ONE STOP,US-83/12/SR-20,Selby,SD,3.089,45.478587,-100.054067
FLYING J #551,"I-20, EXIT 330 & SR-206",Cisco,TX,3.1423,32.380043,-98.986507
Cenex,US-14/CR-812 & US-83,Blunt,SD,3.1015,44.502572,-99.946278
LOVES TRAVEL STOP #602,"I-90, EXIT 67B",Box Elder,SD,3.989,44.119858,-103.068237
CIRCLE K #4705724,US-127 & CR-144,Paulding,OH,3.699,41.141016,-84.572227
ASAP GENERAL STORE #300,"I-40, EXIT 66 & US-183",Clinton,OK,3.149,35.511543,-98.979533
FLEX MARKET,"I-65 EXIT20, US-31 W EXIT 4",Bowling Green,KY,2.999,37.007874,-86.455891
CIRCLE K #2740541,HWY 90,Roans Prairie,TX,3.0723,30.486944,-95.986667
LOVLEN FOODS,US-58 & SR-615,Drewryville,VA,3.049,36.685433,-77.359098
CIRCLE K #2741257,"I-10, EXIT 19B",El Paso,TX,2.9157,31.758411,-106.478311
FAST MARKET #4574,SR-375 & CR-258,El Paso,TX,2.9057,31.758411,-106.478311
5R TRAVEL CENTER,"I-10, US HWY 180, EXIT 82A",Deming,NM,3.049,32.231808,-107.746559
LOVES TRAVEL STOP #553,"I-40 E, EXIT 163",Williams,AZ,3.5957,35.249842,-112.190623
CIRCLE K #2741559,US-281 & SR-29,Burnet,TX,2.9157,30.776597,-98.26424
CIRCLE K #2741077,SR-97 & CR-433,Pleasanton,TX,2.949,28.992368,-98.483061
CountryMark,SR-66,Evansville,IN,3.699,37.9746,-87.5674
LOVES TRAVEL STOP #585,"I-49/US-71, EXIT 27 & SR-86",Neosho,MO,3.3973,36.870634,-94.386218
LOVES TRAVEL STOP #608,"I-135, EXIT 60 & US-56",Mcpherson,KS,3.324,38.373732,-97.654989
LOVES TRAVEL STOP #592,US-24 & SR-101,Woodburn,IN,3.849,41.136102,-84.892871
LOVES TRAVEL STOP #610,"I-20, EXIT 307 & US-283",Baird,TX,3.1073,32.391557,-99.37766
Eagle #51,US-83 & FM-1917,Carrizo Springs,TX,3.279,28.52779,-99.863513
SUPER SAVE #4,SR-33 & SR-15,Farmerville,LA,3.479,32.753378,-92.317955
STRIPES #42525,"I-27/US-87, EXIT 2",Lubbock,TX,2.9573,33.586527,-101.860634
LOVES TRAVEL STOP #603,I-95 EXIT 366 AT PECAN PARK RD,Jacksonville,FL,3.399,30.3163,-81.4175
DANDY MINI MART #5,HWY 6,Towanda,PA,3.999,41.763758,-76.464527
7-ELEVEN #41033,US-69,Woodville,TX,3.149,30.775133,-94.425494
SPEEDWAY #6092,"I-65, EXIT 76A & US-31",Taylorsville,IN,3.3573,39.295833,-85.950833
SPEEDWAY #4214,"I-45, EXIT 46 & US-100",Milwaukee,WI,3.3657,43.0343,-87.9151
PEOSTA KWIK STOP,"US-20, EXIT 308",Peosta,IA,3.489,42.443535,-90.809372
LOVES TRAVEL STOP #583,"I-64, EXIT 27 & SR-161",New Baden,IL,3.849,38.531485,-89.692232
LOVES TRAVEL STOP #619,"I-59, EXIT 29 & SR-26",Poplarville,MS,3.1757,30.852362,-89.564751
MAVERIK COUNTRY STORE #476,US-59,Gillette,WY,3.3657,44.282009,-105.497442
CIRCLE K #2741547,US-181,Floresville,TX,2.9957,29.169338,-98.193589
TOOT N TOTUM #100,US-83,Perryton,TX,2.999,36.374825,-100.815558
QUIKTRIP #1110,"I-85, EXIT 60 & US-101",Greer,SC,3.0857,34.8968,-82.267442
Circle K #2741501,"I-37, EXIT 3A",Corpus Christi,TX,3.104,27.794086,-97.402994
LOVES TRAVEL STOP #577,"I-85, EXIT 22",Shorter,AL,3.2207,32.383585,-85.91616
GUTHRIE TRAVEL CENTER,I-35 EXT 138C,Guthrie,OK,2.9657,35.832955,-97.435995
LOVES TRAVEL STOP #621,US-36 & SR-110,Bevier,MO,3.439,39.749707,-92.561925
VAN HOOK TRAVEL CENTER,US-23,New Town,ND,3.5623,47.977154,-102.485793
LOVES TRAVEL STOP #607,"US-63, EXIT 40 & SR-463",Jonesboro,AR,3.439,35.833016,-90.696526
KWIK TRIP #774,SR-13,Adams,WI,3.274,43.896688,-89.821869
7-ELEVEN #41036,US-96,San Augustine,TX,3.159,31.515173,-94.132581
DUCK THRU FOOD STORE #42,SR-186 & SR-305,Seaboard,NC,3.299,36.488552,-77.411306
CIRCLE K #2742034,"I-35, EXIT 176",Schertz,TX,2.794,29.568159,-98.272214
SPRINT FOODS #728,SR-38,Bennettsville,SC,3.399,34.625501,-79.689826
GOOD 2 GO #418,"I-15, EXIT 273 & US-54 & US-91",Mona,UT,3.429,39.838165,-111.848001
TMI FUEL STOP,SR 1,Port Allen,LA,3.0657,30.471983,-91.254088
QUIKTRIP #72,US-69 & US-62,Muskogee,OK,3.0323,35.730661,-95.375491
LOVES TRAVEL STOP #601,"I-70, EXIT 115 & SR-109",Knightstown,IN,3.949,39.806029,-85.526148
MACH ONE FOOD SHOP #10,"I-70 & EXIT 129, SR-49",Casey,IL,3.199,39.301716,-87.991306
HANKS TRUCK STOP,US-39 & US-30,Hanna,IN,3.499,41.408767,-86.775922
ROAD RANGER #271,"I-20, EXIT 108",Odessa,TX,3.5157,31.8465,-102.3663
VALLEY COUNTRY STORE,"I-84, EXIT 16B & SR-79",Jerome,ID,3.4323,42.71784,-114.501244
KWIK TRIP #245,SR-42,Plainview,MN,3.624,44.16373,-92.162125
KWIK TRIP #282,"I-43, EXIT 43 & SR-83",Mukwonago,WI,3.3373,42.882054,-88.345116
KWIK TRIP #290,"I-94/US-41, EXIT 321",Oak Creek,WI,3.719,42.88916,-87.902661
KWIK TRIP #777,SR-49 & CR-F,Berlin,WI,3.4257,43.976936,-88.949009
CLARK #3121,SR-46 & SR-24,Caro,MI,3.399,43.483272,-83.383469
LOVES TRAVEL STOP #589,"I-27/US-87, EXIT 8 & FM-2641",Lubbock,TX,3.3323,33.586527,-101.860634
KWIK TRIP #885,WI-29 EXIT 132,Abbotsford,WI,3.4523,44.964057,-90.299438
Flying J #1033,"I-20, EXIT 138 & SR-158",Midland,TX,3.5657,31.989636,-102.06261
SPEEDWAY #2908,SR-51,Perryopolis,PA,3.9157,40.085724,-79.754384
CASEYS #3319,"US-30, EXIT 158",Nevada,IA,2.989,42.018983,-93.446219
FUEL EXPRESSO 17,"I-35 & EXIT 187, SR-68",Ottawa,KS,3.1723,38.614247,-95.274519
CONCORD XTRAMART,"I-93, EXIT 17 & US-4",Concord,NH,3.659,43.218525,-71.527734
DILLEY TRUCK STOP,"I-35 & EXIT 85, FM 117",Dilley,TX,3.0657,28.678201,-99.174684
STRIPES 7FLEET #42469,"I-20, US-80 EXIT 15A",Santo,TX,2.9173,32.597935,-98.179675
Exxon,"I-96, EXIT 129",Fowlerville,MI,3.749,42.661438,-84.072085
KWIK STAR #283,"I-380/US-218/SR-27, EXIT 13",Cedar Rapids,IA,3.5323,41.9743,-91.655382
CIRCLE K #2741030,"I-35, EXIT 160",San Antonio,TX,2.999,29.468525,-98.526352
Kwik Star#223,"I-35, EXIT 194 & US-18/SR-122",Clear Lake,IA,3.079,43.140607,-93.384978
JACKSONS FOOD STORE #147,"I-84, EXIT 27/US-20 & SR-19",Caldwell,ID,3.579,43.662719,-116.700038
CAIRO TRAVEL CENTER,US-84/SR-38,Cairo,GA,3.424,30.9517,-84.2048
7-ELEVEN #40802,US-87,Nixon,TX,3.079,29.301649,-97.752898
PILOT #1027,US-385 & CR-E,Vega,TX,3.3057,35.373212,-102.356572
PILOT #1030,"I-57, EXIT 353",Alsip,IL,3.359,41.6723,-87.7339
LOVES TRAVEL STOP #628,"I-35E, EXIT 386 & FM-1134",Italy,TX,3.1023,32.178508,-96.88229
KWIK TRIP #186,"I-35, EXIT 183",Hinckley,MN,3.3523,46.018876,-92.899333
KWIK TRIP #297,"US-10, WI-441",Menasha,WI,3.4907,44.211164,-88.417536
KWIK TRIP #178,"I-494, EXIT 64B & SR-156",South Saint Paul,MN,3.6073,44.888128,-93.046013
KWIK TRIP #273,"I-35, EXIT 251B & SR-23",Duluth,MN,3.499,47.094431,-91.846731
SPEEDWAY #2120,US-30,Oswego,IL,3.249,41.684893,-88.345305
SPEEDWAY #8047,"I-70, EXIT 104 & SR-9",Greenfield,IN,3.599,39.790204,-85.814102
CIRCLE K #2741070,FM-1560,San Antonio,TX,2.914,29.468525,-98.526352
CASEYS #3424,"I-35, EXIT 26 & SR-30",Ellendale,MN,3.499,43.882591,-93.319492
LOVES TRAVEL STOP #614,"I-40, EXIT 149",Albuquerque,NM,3.5207,35.0936,-106.6423
SPEEDWAY #7156,"I-40/75, EXIT 374 & SR-131",Knoxville,TN,3.2657,35.9609,-83.9189
SPEEDWAY #8796,"I-496, EXIT 11",Lansing,MI,3.699,42.7335,-84.6391
SPEEDWAY #9651,"I-75, EXIT 104",Lexington,KY,3.149,38.017394,-84.485423
SPEEDWAY #7106,"I-40, EXIT 280 & SR-56",Baxter,TN,3.0657,36.124917,-85.637766
PILOT #1021,"I-196, EXIT 49",Holland,MI,3.999,42.7875,-86.108889
PILOT TRAVEL CENTER #1024,"I-80, EXIT 132B & SR-53",Joliet,IL,3.799,41.527154,-88.08241
KWIK TRIP #166,"I-35, EXIT 214",Moose Lake,MN,3.319,46.44724,-92.746648
KWIK TRIP #295,SR-26 & SR-59,Milton,WI,3.399,42.779087,-88.953087
CENEX CONVENIENCE,SR-34 & CR-21,Detroit Lakes,MN,3.499,46.834877,-95.800606
AC & T GARLAND GROH,I-81 EXIT 7B,Hagerstown,MD,3.559,39.632022,-77.737215
AC & T Falling Waters,"I-81, EXIT 23",Falling Waters,WV,3.849,39.586473,-77.885152
LOVES TRAVEL STOP #622,"I-94, EXIT 45 & CR-B",Menomonie,WI,3.579,44.87182,-91.92651
LOVES TRAVEL STOP #537,"I-68, EXIT 46 & US-220/SR-144",Cumberland,MD,4.249,39.6504,-78.7574
PILOT #498,US-69/75 & SR-7,Atoka,OK,3.499,34.34451,-96.141827
GORES TRAVEL PLAZA,US-270/SR-3,Seiling,OK,3.149,36.127823,-98.88746
BYRNE DAIRY #22,"I-81, EXIT 15 & US-20",La Fayette,NY,4.299,42.890959,-76.106116
LOVES TRAVEL STOP #648,US-70,Valliant,OK,3.099,34.009056,-95.068625
LOVES TRAVEL STOP #618,"I-75, EXIT 136 & SR-32",Sadieville,KY,3.139,38.390816,-84.538424
LAMBOS #3,"I-57, EXIT 190A & SR-16",Mattoon,IL,3.399,39.480184,-88.376152
FUEL CITY,"I-30, EXIT 52B & US-80",Mesquite,TX,2.9657,32.767821,-96.608219
LOVES TRAVEL STOP #604,I-35 EXIT 157 & SR-33,Guthrie,OK,3.319,35.832955,-97.435995
LOVES TRAVEL STOP #654,US-81,Union City,OK,3.3757,35.391333,-97.93979
REBEL PLUS #841,"I-75, EXIT 116 & CR-865",Bonita Springs,FL,3.539,26.3869,-81.733
SPEEDWAY #6131,"I-465, EXIT 49",Indianapolis,IN,3.799,39.938417,-86.13894
SPEEDWAY #8480,US-30 & CR-36,Plainfield,IL,3.279,41.600884,-88.199391
SPEEDWAY #7176,US-31/SR-6,Columbia,TN,3.359,35.615577,-87.038032
SPEEDWAY #4250,SR-72,Des Plaines,IL,3.289,42.046734,-87.885899
SPEEDWAY #2918,US-119,Uniontown,PA,3.9157,39.889733,-79.728216
SPEEDWAY #8133,SR-237,Berea,OH,3.499,41.367557,-81.861756
One9 SPEEDWAY #2917,SR-48 & SR-130,Monroeville,PA,3.9923,40.429026,-79.762279
LOVES TRAVEL STOP #638,US-54,Texhoma,OK,3.509,36.52529,-101.839351
CASEYS #3305,SR-23 & SR-47,Ogilvie,MN,3.371,45.847632,-93.435921
PANOLA PINES PLAZA,I-59,Carthage,TX,3.139,32.154379,-94.352721
STRIPES,FM 1924,Mission,TX,3.099,26.24153,-98.342647
CUBBYS #2104,CR-131,Shelby,NE,3.399,41.243544,-97.429536
ROAD RANGER #272,"I-35, EXIT 39 & SR-44",Encinal,TX,3.539,28.051329,-99.340902
RUTTERS #36,US-15 & SR-234,York Springs,PA,4.299,40.00839,-77.106136
LOVES TRAVEL STOP #631,US-275/SR-64,Valley,NE,3.3457,41.318581,-96.346288
FLYING J #552,"I-71, EXIT 32 & SR-350",Lebanon,OH,3.399,39.442047,-84.218754
LOVES TRAVEL STOP #656,US-50/400,Holcomb,KS,3.729,37.993105,-100.989323
Circle K #2741096,"I-10/US-90, EXIT 591 & FM-1518",Converse,TX,2.9357,29.517331,-98.321673
RUTTERS #34,US-30 & SR-23,Leola,PA,4.199,40.096448,-76.192109
CASEYS #2860,US-160 & FM-6070,West Plains,MO,3.419,36.728418,-91.871681
STRIPES #40601,US-83 & FM-2360,Rio Grande City,TX,2.9957,26.394194,-98.810444
SWANTON MOBIL,"I-89, EXIT 21 & SR-78",Swanton,VT,3.539,44.916754,-73.121124
MANSFIELD TRAVEL PLAZA,SR-175 & SR-509,Mansfield,LA,3.019,32.023863,-93.698045
Circle K #2709300,US-72/SR-2,Huntsville,AL,2.9773,34.726866,-86.567318
ONE9 EXPRESS FUEL,"I-10, EXIT 42 & FM-1110",Clint,TX,2.8023,31.549418,-106.20383
PETRO WILMINGTON,"I-55, EXIT 240",Wilmington,IL,3.399,41.298063,-88.130083
PILOT TRAVEL CENTER #1041,SR-64 & CR-23,Carol Stream,IL,3.699,41.9166,-88.1209
Tex-Best #524,SR-44 E,Alice,TX,2.899,27.743171,-98.083622
Arco dba One9 #1258,"I-10, EXIT 19",Quartzsite,AZ,3.359,33.5675,-114.2731
SPEEDWAY #6207,SR-25,Batavia,IL,3.599,41.848165,-88.309756
BP-GIANT OIL #440,"I-71, EXIT 204 & SR-83",Burbank,OH,3.2323,40.963725,-81.995753
SPEEDWAY #2921,"I-80, EXIT 29 & SR-8",Harrisville,PA,3.434,41.163087,-79.979639
LOVES TRAVEL STOP #074,SR-19 & SR-76,Lindsay,OK,3.0907,34.821116,-97.599788
LOVES TRAVEL STOP #633,US-30,Plymouth,IN,3.849,41.333897,-86.324087
LOVES TRAVEL STOP #644,"I-70, EXIT 437 & US-385",Burlington,CO,3.889,39.310649,-102.258281
LOVES TRAVEL STOP #636,US-169,Nowata,OK,3.399,36.694565,-95.640421
JIFFY MART,US-7 & SR-22A,Ferrisburgh,VT,3.599,44.212822,-73.258575
Missouri Travel,"I-29, EXIT 75 & US-30",Missouri Valley,IA,3.424,41.564399,-95.891346
QUIKTRIP #1092,"I-77, EXIT 77 & US-21/SR-5",Rock Hill,SC,3.134,34.915068,-81.012904
STRIPES 7FLEET #42472,US-377,Brownwood,TX,2.9623,31.704658,-98.975164
STRIPES #2484,SR-480 & FM-1021,Eagle Pass,TX,3.199,28.702786,-100.48176
7-ELEVEN #40544,US-281,Lampasas,TX,2.9157,31.067957,-98.183361
7-ELEVEN #40587,SR-21 & FM-150,Maxwell,TX,3.1523,29.878628,-97.852852
LOVES TRAVEL STOP #643,"I-55/57, EXIT 66A & US-60",Sikeston,MO,3.549,36.891111,-89.58197
LOVES TRAVEL STOP #623,"I-20/SR-349, EXIT 131",Midland,TX,3.5557,31.989636,-102.06261
LOVES TRAVEL STOP #611,"I-90, EXIT B3 & SR-22",Canaan,NY,3.979,42.413168,-73.415889
LOVES TRAVEL STOP #655,US-83 & SR-96,Scott City,KS,3.6373,38.47994,-100.899331
STRIPES 7FLEET #42507,US-285,Pecos,TX,3.379,31.414384,-103.508129
QUIKTRIP #1863,"SEC HWY 114, I-35",Roanoke,TX,2.9757,32.98639,-97.205346
WEIGLES #64,"I-75, EXIT 122 & SR-61",Clinton,TN,2.9957,36.08688,-84.189735
SPEEDWAY #8495,"US-19/SR-400, EXIT 12",Alpharetta,GA,3.349,34.1048,-84.2949
LOVES TRAVEL STOP #627,US-27 & SR-54,Davenport,FL,3.5523,28.22,-81.6205
PILOT #1042,I-55 EXIT 283,Bridgeview,IL,3.799,41.743128,-87.806572
PILOT TRAVEL CENTER #1549,"I-20, EXIT168 & SR-77",Lincoln,AL,3.109,33.605913,-86.111152
PILOT #1577,"I-75, EXIT 141 & SR-63",Pioneer,TN,3.0257,36.469465,-84.290672
GOOD TO GO #88,"I-55, EXIT 283",Chicago,IL,3.619,41.885847,-87.618123
KWIK TRIP #140,"SR-29, EXIT 177",Schofield,WI,3.424,44.906407,-89.581789
CASEYS #3472,SR-125 & SR-78,Virginia,IL,3.659,39.945475,-90.212681
CASEYS #3470,US-421 & SR-16,Monon,IN,3.779,40.861176,-86.863537
CASEYS #3431,US-150 & SR-54,Farmer City,IL,3.339,40.244689,-88.663385
MAVERIK COUNTRY STORE #527,"US-89, EXIT 405",Ogden,UT,3.439,41.2443,-112.0072
MAVERIK COUNTRY STORE #533,US-91 & SR-101,Wellsville,UT,3.444,41.634302,-111.931676
MAVERIK COUNTRY STORE #488,"I-15/US-89, EXIT 288",Draper,UT,3.4457,40.504599,-111.88096
MAVERIK COUNTRY STORE #531,"I-80/15, EXIT 305D",Logan,UT,3.4307,41.747025,-111.822613
KUM & GO #0891,I-44 (EASTBOUND),Vinita,OK,3.059,36.633353,-95.138164
CIRCLE K #2741552,"SR-969, SR-130, EXIT 444",Austin,TX,2.9323,30.210692,-97.942749
PUMP & PANTRY #48,US-30 & SR-25,Fremont,NE,3.319,41.441637,-96.494468
SPEEDWAY #7159,"I-40/SR-66, EXIT 412",Dandridge,TN,3.259,36.001798,-83.404435
CIRCLE K #2741831,"I-35, EXIT 8B & SR-20",Laredo,TX,2.9023,27.515538,-99.498579
SUPER S TRAVEL PLAZA,"I-49, EXIT 241",Ida,LA,3.059,32.993393,-93.902186
TA Express #289,US-59,Nacogdoches,TX,3.139,31.618534,-94.651093
LOVES TRAVEL STOP #626,US-287,Dumas,TX,3.4157,35.882315,-101.967984
LOVES TRAVEL STOP #625,"I-80, EXIT 59 & SR-17J",Sidney,NE,3.4723,41.142778,-102.9775
PILOT #1047,"I-295, EXIT 25",Jacksonville,FL,3.359,30.3163,-81.4175
LOVES TRAVEL STOP #650,"I-84/US-30, EXIT 159",Boardman,OR,3.5223,45.827165,-119.72057
EAGLE #56,"I-45, Exit 189",Teague,TX,3.4823,31.632772,-96.27778
CASEYS #2712,SR-8/SR-14,Superior,NE,3.3623,40.031537,-98.077872
SHEETZ #033,"I-99/US-220, EXIT 41 & SR-865",Altoona,PA,3.529,40.520945,-78.408901
PILOT #1046,US-27 & SR-80,South Bay,FL,3.799,26.670126,-80.731214
MFA,US-36,Brookfield,MO,3.249,39.784612,-93.071948
SPEEDWAY #5036,I-90 & US-20,Hampshire,IL,3.369,42.080748,-88.517033
PETRO-CARD 24 #910880,SR-6/13,Gallatin,MO,3.299,39.902486,-93.978748
MFA OIL,US-63 & HWY E,Queen City,MO,3.249,40.415175,-92.566263
PETRO-CARD 24 #910561,"I-49, EXIT 102A",Nevada,MO,3.349,37.840853,-94.357127
PETRO-CARD 24 #911043,US-65,Sedalia,MO,3.249,38.696076,-93.232268
PETRO-CARD 24 #910200,US-65 & BUS US-36,Chillicothe,MO,3.289,39.796569,-93.550887
LOVES TRAVEL STOP #613,"I-81, EXIT 24 & SR-80",Meadowview,VA,3.599,36.761175,-81.851205
LOVES TRAVEL STOP #659,"I-10, EXIT 133B",Tolleson,AZ,3.569,33.434686,-112.277444
LOVES TRAVEL STOP #630,US-412/64,Enid,OK,3.7873,36.402842,-97.862257
LOVES TRAVEL STOP #647,US-81,Belleville,KS,3.8157,39.824054,-97.629016
LOVES TRAVEL STOP #632,US-54 & US-83,Liberal,KS,3.6657,37.043789,-100.92857
PILOT #1070,"I-40/US-54, EXIT 277 & US-84",Santa Rosa,NM,3.4623,34.933276,-104.682155
Maverik Country Store #5014,I-80 E EXIT 110 & HWY169,De Soto,IA,3.099,41.533285,-94.027582
SUNOCO,I-69 & YS HWY 30,Fort Wayne,IN,3.604,41.0716,-85.1367
SUNOCO,SR-930 E,Fort Wayne,IN,3.5973,41.0716,-85.1367
CIRCLE K #2704041,"I-35, EXIT 183",New Braunfels,TX,2.859,29.694733,-98.113041
MFA,CR-37,Purdy,MO,3.349,36.806917,-93.916376
PILOT #1082,"I-526, EXIT 19",Charleston,SC,3.4157,32.962223,-79.86533
MAVERIK COUNTRY STORE #537,I-215 EXIT 21,Salt Lake City,UT,3.3823,40.755851,-111.896657
MAVERIK COUNTRY STORE #538,I-15 & SR-99,Fillmore,UT,3.3873,38.980539,-112.331321
7-ELEVEN #40509,I-90/80 EB,Howe,IN,3.899,41.728594,-85.472746
Marathon,"I-75, EXIT 99 & SR-119",Anna,OH,3.029,40.405105,-84.210344
SASSYS TRUCK STOP,"I-86, EXIT 23 & US-219",Limestone,NY,3.159,42.063945,-78.631979
CIRCLE K #2741825,"I-410, EXIT 2 & FM-2536",San Antonio,TX,3.099,29.468525,-98.526352
Bolingbrook Mart,"I-55, EXIT 269",Bolingbrook,IL,3.639,41.697605,-88.087315
BYRNE DAIRY #14,SR-414 & SR-318,Waterloo,NY,3.999,42.904515,-76.875498
SHEETZ #603,"I-78 US-22, EXIT 13 & SR-501",Bethel,PA,3.3273,40.480834,-76.274209
KWIK TRIP #158,US-10 & SR-23,Saint Cloud,MN,3.2773,45.552113,-94.128447
LOVES TRAVEL STOP #662,US-287 & SR-285,Quanah,TX,3.849,34.29555,-99.749438
LOVES TRAVEL STOP #671,"I-55, EXIT 63 & US-61",Blytheville,AR,3.4557,35.934482,-89.922497
LOVES TRAVEL STOP #616,"I-49, EXIT 158",Harrisonville,MO,3.429,38.64193,-94.32852
LOVES TRAVEL STOP #612,"SR-370, EXIT 9 & SR-141",Bridgeton,MO,3.1207,38.750627,-90.416101
LOVES TRAVEL STOP #620,US-301 & SR-20,Hawthorne,FL,3.789,29.573998,-82.105625
LOVES TRAVEL STOP #641,I-155/US-412 EXIT 13 & SR-78,Dyersburg,TN,3.4023,36.044447,-89.383644
PILOT #1083,US-287 & US-54,Stratford,TX,3.499,36.33349,-101.988568
FLYING J #1061,"I-44, EXIT 72",Springfield,MO,3.3823,37.2152,-93.295
KWIK TRIP #149,US-10,Saint Cloud,MN,3.2107,45.552113,-94.128447
LOVES TRAVEL STOP #060,US-36 & US-283,Norton,KS,3.109,39.840706,-99.887832
MAVERIK COUNTRY STORE #387,"I-40, EXIT 253",Winslow,AZ,3.2357,35.16078,-110.511382
MAVERIK COUNTRY STORE #502,US-385 & SR-2,Alliance,NE,3.259,42.114943,-102.888045
MAVERIK COUNTRY STORE #409,"I-580, EXIT 41 & SR-531",Carson City,NV,3.589,39.150746,-119.745904
THORNTONS #319,"I-55, EXIT 248 & US-6",Channahon,IL,3.249,41.434664,-88.213786
KWIK TRIP #184,"I-94, EXIT 293",Pewaukee,WI,3.449,43.078777,-88.272922
KWIK TRIP #162,"I-94, EXIT 202",Elk River,MN,3.2973,45.313601,-93.5814
Chisholm Corner #16,US-81 & SR-7,Marlow,OK,3.0157,34.638681,-97.940955
SHEETZ #608,"I-81, EXIT 24 & CR-696",Shippensburg,PA,3.2857,40.051359,-77.519477
Allsup's #2454,US-87 & SR-163,Sterling City,TX,3.224,31.835063,-101.001729
CENEX ZIP TRIP #75,"I-94/US-12, EXIT 138 & US-59",Miles City,MT,3.4973,46.407459,-105.833193
STRIPES #42503,"I-27, EXIT 1",Lubbock,TX,2.9507,33.586527,-101.860634
LOVES TRAVEL STOP #639,"I-20, EXIT 96",Lake,MS,3.1623,32.345909,-89.341354
LOVES TRAVEL STOP #675,US-75,Okmulgee,OK,3.2173,35.628805,-95.96967
FLYING J #1086,SR-18 & SR-5,Marion,IN,3.489,40.574333,-85.674127
CUBBYS #304,SR-7,Manson,IA,3.299,42.528503,-94.530386
FUEL CITY HALTOM CITY,"I-35W, EXIT 52B & TX-121",Haltom City,TX,2.9657,32.808742,-97.270891
LOVES TRAVEL STOP #664,US-41,Terre Haute,IN,3.949,39.4667,-87.4068
LOVES TRAVEL STOP #663,US-190 & LA-103,Port Barre,LA,3.124,30.547788,-91.928576
KWIK TRIP #154,MN-15,Sauk Rapids,MN,3.3023,45.604032,-94.159088
LOVES TRAVEL STOP #629,I-65 EXIT 108 & SR-76,White House,TN,3.159,36.460048,-86.670524
KWIK TRIP #164,US-12/SR-29,Menomonie,WI,3.499,44.87182,-91.92651
RUTTERS #69,"I-78/US-22, EXIT 29 & SR-61",Hamburg,PA,3.8657,40.548799,-75.987361
LOVES TRAVEL STOP #595,"I-10, EXIT 28 & SR-49",Gulfport,MS,3.144,30.382556,-89.097618
LOVES TRAVEL STOP #658,US-412,Watts,OK,3.3473,36.115216,-94.634472
LOVES TRAVEL STOP #653,US-287,Eads,CO,3.4757,38.444141,-102.50536
LOVES TRAVEL STOP #606,"I-94, EXIT 73B & US-6",South Holland,IL,3.329,41.597916,-87.593814
KUM & GO #0370,"I-80, EXIT 439 & SR-370",Gretna,NE,2.9207,41.134458,-96.245837
KUM & GO #0863,"I-44, EXIT 215 & SR-97",Sapulpa,OK,3.2323,36.00297,-96.11061
Maverik Country Store #5013,US-40 & SR-13,Craig,CO,3.459,40.522351,-107.561458
KWIK STAR #145,US-52,Guttenberg,IA,3.599,42.759443,-91.119015
KWIK TRIP #173,SR-17,Rhinelander,WI,3.4523,45.646718,-89.409285
KUM & GO #0539,"I-80 E, & SR-415 EXIT 135",Des Moines,IA,3.0723,41.6005,-93.6088
SPEEDWAY #3995,I-90,Belvidere,IL,3.849,42.259465,-88.850943
KWIK TRIP #141,SR-61,Two Harbors,MN,3.499,47.039364,-91.678264
LOVES TRAVEL STOP #637,"I-39, EXIT 115 & CR-CS",Poynette,WI,3.789,43.401342,-89.418857
LOVES TRAVEL STOP #670,US-18,Floyd,IA,3.649,43.143049,-92.723988
LOVES TRAVEL STOP #657,"I-77, EXIT 5 & SR-48",Cayce,SC,3.3973,33.962567,-81.067084
TEX-BEST #528,US-181,Elmendorf,TX,2.8923,29.230793,-98.371982
BIG BOSS TRAVEL PLAZA,I-12 EXIT 22,Livingston,LA,3.1657,30.474107,-90.767339
HUCKS FOOD & FUEL #379,"I-57, EXIT 53",Marion,IL,2.929,37.725662,-88.929447
CASEYS #3503,US-69/SR-52,Pleasanton,KS,3.199,38.182285,-94.70567
GOLDEN GATE,I-80 EXIT 352A & US-93,Wells,NV,3.4157,41.129798,-114.532752
7-ELEVEN #40036,SR-33 & SR-632,Lanexa,VA,3.659,37.419391,-76.902684
CIRCLE K #4705720,"I-280, EXIT 7 & SR-2",Oregon,OH,3.609,41.641842,-83.471366
CIRCLE K #2741595,SR-71 & FM-1209,Bastrop,TX,2.954,30.13883,-97.292101
KWIK TRIP #142,"US-10, EXIT 186 & SR-13",Marshfield,WI,3.479,44.6688,-90.1716
LOVES TRAVEL STOP #687,"I-72, EXIT 64 & US-67",Jacksonville,IL,3.489,39.729269,-90.236238
LOVES TRAVEL STOP #680,US-81,Norfolk,NE,3.3157,42.032914,-97.422898
LOVES TRAVEL STOP #684,"I-35, EXIT 133 & SR-175",Ellsworth,IA,3.689,42.30086,-93.548979
LOVES TRAVEL STOP #669,US-61 & SR-19,New London,MO,3.2357,39.591672,-91.39599
SPEEDWAY #7412,SR-83 & SR-19,Bensenville,IL,3.379,41.9536,-87.935
SPEEDWAY #3700,I-70 EXIT 77,Indianapolis,IN,3.319,39.938417,-86.13894
Speedway #6809,"I-290, EXIT 13A",Franklin Park,IL,3.329,41.933878,-87.873423
KWIK TRIP #458,SR-55,Buffalo,MN,3.549,45.181371,-93.863479
SPEEDWAY #7103,US-43,Lawrenceburg,TN,3.574,35.250668,-87.352582
AKAL TRAVEL CENTER,"I-40, EXIT 267 & SR-379",Santa Rosa,NM,2.879,34.933276,-104.682155
BELL STORES #146,SR-43 & SR-183,Malvern,OH,3.579,40.684532,-81.18378
LOVES TRAVEL STOP #676,SR-50,Syracuse,NE,3.444,40.661386,-96.182407
CIRCLE K #2701869,SR-21 & SR-307,Savannah,GA,3.1157,32.067631,-81.102394
OASIS STOP N GO #17,US-30,Twin Falls,ID,3.699,42.556495,-114.469265
MAVERIK COUNTRY STORE #547,US-26,Casper,WY,3.1857,42.845763,-106.316571
DOMINO EXPRESS #24,US-412/US-270/US-183/SR-3 & SR-15,Woodward,OK,2.999,36.426784,-99.402016
Circle K #2746446,US-2,Williston,ND,4.0423,48.167924,-103.631699
Shell,"I-80, EXIT 122",Minooka,IL,3.149,41.461516,-88.278596
LOVES TRAVEL STOP #605,"I-70, EXIT 59 & SR-41",Springfield,OH,3.479,39.924167,-83.808889
KWIK TRIP #638,SR-42,Two Rivers,WI,3.3907,44.166008,-87.585504
MAVERIK COUNTRY STORE #441,"I-182/US-12, EXIT 9",Pasco,WA,4.279,46.249183,-119.104387
LOVES TRAVEL STOP #642,US-60 & US-385,Hereford,TX,3.4157,34.837037,-102.40503
LOVES TRAVEL STOP #695,US-54/400,Cunningham,KS,3.6573,37.666149,-98.39297
KWIK TRIP #105,"I-41, EXIT 157",De Pere,WI,3.3523,44.438779,-88.080613
LOVES TRAVEL STOP #692,US-169 & SR-39,Chanute,KS,3.2757,37.674928,-95.456962
STRIPES #41023,SR-358 & FM-665,Corpus Christi,TX,3.0707,27.794086,-97.402994
LOVES TRAVEL STOP #685,"I-74, EXIT 51",Knoxville,IL,3.889,40.910672,-90.287116
AMPM,"I-10, EXIT 140",Phoenix,AZ,3.2823,33.451,-112.0685
ROSS FUEL CENTER,US-60/US-67,Poplar Bluff,MO,3.4907,36.766235,-90.416647
PETRO COLUMBIA,"I-77, EXIT 5 & SR-48",Columbia,SC,3.4123,34.072613,-81.179617
PETES #16,"I-49/US-71, EXIT 120 & CR-B",Rich Hill,MO,3.149,38.09438,-94.363454
LOVES TRAVEL STOP #688,"I-70, EXIT 119 & SR-130",Greenup,IL,3.289,39.239454,-88.144502
LOVES TRAVEL STOP #686,"I-84/I-15, EXIT 363",Brigham City,UT,3.7557,41.507921,-112.015177
Circle K #2741821,FM 471 & SR 211,San Antonio,TX,3.0323,29.468525,-98.526352
TONKAWA TRADING POST,"I-35, EXIT 214 & US-60",Tonkawa,OK,2.999,36.68062,-97.30634
LOVES TRAVEL STOP #682,"I-81, EXIT 10A",Hagerstown,MD,3.949,39.632022,-77.737215
KUM & GO #1837,SR-51,Broken Arrow,OK,3.0523,35.990812,-95.814332
PETES #14,US-69/SR 7,Fort Scott,KS,3.199,37.834159,-94.704221
CONCORDE TRAVEL CENTER,"I-65, EXIT 219 & CR-42",Jemison,AL,3.299,32.980539,-86.718052
SHELL,"I-565, EXIT 7 & CR-127",Madison,AL,3.349,34.6578,-86.8056
CIRCLE K #2741847,SR-16,San Antonio,TX,3.0723,29.468525,-98.526352
Flyers #3202,"I-17, EXIT 201",Phoenix,AZ,3.369,33.451,-112.0685
KWIK TRIP #135,SR-35 N,Superior,WI,3.499,46.701552,-92.091174
KWIK TRIP #586,"I-41, EXIT 45",Butler,WI,3.474,43.105405,-88.071043
LOVES TRAVEL STOP #683,US-27,Moore Haven,FL,3.789,26.832749,-81.218776
MAVERIK COUNTRY STORE #385,"I-15, EXIT 119",Idaho Falls,ID,3.4257,43.517679,-111.990626
MAVERIK COUNTRY STORE #388,US-60 & SR-77,Show Low,AZ,3.229,34.060117,-110.054633
MAVERIK COUNTRY STORE #377,"I-15, EXIT 244 & US-6",Santaquin,UT,3.4023,39.980356,-111.793819
SAPP BROS TRAVEL CENTER,"I-49, EXIT 157",Harrisonville,MO,3.4023,38.64193,-94.32852
QUIKTRIP #949,"I-20 E, EXIT 406",Weatherford,TX,2.9173,32.8435,-97.7047
ASAP GENERAL STORE #313,US-81,Duncan,OK,3.1323,34.507277,-97.940322
TRUCK WORLD,"I-76, EXIT 57",North Jackson,OH,3.259,41.088044,-80.86225
BP,"I-465, EXIT 49",Indianapolis,IN,3.799,39.938417,-86.13894
KUM & GO #0119,"I-35, EXIT 214 & SR-105",Northwood,IA,3.1157,43.450604,-93.241943
THORNTONS #607,I-24 EXIT 62 & SR-171,Antioch,TN,2.899,36.06,-86.672222
CIRCLE T,US-190/SR-21,Bryan,TX,3.459,30.632698,-96.36616
THE CROSSING TRAVEL MARK,US-83 & SR-153,Winters,TX,3.0407,31.962028,-99.955114
HUTCH'S #120,"I-40, EXIT 25",Sayre,OK,2.984,35.304722,-99.642928
Exxon,"I-80, EXIT 27A & US-46",Budd Lake,NJ,3.119,40.873108,-74.742552
QUIKTRIP #1044,"I-85, EXIT 63 & SR-2180",Kannapolis,NC,3.154,35.502016,-80.635875
LOVES TRAVE STOP #698,"I-75/SR-401, EXIT 153",Macon,GA,3.369,32.84386,-83.598686
LOVES TRAVEL STOP #693,US-30/23 & SR-199,Upper Sandusky,OH,3.889,40.824876,-83.297711
BISCUIT HILL TRAVEL PLAZA,"I-40, EXIT 192",Shawnee,OK,2.909,35.34907,-96.931321
PILOT CENTER #1014- TOWN PUMP,"I-94, EXIT 213 & SR-16",Glendive,MT,3.419,47.100813,-104.728716
LUFKIN TRAVEL PLAZA,US-59 & CR-819,Lufkin,TX,2.8157,31.336004,-94.734185
7 CLANS RED ROCK GASINO,US-177,Red Rock,OK,3.089,36.474754,-97.164021
SHEETZ #621,"I-77 & US-70, Exit 49A",Statesville,NC,2.849,35.8381,-80.8842
USA GAS,SR-47,Newfield,NJ,3.169,39.555257,-75.027558
LOVES TRAVEL STOP #672,US-77BUS & FM-1945,Sinton,TX,3.149,28.033895,-97.519582
LOVES TRAVEL STOP #703,US-50,South Hutchinson,KS,3.3007,38.007306,-97.90814
KWIK TRIP #583,"I-94, EXIT 89 & SR-23",Wisconsin Dells,WI,3.2373,43.650789,-89.76652
KWIK TRIP #855,US-12,Baraboo,WI,3.1157,43.482531,-89.746168
LOVES TRAVEL STOP #678,US-271,Paris,TX,3.3657,33.658077,-95.537881
LOVES TRAVEL STOP #681,"I-82/US-12, EXIT 80",Prosser,WA,4.589,46.223183,-119.771014
RUTTERS #70,SR-896 & SR-741,Strasburg,PA,4.199,39.970075,-76.184824
RANCHLAND GAS STATION,US-82,Benjamin,TX,3.299,33.583889,-99.791944
RUTTERS #68,US-422 & SR-934,Annville,PA,4.299,40.345608,-76.544676
MICKEY MART #57,US-250,Strasburg,OH,3.4923,40.60028,-81.536646
YESWAY #1061,US-180 & SR-137,Lamesa,TX,3.099,32.736677,-101.956914
LOVES TRAVEL STOP #679,"I-90, EXIT 495 & SR-47",Hardin,MT,3.704,45.749843,-107.607457
LOVES TRAVEL STOP #640,"I-43, EXIT 120 & CR-OK",Sheboygan,WI,3.289,43.740981,-87.724667
LOVES TRAVEL STOP #677,US-45A,West Point,MS,3.259,33.626496,-88.68226
LOVES TRAVEL STOP #691,US-50/93 & US-6,Ely,NV,3.649,39.309356,-114.878011
WA SHE SHU TRAVEL PLAZA,US-395,Gardnerville,NV,3.699,38.898268,-119.726902
KWIK TRIP #120,SR-15 & CR-4,Saint Cloud,MN,3.2773,45.552113,-94.128447
CEFCO #99,US-290,Giddings,TX,3.159,30.177725,-96.93322
PILOT EXPRESS #1178,"I-10, EXIT 273",Tucson,AZ,3.219,32.213873,-110.969445
YESWAY #1078,US-83 & SR-153,Winters,TX,2.999,31.962028,-99.955114
CASEYS #3604,US-75,Hinton,IA,3.299,42.604046,-96.305033
RUTTERS #71,"I-99, EXIT 28 & US-22",Duncansville,PA,4.099,40.426228,-78.43833
LOVES TRAVEL STOP #690,US-23,Circleville,OH,3.789,39.598836,-82.929966
LOVES TRAVEL STOP #699,US-49,Magee,MS,3.6073,31.849513,-89.750325
SPEEDWAY #2926,SR-837,Clairton,PA,3.9257,40.298917,-79.910096
SPEEDWAY #7775,US-23 & CR-192,Delaware,OH,3.619,40.293186,-83.072312
FLYING J #1096,"I-95, EXIT 201 & CR-524",Cocoa,FL,3.699,28.367183,-80.746455
Amigo's,"I-10, EXIT 661 & FM-609",Flatonia,TX,3.0823,29.709493,-97.098685
KWIK TRIP #661,SR-69 & BUS-11,Monroe,WI,3.3623,42.599076,-89.6403
Kwik Star #567,US-65 & SR-3,Hampton,IA,3.504,42.740531,-93.210954
KWIK TRIP #279,"US-63, EXIT 59",Rochester,MN,3.549,44.049572,-92.48962
MAVERIK COUNTRY STORE #549,"I-70, EXIT 283",Aurora,CO,3.1857,39.737809,-104.815233
PETRO-CARD 24 #919141,SR-179,Jamestown,MO,3.479,38.779292,-92.480651
CASEYS #2743,SR-43/SR-2 & SR-66A,Palmyra,NE,3.199,40.704964,-96.399903
PACIFIC PRIDE,I-79 & US-19,Morgantown,WV,3.459,39.6368,-80.018
QUICKLEES #1,"I-390, EXIT 9 & SR-15",Avon,NY,3.999,42.903034,-77.727398
SHEETZ #583,US-322 & SR-655,Reedsville,PA,3.4157,40.672189,-77.611589
KWIK TRIP #827,"I-41, EXIT 167",Green Bay,WI,3.499,44.485313,-88.016868
SPEEDWAY #6245,SR-43,Carrollton,OH,3.559,40.578663,-81.081789
SPEEDWAY #8883,I-80 EXIT 73,Peru,IL,3.149,41.333021,-89.126478
SPEEDWAY #8851,SR-31,South Elgin,IL,3.559,41.996868,-88.298558
LOVES TRAVEL STOP #697,"US-321, EXIT 37",Newton,NC,3.689,35.649766,-81.242546
LOVES TRAVEL STOP #696,"I-10, EXIT 843",Beaumont,TX,3.294,30.068805,-94.103896
SPEEDWAY #3991,"I-80 E, & I-94 E",Gary,IN,3.7123,41.593333,-87.346389
SPEEDWAY #8020,US-30,Upper Sandusky,OH,3.799,40.824876,-83.297711
Kwik Star #569,US-20,Waterloo,IA,3.574,42.477784,-92.366099
KWIK TRIP #111,SR-36 & CR-15,Stillwater,MN,3.5407,45.050007,-92.830032
SPEEDWAY #8799,I-55 EXIT 282A & SR-171,Bedford Park,IL,3.599,41.759444,-87.786667
SPEEDWAY #8064,"I-55, EXIT 178 & SR-43",West Lafayette,IN,3.5823,40.444025,-86.923661
Speedway #3994,SR-38 & CR-21,West Chicago,IL,3.599,41.888558,-88.202168
SPEEDWAY #8738,"I-70, EXIT 23 & SR-59",Brazil,IN,3.699,39.521041,-87.127767
SPEEDWAY #1830,US-31,Grand Haven,MI,3.899,43.037838,-86.191227
TEX-BEST #527,SR-162 & SR-16,Jourdanton,TX,2.9207,28.902985,-98.544037
TEX BEST #503,"I-35, EXIT 215 & CR-210",Kyle,TX,2.8057,30.0043,-97.837106
LOVES TRAVEL STOP #705,"I-64/SR-33, EXIT 211 & SR-609",Providence Forge,VA,3.889,37.425907,-77.071117
Kwik Star #103,US-65,Iowa Falls,IA,3.374,42.513756,-93.270943
KWIK TRIP #571,"I-35, EXIT 235 & SR-210",Carlton,MN,3.319,46.6484,-92.470984
Thorntons #325,"I-94, EXIT 73B & US-6",South Holland,IL,3.699,41.597916,-87.593814
KWIK STAR #581,"I-380, EXIT 17",Cedar Rapids,IA,3.5407,41.9743,-91.655382
KWIK TRIP #124,US-51,De Forest,WI,3.2357,43.235748,-89.329652
KWIK TRIP #964,"US-12, EXIT 250 & CR-M",Middleton,WI,3.529,43.105196,-89.507258
KWIK TRIP #976,CR-241 & CR-ZZ,Oak Creek,WI,3.579,42.88916,-87.902661
KWIK TRIP #590,CR-4 & CR-22,Rochester,MN,3.624,44.049572,-92.48962
KWIK TRIP #118,US-2 & LAKESHORE DRIVE,Ashland,WI,3.699,46.577948,-90.876712
KWIK TRIP #970,SR-164 & SR-59,Waukesha,WI,3.5323,42.999304,-88.219559
QUICK FUEL #2206,US-41,Marietta,GA,3.519,33.9043,-84.468
KWIK TRIP #957,US-18 & CR-PD,Madison,WI,3.604,43.073,-89.3817
KWIK TRIP #240,"I-94, EXIT 115 & CR-A",Black River Falls,WI,3.3123,44.292101,-90.847952
LOVES TRAVEL STOP #712,"I-44, EXIT 107",Newcastle,OK,3.4257,35.245269,-97.621573
CASEYS #3486,"I-49, EXIT 159",Harrisonville,MO,3.229,38.64193,-94.32852
CASEYS #3430,US-71 & US-136/SR-46,Maryville,MO,3.1373,40.343399,-94.873479
KWIK TRIP #815,US-63 & SR-48,Cumberland,WI,3.624,45.5403,-92.029709
PETRO-CARD 24 #910681,SR-32,Salem,MO,3.099,37.616952,-91.525809
KWIK TRIP #573,I-94 & CR-EE,Eau Claire,WI,3.399,44.783972,-91.487686
PILOT #1118,US-60,Clovis,NM,4.079,34.412585,-103.221391
FLYING J #1117,SR-25,Rochester,IN,3.859,41.065493,-86.231007
PILOT EXPRESS #1032,SR-7,Steubenville,OH,3.629,40.370638,-80.66115
KWIK TRIP #588,US-51 & SR-70,Woodruff,WI,3.0957,45.918583,-89.69545
KWIK TRIP #596,US-14,Black Earth,WI,3.444,43.132213,-89.738974
SPEEDWAY #4440,SR-131,Waukegan,IL,3.659,42.363611,-87.844722
Pilot #1114,SR-83,Bensenville,IL,3.389,41.9536,-87.935
PILOT EXPRESS  #1098,"I-95, EXIT 14",Newark,NJ,3.999,40.7308,-74.1744
KWIK TRIP #138,SR-13,Park Falls,WI,3.1473,45.936345,-90.424648
SPEEDWAY #7111,"I-40, EXIT 143 & SR-13",Hurricane Mills,TN,3.0323,35.974859,-87.767129
SPEEDWAY #7503,I-70 & I-57 EXIT 159,Effingham,IL,3.199,39.121727,-88.561105
LOVES TRAVEL STOP #694,US-45/SR-5 & SR-57,Ramer,TN,3.4623,35.064181,-88.601733
LOVES TRAVEL STOP #713,US-380 & FM-1304,Bridgeport,TX,2.949,33.187027,-97.78098
LOVES TRAVEL STOP #661,US-65 & SR-81,Pine Bluff,AR,3.319,34.215405,-91.995812
KWIK TRIP #112,SR-32 & SR-23,Sheboygan Falls,WI,3.2923,43.726598,-87.824228
KWIK TRIP #110,US-2,Ashland,WI,3.699,46.577948,-90.876712
QUIKTRIP #1883,"I-35, EXIT 497 & US-82",Gainesville,TX,2.9757,33.625943,-97.103208
LOVES TRAVEL STOP #718,"I-65, EXIT 158",Hope Hull,AL,3.2657,32.224256,-86.393189
LOVES TRAVEL STOP #649,"I-76/US-6, EXIT 89",Brush,CO,4.089,40.260255,-103.62788
LOVES TRAVEL STOP #708,"I-75, EXIT 314 & CR-48",Bushnell,FL,3.2957,28.661062,-82.155297
LOVES TRAVEL STOPS #719,"I-35, EXIT 308",Troy,TX,3.159,31.175855,-97.285205
LOVES TRAVEL STOP #711,"I-71, EXIT 165 & SR-97",Bellville,OH,3.709,40.613604,-82.517516
RICKY ROCKETS FUEL CENTER,SR-50 & SR-83,Midlothian,IL,3.099,41.634106,-87.732418
KWIK TRIP #557,"I-39, EXIT 126 & CR-V",De Forest,WI,3.3107,43.235748,-89.329652
RUTTERS #72,"I-81, EXIT 16 & US-30",Saint Thomas,PA,4.399,39.924052,-77.7908
SPEEDWAY #7118,US-41,Smyrna,TN,3.0157,35.965611,-86.504818
Circle K #2709301,SR-67,Decatur,AL,3.899,34.589599,-86.98868
TA Express Lamar,US-50/385,Lamar,CO,3.439,38.084136,-102.619195
SPEEDWAY #7391,I-76 EXIT 232,North Lima,OH,3.699,40.964866,-80.654911
SPEEDWAY #3535,"I-71,EXIT 165 & SR-97",Bellville,OH,3.599,40.613604,-82.517516
SPEEDWAY #2929,"US-22, US-119",New Alexandria,PA,3.9723,40.398112,-79.396594
CIRCLE K #4703913,"I-40 E, EXIT 87",Jackson,TN,3.349,35.610222,-88.814011
SIDE TRACK,SR-57,Wrightsville,GA,3.3157,32.721866,-82.726206
THORNTONS #323,SR-64,Lombard,IL,3.299,41.872139,-88.015988
KUM & GO #1455,"I-44, EXIT 130",Lebanon,MO,3.0923,37.685049,-92.655029
FUEL CITY SAGINAW,CR-156,Fort Worth,TX,2.9657,32.7469,-97.3268
RUTTERS #8,"I-83, EXIT 14 & SR-182",York,PA,4.199,39.963539,-76.726887
CASEYS #3593,SR-7 & US-50,North Vernon,IN,3.5923,39.001763,-85.627216
ONVO TRAVEL PLAZA - AVIS,"US-220, EXIT 118",Avis,PA,3.539,41.184722,-77.314167
KWIK TRIP #104,"I-94, HWY-24, EXIT 178",Clearwater,MN,3.2773,45.387694,-94.045246
LOVES TRAVEL STOP #635,"I-49, EXIT 24 & SR-282",Alma,AR,3.459,35.500043,-94.207337
MAVERIK COUNTRY STORE #578,US-26 & US-91,Idaho Falls,ID,3.4023,43.517679,-111.990626
MAVERIK COUNTRY STORE #567,"I-90, EXIT 291A",Spokane,WA,3.969,47.666485,-117.436527
LOVES TRAVEL STOP #704,"I-29, EXIT 35B & US-34",Pacific Junction,IA,3.789,41.027123,-95.804645
LOVES TRAVEL STOP #721,"I-45, EXIT 246 & FM-1183",Ennis,TX,3.0357,32.332102,-96.622363
Stinker,"US-34, CR-56",Kersey,CO,3.499,40.396305,-104.528768
MARATHON,"US-24, I-96 EXIT 179",Redford,MI,4.999,42.375554,-83.28895
MAVERIK COUNTRY STORE #348,"US-91, SR-130",Cedar City,UT,3.4523,37.689544,-113.074513
LOVES TRAVEL STOP #702,US-63,Waterloo,IA,3.769,42.477784,-92.366099
FLYING J #1068,"I-26, EXIT 194 & SR-16",Summerville,SC,3.509,33.028045,-80.173852
LOVES TRAVEL STOP #717,US-460 & SR-156,Disputanta,VA,3.5623,37.148268,-77.273172
COMMON CENTS #212,I-90 & SR-337,Sheridan,WY,3.5607,44.78486,-106.964795
PILOT #1049,US-58,Suffolk,VA,3.899,36.866823,-76.559811
KWIK TRIP #598,SR-23,Paynesville,MN,3.399,45.398798,-94.715709
ONVO TRAVEL PLAZA - BLAKESLEE,I-80 EXIT 284,Blakeslee,PA,3.5657,41.048502,-75.534309
KWIK TRIP #575,CR-75,Saint Joseph,MN,3.3023,45.565124,-94.336688
ROCKING Oil,SR-21,Caldwell,TX,3.099,30.529819,-96.714292
LOVES TRAVEL STOP #716,SR-3005,Elizabethtown,KY,3.599,37.706973,-85.858977
CITGO HERITAGE RIDGE,US-151 & SR-26,Waupun,WI,3.1473,43.632441,-88.737253
MACH 1 #3,I-57 & SR-14,Benton,IL,3.379,37.99998,-88.922659
LOVES TRAVEL STOP #701,"I-69, EXIT 176",Capac,MI,3.949,43.019976,-82.925188
MAVERIK COUNTRY STORE #565,I-84,Boise,ID,3.3957,43.6136,-116.2025
MAVERIK COUNTRY STORE #497,US-160 & SR-145,Cortez,CO,3.4157,37.354949,-108.583726
WORKMANS TRAVEL CENTER,"I-49, EXIT 78 & SR-264",Lowell,AR,3.4023,36.243318,-94.082725
Gulf,SR-83,Bensenville,IL,3.059,41.9536,-87.935
CIRCLE K #2723778,US-501 & SR-78/CR-1303,Sanford,NC,3.049,35.464148,-79.176446
SHELL,US-169,Blue Earth,MN,3.299,43.639426,-94.092379
PILOT # 1134,US-285 & CR-652,Orla,TX,3.759,31.825,-103.908333
PILOT # 1147,SR-302,Kermit,TX,3.2557,31.85496,-103.091269
PILOT # 1146,I-20 & SR-17,Pecos,TX,3.4657,31.414384,-103.508129
KUM & GO #0890,I-44 (WESTBOUND),Vinita,OK,3.059,36.633353,-95.138164
HUDSON IRVING 24,SR-3A,Hudson,NH,3.799,42.769038,-71.412144
LOVES TRAVEL STOP #726,I-25 EXIT 191,Belen,NM,3.5223,34.645562,-106.761215
LOVES TRAVEL STOP #734,"I-44, EXIT 5 & US-70",Randlett,OK,3.1207,34.174045,-98.459974
LOVES TRAVEL STOP #720,"I-49, EXIT 94 & SR-1",Boyce,LA,3.174,31.321601,-92.686681
PILOT TRAVEL CENTERS #1344,I-20 EXIT 425,Fort Worth,TX,2.909,32.7469,-97.3268
GOLDEN GATE PETRO,SR-648,Sparks,NV,3.9857,39.547254,-119.755588
PUMP N PETES #42,"I-49, EXIT 66 & CR-K",Jasper,MO,3.199,37.318224,-94.273126
CASEYS #3889,SR-29 & CR-1350,Henry,IL,3.349,41.111543,-89.374328
RACETRAC #688,I-20 & SR-6,Lithia Springs,GA,2.9723,33.793889,-84.660556
PILOT #1110,I-25 & SR-105,Monument,CO,3.579,39.100726,-104.85416
MR GAS #20,I-84 EXIT 165,Jerome,ID,3.4073,42.71784,-114.501244
LOVES TRAVEL STOP #725,I-69 & SR-260,Hanson,KY,3.599,37.438246,-87.475135
LOVES TRAVEL STOP #709,US-59 & SR-116,Lufkin,TX,3.649,31.336004,-94.734185
LOVES TRAVEL STOP #497,"I-40, EXIT 154 & US-64",Statesville,NC,3.689,35.8381,-80.8842
PILOT #1092,CR-70 E,Cedar Rapids,IA,3.779,41.9743,-91.655382
GOOD TO GO #45,"US-52 & SR-55, SR-18",Fowler,IN,3.699,40.625511,-87.309019
SPEEDWAY #8749,"I-75, EXIT 116",Flint,MI,3.089,43.0233,-83.6856
GOLDEN GATE PETROLEUM,I-70 EXIT 42,Palisade,CO,3.549,39.103178,-108.367977
Union 76 Pilot,US-130,Riverton,NJ,3.999,40.011389,-75.015278
LOVES TRAVEL STOP #724,"I-75, EXIT 414 & US-41",Lake City,FL,3.339,30.0949,-82.7117
TA EXPRESS HENDERSON #969,I-11 EXIT 15A,Henderson,NV,3.639,35.992678,-114.951684
RUTTERS #73,"I-81, EXIT 8 & CR-32",Inwood,WV,3.659,39.370093,-78.024189
RUDS,SR-31 & I-94 EXIT 127,New Salem,ND,3.499,46.851248,-101.424453
LOVES TRAVEL STOP #733,"I-25, EXIT 347",Las Vegas,NM,3.489,35.594862,-105.227162
ROAD RANGER #275,"I-10, EXIT 400 & US-277",Sonora,TX,3.549,30.555752,-100.630667
GOOD 2 GO #717,"I-25, EXIT 145",Colorado Springs,CO,3.479,38.8335,-104.8206
MAVERIK COUNTRY STORE #370,"I-15, EXIT 10",Saint George,UT,3.5415,37.106651,-113.595261
MAVERIK COUNTRY STORE #460,SR-88,Minden,NV,3.5257,39.021766,-119.731363
ROAD RANGER #276,"I-35, EXIT 342A",Waco,TX,3.049,31.552452,-97.139608
CASEYS #4415,US-68 & US-31W /SR-526,Bowling Green,KY,2.999,37.007874,-86.455891
YESWAY #1168,US-287 & CR-368,Iowa Park,TX,2.889,33.94235,-98.674497
7-Eleven #37565,SR-944 & SR-9,Miami,FL,3.249,25.779,-80.1982
EXXON DBA ONE9 #1416,I-20 EXIT 458,Dallas,TX,2.9923,32.996848,-96.792113
Caseys #4466,US-231 & SR-100,Scottsville,KY,3.3123,36.761437,-86.192863
Marathon,SR-42 & US-49,Hattiesburg,MS,3.0323,31.314553,-89.306471
LOVES TRAVEL STOP #732,I-70 & CR-829,Abilene,KS,3.7623,38.937144,-97.20632
J&H  FAMILY STORE #152,SR-55,Cadillac,MI,3.259,44.250447,-85.430046
PILOT TRAVEL CENTER #1128,SR-60,Bartow,FL,3.599,27.895664,-81.812684
LOVES TRAVEL STOP #739,I-2,Donna,TX,3.649,26.167138,-98.052925
CASEYS #3677,US-59 & SR-30,Slayton,MN,3.299,43.985596,-95.755448
ASAP GENERAL STORE #332,US-70 & US-377,Madill,OK,3.0157,34.07126,-96.787258
ENMARKET #769,US-301,Statesboro,GA,3.699,32.440841,-81.773956
Speedee Mart # 2875,I-80 & CR-238,Milford,NE,3.4323,40.763153,-97.05763
PILOT #1161,I-20,Odessa,TX,3.5657,31.8465,-102.3663
LOVES TRAVEL STOP #728,"I-5, EXIT 238 & SR-164",Albany,OR,3.8473,44.627722,-123.094409
CASEYS #3396,SR-92 & SR-149,Sigourney,IA,3.3623,41.330071,-92.201888
CASEYS #3589,"I-29, EXIT 2",North Sioux City,SD,3.059,42.532706,-96.50761
CASEYS #3685,US-50/US400  & SR-25,Lakin,KS,3.1923,37.938197,-101.271297
CASEYS #1160,US-20,Plainview,NE,3.229,42.346701,-97.778615
SPEEDWAY #5457,"I-264 E, EXIT 14 & SR-864 N",Louisville,KY,3.029,38.2435,-85.7639
Kwik Star #920,US-18 & US-69,Garner,IA,3.399,43.114395,-93.594394
STAR EXPRESS #5,US-301 & SR-648,Petersburg,VA,3.049,37.220001,-77.432594
KWIK TRIP #595,SR-46,Amery,WI,3.5607,45.325238,-92.361527
KWIK TRIP #923,"I-41, EXIT 146 & CR-N",Little Chute,WI,3.269,44.284248,-88.311989
KWIK TRIP #926,SR-19 & SR-21,New Prague,MN,3.2907,44.540239,-93.580473
LOVES TRAVEL STOP #668,"I-25, EXIT 250 & SR-56",Berthoud,CO,3.3907,40.299333,-105.105459
LOVES TRAVEL STOP #645,"I-75, EXIT 18",Monroe,MI,3.239,41.92751,-83.404848
PLEASANT SPRINGS TRAVEL,"I-39, EXIT 147 & CR-N",Cottage Grove,WI,3.3907,43.078405,-89.201692
SPEEDWAY #3996,US-12 & SR-120,Round Lake,IL,3.399,42.366809,-88.088819
ROBINSON CORINTH IRVING,"I-395 N, EXIT 3",Corinth,ME,3.9323,44.983655,-69.008532
IRVING MAINWAY,SR-16 E,Dover Foxcroft,ME,3.8657,45.18774,-69.204472
ROBINSONS IRVING,SR-7,Corinna,ME,3.9323,44.926045,-69.232341
LOVES TRAVEL STOP #710,US-31 & SR 28,Tipton,IN,3.8473,40.281725,-86.043291
LOVES TRAVEL STOP #723,"I-80, EXIT 310 & CR-322",Laramie,WY,3.6157,41.312907,-105.581146
FLYING J #1171,I-15,Mesquite,NV,3.7057,36.8055,-114.0663
KWIK TRIP #922,US-8,Cameron,WI,3.664,45.403836,-91.730992
SPEEDWAY #8080,I-69 & US-20,Angola,IN,3.599,41.656321,-85.019803
MAVERIK COUNTRY STORE #573,SR-68 & SR-154,Riverton,UT,3.1357,40.53789,-111.954661
KWIK STAR #509,SR-169 & BUS-20,Fort Dodge,IA,3.2023,42.508817,-94.180737
LOVES TRAVEL STOP #740,"I-95, EXIT 38 & SR-68",Yemassee,SC,3.419,32.642983,-80.812932
Mr Fuel dba Pilot Express #1149,"I-295, EXIT 41 & SR-105",Jacksonville,FL,3.239,30.3163,-81.4175
PILOT #1194,I-10 & US-60,Phoenix,AZ,6.039,33.451,-112.0685
GOLDEN GATE TRUCKSTOP,I-80 & SR-535,Elko,NV,3.599,40.826247,-115.724679
KWIK TRIP #117,CR-9 & CR-4,Duluth,MN,3.499,47.094431,-91.846731
Kwik Star #1004,US-63,Waterloo,IA,3.574,42.477784,-92.366099
Rusty Lantern,"I-95, EXIT 109A & SR-202",Augusta,ME,3.8873,44.323228,-69.766548
LOVES TRAVEL STOP #737,I-40/US-270,El Reno,OK,3.344,35.533468,-97.959091
KWIK STAR #1001,US-6,Newton,IA,3.249,41.699173,-93.045456
KWIK TRIP #592,"I-35, EXIT 159 & CR-1",Rush City,MN,3.3773,45.684496,-92.997876
KWIK TRIP #946,SR-32,Pulaski,WI,3.4573,44.66112,-88.263447
PILOT #1165,SR-18 & SR-128,Jal,NM,3.3657,32.112816,-103.199724
LANCASTER CONVENIENCE,US-2 & US-70,Lancaster,MA,3.7057,42.450984,-71.686831
RACING MART,SR-8,Adams,MA,3.699,42.622319,-73.117225
Flyer's #3207,"SR-143, EXIT 2",Phoenix,AZ,3.389,33.451,-112.0685
CASEYS #2721,US-34,Lincoln,NE,3.3365,40.8169,-96.7103
LOVES TRAVEL STOP #738,"I-30/US-67, EXIT 122 & SR-19/SR-11",Sulphur Springs,TX,3.309,33.134541,-95.592161
SPEEDWAY #3650,"I-76, EXIT 11 & SR-261",Wadsworth,OH,3.699,41.038375,-81.737373
SPEEDWAY #7177,"I-24, EXIT 158 & SR-27",Jasper,TN,3.014,35.066603,-85.614737
PILOT TRAVEL CENTER #1132,SR-171 & SR-78,Brawley,CA,4.759,32.979181,-115.529613
INDIAN HILL IRVING,SR 6,Greenville,ME,3.8657,45.471566,-69.584376
LOVES TRAVEL STOP #750,I-74 EXIT 206,Oakwood,IL,3.389,40.116656,-87.7825
LOVES TRAVEL STOP #729,CR-17 & US-20,Goshen,IN,3.7223,41.584484,-85.837988
KWIK STAR #927,US-169 & US-169 BUS/US-20 BUS,Fort Dodge,IA,3.2023,42.508817,-94.180737
PILOT #1207,"I-20, EXIT 79 & SR-464",Monahans,TX,3.4657,31.581294,-102.900273
Thorntons #7,US-12 & US-45,Franklin Park,IL,3.329,41.933878,-87.873423
1 STOP TRAVEL PLAZA,US-14 & US-83,Pierre,SD,3.3823,44.369514,-100.321057
LOVES TRAVEL STOP #707,"I-64, EXIT 21",Covington,VA,3.649,37.784203,-80.003176
KWIK STAR #932,"I-80, EXIT 143 & CR-S14",Altoona,IA,2.959,41.647549,-93.472415
KWIK TRIP #1021,SR-11 & CR-E,Brodhead,WI,3.4157,42.611074,-89.371409
SPEEDWAY #3962,"I-39,  EXIT 3 & SR-9",Roscoe,IL,3.469,42.421659,-88.99433
LOVES TRAVEL STOP #700,I-10 EXIT 404 & SR-467,Sonora,TX,3.6473,30.555752,-100.630667
LOVES TRAVEL STOP #747,"I-75, EXIT 90",Sidney,OH,3.3457,40.287357,-84.162223
PIT STOP,SR-53 & SR-74,Joliet,IL,3.499,41.527154,-88.08241
LOVES TRAVEL STOP #741,US-29,Reidsville,NC,3.999,36.343209,-79.664212
AF TRUCK CENTER,"I-294, EXIT 33 & SR-64",Melrose Park,IL,3.459,41.900347,-87.858066
PILOT TRAVEL CENTER #1103,"I-5, EXIT 208 & SR-530",Arlington,WA,4.559,48.18293,-122.112126
KWIK TRIP #928,US-169,Princeton,MN,3.399,45.585115,-93.596143
LOVES TRAVEL STOP #742,"I-196, EXIT 52",Holland,MI,4.089,42.7875,-86.108889
Kwik Star #924,SR-17 & US-20 EXIT 140,Webster City,IA,3.2023,42.465682,-93.826216
WEIGELS #90,SR-139 & SR-66,Kodak,TN,3.199,35.972215,-83.617111
CIRCLE K #2741859,CR-802,Brownsville,TX,3.029,25.933743,-97.517413
MAVERIK COUNTRY STORE #606,US-91,Franklin,ID,3.579,42.030389,-111.822862
KWIK TRIP #1019,CR-5 & SR-65,Isanti,MN,3.474,45.468212,-93.226565
ASAP General Store #314,"US-62, US-81, SR-9",Chickasha,OK,3.1323,35.026751,-97.951847
Certified Oil #400489,"I-71, EXIT 104",Columbus,OH,3.409,40.1444,-82.9789
FOOD N FUEL #25,SR-15 & US-12,Milbank,SD,3.369,45.206127,-96.62548
PILOT # 1185,"I-15, EXIT 9   3",Littlefield,AZ,3.689,36.866524,-113.913693
MAVERIK COUNTRY STORE #595,"I-84, EXIT 28",Caldwell,ID,3.369,43.662719,-116.700038
MAVERIK COUNTRY STORE #599,US-89 & CR-122,Thayne,WY,3.669,42.933026,-111.011354
FAST STOP,US-41,Escanaba,MI,3.399,45.76587,-87.088985
KENT KWIK #440,US-277,Haskell,TX,3.539,33.157993,-99.730923
KWIK TRIP #791,US-45 & SR-54,New London,WI,3.484,44.392847,-88.755428
LOVES TRAVEL STOP #746,I-72 & SR-121,Decatur,IL,3.449,39.827137,-88.925984
QUIKTRIP #1853,US-81,Decatur,TX,2.899,33.235077,-97.573995
QUIKTRIP #1935,SR-183,Dallas,TX,2.9757,32.996848,-96.792113
WEIGELS #81,I-81 & SR-32,Morristown,TN,3.259,36.195672,-83.275519
SPEEDWAY #7209,US-411 & SR-20,Cartersville,GA,3.1157,34.186975,-84.820401
LOVES TRAVEL STOP #714,"I-85, EXIT 29",Charlotte,NC,3.5223,35.2269,-80.8433
SPEEDWAY #4400,I-10 & SR-59,Loxley,AL,3.2823,30.617964,-87.75624
LONGHORN EXPRESS,US-70,Ardmore,OK,3.009,34.176681,-97.134157
PILOT #1205,"I-20, EXIT 80",Monahans,TX,3.4657,31.581294,-102.900273
PILOT #1145,SR-191,Midland,TX,3.5657,31.989636,-102.06261
FLYING J #1206,SR-302 & CR-313,Kermit,TX,3.2557,31.85496,-103.091269
MACH 1 #12,I-57 EXIT 65,West Frankfort,IL,3.199,37.897914,-88.930724
MAVERIK COUNTRY STORE #607,"I-90, EXIT 1",Post Falls,ID,3.3757,47.720475,-116.935349
MAVERIK COUNTRY STORE #602,"I-25 EXIT, 138",Colorado Springs,CO,3.289,38.8335,-104.8206
LOVES TRAVEL STOP #760,SR-18 & SR-234,Eunice,NM,3.329,32.439225,-103.159407
LOVES TRAVEL STOP #754,SR-251,Rochelle,IL,3.749,41.928156,-89.071035
BOLLA MARKET,"I-495, EXIT 57",Islandia,NY,3.539,40.790556,-73.202222
BOLLA MARKET,"I-495, EXIT 64",Medford,NY,3.539,40.817416,-72.985214
SPEEDWAY #6512,"I-196, EXIT 49 & SR-40",Holland,MI,3.899,42.7875,-86.108889
SPEEDWAY #4107,I-285 & US-78,Stone Mountain,GA,3.529,33.794233,-84.201754
MARATHON,SR-72,Elberton,GA,3.899,34.108202,-82.844765
CASEYS #3782,US-169 & SR-2,Mount Ayr,IA,3.164,40.7142,-94.232146
GARDEN TRUCK STOP,SR-55 /EXIT 35,Vineland,NJ,3.999,39.48177,-75.009087
ALLSUPS CONVENIENCE STORE #2361,US-54 & US-287,Stratford,TX,2.9573,36.33349,-101.988568
CASEYS #3434,US-63,Denver,IA,3.499,42.673137,-92.341701
FUEL AMERICA TRAVEL CENTER,I-35 EXIT 24,Laredo,TX,3.099,27.515538,-99.498579
Circle K #2709302,SR-67,Decatur,AL,3.5073,34.589599,-86.98868
CASEYS #3581,US-62/US-67,Corning,AR,3.2823,36.415532,-90.58702
CIRCLE K #2741675,"I-10, EXIT 134",Tolleson,AZ,3.519,33.434686,-112.277444
LOVES TRAVEL STOP #763,I-90 & US-20,Hampshire,IL,3.449,42.080748,-88.517033
LOVES TRAVEL STOP #743,"I-75, EXIT 144A",Bridgeport,MI,3.279,43.355309,-83.854906
LOVES TRAVEL STOP #731,"I-79, EXIT 105 & SR-108",Slippery Rock,PA,4.249,41.045412,-80.046847
BISHOPS TRAVEL CENTER,US-27,Attapulgus,GA,3.699,30.748889,-84.483889
PARKERS #64 (DISCOUNT AVAILABLE),SR-307,Savannah,GA,3.0323,32.067631,-81.102394
PARKERS #63 (DISCOUNT AVAILABLE),US-301,Jesup,GA,3.1157,31.604326,-81.88706
BP,SR-76,Adel,GA,2.969,31.125143,-83.421346
SPRINT FOODS #715,I-520 & SR-56,Augusta,GA,3.1923,33.511692,-82.099505
TA EXPRESS HOLSTEIN #941,I-20 E,Holstein,IA,3.559,42.494779,-95.564971
GAS N WASH,SR-43,Frankfort,IL,3.499,41.509361,-87.824774
GAS N WASH,SR-126,Plainfield,IL,3.599,41.600884,-88.199391
HUCKS FOOD & FUEL #371,SR-148 & SR-142,Mount Vernon,IL,3.099,38.317014,-88.910525
CASEYS #3492,US-36,Marysville,KS,3.299,39.842827,-96.642183
Thorntons #155,"SR-1020 N, & SR1065 E",Louisville,KY,2.9057,38.2435,-85.7639
BREAU BRIDGE TRUCKSTOP AND CASINO,SR-94,Breaux Bridge,LA,3.229,30.274955,-91.905899
CHEVRON,I-20 & SR-151,Arcadia,LA,3.189,32.555643,-92.924529
MOUND MINI MART,I-696,Warren,MI,3.699,42.5159,-82.9824
BREAK TIME #3165,US-50 & SR-13,Warrensburg,MO,3.2923,38.766695,-93.727341
GOLDEN GATE PETRO,I-580 & US-50,Carson City,NV,3.599,39.150746,-119.745904
GLUCKSTADT FLEETWAY,"I-55, EXIT 112",Madison,MS,3.199,32.467065,-90.108744
CASEYS #3514,SR-1,Oakes,ND,3.3823,46.128796,-98.099339
ALLSUPS CONVENIENCE STORE #2220,US-285,Loving,NM,3.599,32.274034,-104.091376
84 QUIK STOP,"I-84, EXIT 3 & US-6",New Hampton,NY,3.459,41.362714,-74.443483
CIRCLE K #4707623,"I-81, EXIT 31",Brewerton,NY,4.089,43.225194,-76.135132
QUEENSBURY,SR-149,Queensbury,NY,3.789,43.328983,-73.681846
LOVES TRAVEL STOP #749,SR-78,Westmorland,CA,4.779,33.041058,-115.630723
MARIETTA PETROLEUM,"I-35, EXIT 15 & SR-32",Marietta,OK,2.9223,33.943099,-97.114801
DANDY MINI MART #36,US-220,Monroeton,PA,4.0323,41.699387,-76.500995
RUTTERS #37,US-332/US-22 & SR-75,Mifflintown,PA,4.099,40.572666,-77.376119
RUTTERS #67,SR-16 & SR-75,Mercersburg,PA,4.399,39.819519,-77.907259
RUTTERS #15,"I-83, EXIT 22 & SR-4009",York,PA,4.199,39.963539,-76.726887
STOP-A MINIT,US-25 & SR-418,Pelzer,SC,2.899,34.646063,-82.467334
GET N GO #22,I-90 & SR-115,Sioux Falls,SD,2.939,43.488,-96.7343
ALLSUPS CONVENIENCE STORE #2371,US-87,San Angelo,TX,3.2057,31.478165,-100.481752
CIRCLE K #2741074,I-35 & FM-1103,New Braunfels,TX,2.844,29.694733,-98.113041
CIRCLE K #2741496,US-290,Chappell Hill,TX,2.999,30.183271,-96.234739
GOLDEN GATE PETEROLEUM 24 RD,US-6,Grand Junction,CO,3.539,39.078326,-108.545692
Circle K #2741925,SR-19,Trinity,TX,2.899,30.941951,-95.340295
QUIKTRIP #598,"I-80, EXIT 439, SR-370",Omaha,NE,2.9273,41.261,-95.9376
CIRCLE K #2741325,I-14 & SR-121,Belton,TX,2.8857,31.072298,-97.472025
TA EXPRESS #286,I-30 & SR-423,Mount Vernon,TX,3.299,33.170204,-95.218106
SHELL/ONE9 #1304,I-820 & CR-156,Fort Worth,TX,2.8923,32.7469,-97.3268
EXXON,"I-30, EXIT 42A",Dallas,TX,3.499,32.996848,-96.792113
KWIK TRIP #1037,SR-65/23,Mora,MN,3.394,45.895786,-93.294234
TA Express Salina,"I-70, EXIT 56",Salina,UT,3.649,38.956028,-111.881072
CROSSROADS MARKET,US-60 & SR-657,Gladstone,VA,3.439,37.547252,-78.850838
BIG B TRUCK STOP,"I-90, EXIT 321",Sprague,WA,3.899,47.324725,-117.989684
GOHL POST BP,"I-39, EXIT 100",Endeavor,WI,3.1757,43.696305,-89.461699
BIG D OIL #19,SR-259 & SR-387,Midwest,WY,3.459,43.410829,-106.266818
BOLLA MARKET,SR-27 & CR-47,Copiague,NY,3.399,40.677833,-73.396271
ALLSUPS CONVENIENCE STORE #2117,SR-18 & CR-97,Lovington,NM,3.104,32.951166,-103.348849
ALLSUPS CONVENIENCE STORE #2145,SR-132,Hobbs,NM,3.3823,32.72217,-103.137246
ALLSUPS CONVENIENCE STORE #2365,US-380 & SR-214,Plains,TX,3.369,33.189354,-102.829367
MFA OIL PETRO CARD 24,US-36,Hamilton,MO,3.2407,39.736412,-93.990898
KWIK TRIP #1033,US-51 EXIT 191B,Wausau,WI,3.454,44.963433,-89.633955
LOVES TRAVEL STOP #759,US-63/SR-11,Hazen,AR,3.2257,34.783833,-91.576699
7-ELEVEN #37570,I-76/US-6,Commerce City,CO,3.639,39.825875,-104.911349
LOVES TRAVEL STOP #689,US-65 & US-82,Lake Village,AR,3.269,33.327408,-91.282487
KWIK TRIP #1015,"I-43, EXIT 171",Denmark,WI,3.3623,44.359392,-87.827036
KWIK TRIP #939,"SR-29, EXIT 101",Stanley,WI,3.469,44.968872,-90.938935
STRIPES 7FLEET #42526,SR-289,Lubbock,TX,3.0557,33.586527,-101.860634
STRIPES 7FLEET #42527,SR-191 & US-349,Midland,TX,3.4723,31.989636,-102.06261
STRIPES 7FLEET #42532,SR-302 & FM-1936,Odessa,TX,3.099,31.8465,-102.3663
STRIPES 7FLEET #42491,US-67 & SR-137,Big Lake,TX,3.549,31.240592,-101.478776
STRIPES #42593,LOOP 289 & MLK BLVD,Lubbock,TX,2.9657,33.586527,-101.860634
ALLSUPS CONVENIENCE STORE #2154,SR-206 / US-283,Coleman,TX,3.159,31.828651,-99.427007
7-ELEVEN #34715,I-294 EXIT 20,Schiller Park,IL,4.579,41.956304,-87.869179
ALLSUPS CONVENIENCE STORE #2108,US-377 & US-183,Early,TX,2.9323,31.741944,-98.945278
ALLSUPS CONVENIENCE STORE #2147,SR-6 & CR-454,De Leon,TX,3.159,32.108742,-98.54894
STRIPES 7FLEET #42528,"I-20, EXIT 217 & SR-139",Colorado City,TX,2.899,32.398736,-100.860948
THORNTONS #164,I-65 EXIT 16 & US-31,Memphis,IN,3.6257,38.464181,-85.777501
LOVES TRAVEL STOP #767,FM-511 & SR-48,Brownsville,TX,3.1557,25.933743,-97.517413
SPEEDWAY #9329,"I-64 EXIT 43, SR 395 & 2823",Waddy,KY,3.149,38.105445,-85.12883
PILOT #1174,"I-70/SR-1, EXIT 147",Marshall,IL,3.299,39.421999,-87.692261
LOVES TRAVEL STOP #674,US-27 & SR-60,Lake Wales,FL,3.5523,27.903734,-81.548805
Kwik Star#1012,US-71 & SR-9,Spirit Lake,IA,3.299,43.426211,-95.112336
ALLSUPS CONVENIENCE STORE #2078,US-60,White Deer,TX,2.969,35.42781,-101.173993
ALLSUPS CONVENIENCE STORE #2100,US-87,Odonnell,TX,3.099,32.977331,-101.827099
ALLSUPS CONVENIENCE STORE #2205,SR-83,Denver City,TX,3.3657,32.971114,-102.831251
ALLSUPS CONVENIENCE STORE #2370,US-287 & SR-70,Clarendon,TX,2.929,34.952878,-100.895157
ALLSUPS CONVENIENCE STORE #2140,SR-114,Bridgeport,TX,2.899,33.187027,-97.78098
ALLSUPS CONVENIENCE STORE #2114,US-84,Muleshoe,TX,3.1907,34.219308,-102.749631
ALLSUPS CONVENIENCE STORE #2194,214 PLAINS HIGHWAY,Denver City,TX,3.3823,32.971114,-102.831251
TEXACO #379545,US-290,Giddings,TX,3.399,30.177725,-96.93322
KWIK TRIP #1047,SR-100 & SR-59,Milwaukee,WI,3.5407,43.0343,-87.9151
KWIK TRIP #941,US-2,Duluth,MN,3.499,47.094431,-91.846731
KWIK TRIP #1028,US-59,Worthington,MN,3.1657,43.628626,-95.605907
HORSESHOE CONVENIENCE,SR 302 & IC 200,Mentone,TX,3.1073,31.738374,-103.550316
THORNTONS #615,I-40 EXIT 188,Kingston Springs,TN,2.9823,36.095324,-87.115646
ZIP ZONE EXPRESS,US-23,Catlettsburg,KY,3.699,38.379946,-82.632065
LOVES TRAVEL STOP #727,"I-44, EXIT 283 & US-69",Big Cabin,OK,3.4123,36.607931,-95.274736
LOVES TRAVEL STOP #752,"I-43, EXIT 25 & SR-67",Elkhorn,WI,3.2407,42.700928,-88.546209
KWIK TRIP #1026,"HWY-23/ HWY-169, EXIT 23",Milaca,MN,3.369,45.779481,-93.645266
PILOT DEALER #1235,"I-8, EXIT 42",Tacna,AZ,3.599,32.6975,-113.952778
PILOT #1143,I-20 & SR-302,Odessa,TX,3.599,31.8465,-102.3663
SPEEDWAY #7161,I-65 & US-31,Portland,TN,3.024,36.567306,-86.505923
PILOT DEALER #1234,US-93 & CR-145,Willow Beach,AZ,3.839,35.8316,-114.4441
SPEEDWAY #7236,"I-90/SR-2, EXIT 151",Avon,OH,3.659,41.446713,-82.020359
Kwik Star #1025,SR-9/SR-4,Estherville,IA,3.3323,43.401709,-94.818001
LEDGEWOOD BP,I-80/SR-46,Ledgewood,NJ,3.299,40.878028,-74.655405
LOVES TRAVEL STOP #748,"I-90, I-80 & SR-49",Edon,OH,3.8873,41.584219,-84.757002
LOVES TRAVEL STOP #745,I-94,Saint Clair,MI,3.949,42.825453,-82.513256
KWIK TRIP #1038,US-12,Prairie Du Sac,WI,3.484,43.295631,-89.745233
SPEEDWAY #3961,"I-55, EXIT 109",Williamsville,IL,3.299,39.930438,-89.534172
SPEEDWAY #6721,SR 51,Mc Kees Rocks,PA,3.899,40.471742,-80.087567
KWIK TRIP #593,"I-94, EXIT 41 & SR-25",Menomonie,WI,3.574,44.87182,-91.92651
SPEEDWAY #3715,US-30,Crest Hill,IL,3.299,41.566239,-88.116924
COMMON CENTS #125,"I-90/US-14, EXIT 61",Rapid City,SD,3.2073,44.077041,-103.200259
Exxon/One9 #1338,I-35 & CR-372,Jarrell,TX,2.8857,30.748406,-97.600833
LOVES TRAVEL STOP #753,I-90 EXIT 96 & SR-474,Missoula,MT,3.674,46.856274,-114.025207
LOVES TRAVEL STOP #773,"SR-14 & I-59/20, EXIT 40",Eutaw,AL,3.1373,32.888871,-87.930297
Kwik Star #1039,I-80 EXIT 301,Bettendorf,IA,3.649,41.550865,-90.494201
LOVES TRAVEL STOP #783,US-60 & US-63,Willow Springs,MO,3.419,36.995812,-91.940545
PILOT TRAVEL CENTER #1209,"I-20, EXIT 136 & SR-349",Midland,TX,3.5657,31.989636,-102.06261
PILOT TRAVEL CENTER #1211,US-385 & CR-1910,Andrews,TX,3.639,32.320125,-102.540926
MAVERIK COUNTRY STORE #610,I-80,Winnemucca,NV,3.389,40.966418,-117.746693
MAVERIK COUNTRY STORE #623,US-89,Gunnison,UT,3.419,39.154464,-111.816701
SPEEDWAY #7217,I-70 EXIT 49,Smithton,PA,3.9157,40.144267,-79.731277
CIRCLE K #2722291,US-1 & SR-206,Saint Augustine,FL,3.379,29.8364,-81.2745
SPEEDWAY #6465,"I-77, EXIT 101",Canton,OH,3.6073,40.827,-81.3853
LOVES TRAVEL STOP #751,"I-20, EXIT 87",Elgin,SC,3.4257,34.161963,-80.811292
LOVES TRAVEL STOP #735,I-75/SR-401,Calhoun,GA,3.279,34.496456,-84.934545
SPEEDWAY #6509,"I-74, EXIT 206",Oakwood,IL,3.199,40.116656,-87.7825
SPEEDWAY #7208,I-85 EXIT 137,Jefferson,GA,3.119,34.106197,-83.570813
SPEEDWAY #9394,SR-4 & US-25,Lexington,KY,3.129,38.017394,-84.485423
SPEEDWAY #7175,US-78 & SR-175,Memphis,TN,3.199,35.0337,-89.9343
Jet Food Store,US-278,Warrenton,GA,3.4157,33.40914,-82.63568
KWIK STAR #1027,US-65,Mason City,IA,3.264,43.149869,-93.195379
24/7 TRAVEL STORE,I-70 EXIT 275,Abilene,KS,2.994,38.937144,-97.20632
ROAD RANGER #277,"I-30, EXIT 201 & SR-8",New Boston,TX,3.0807,33.462119,-94.433882
KWIK STAR #940,US-69 & SR-9,Forest City,IA,3.449,43.269184,-93.635595
SPEEDWAY #1042,"I-55 & SR-50, EXIT 286",Cicero,IL,3.569,41.845556,-87.753889
SPEEDWAY #7179,"I-65 & SR-101, EXIT 38",Smiths Grove,KY,3.0657,37.058104,-86.193757
SPEEDWAY #8544,"I-55 & US-6, EXIT 24B",Channahon,IL,3.249,41.434664,-88.213786
KWIK TRIP #1017,US-10/SR-47,Anoka,MN,3.624,45.238537,-93.407822
JP TRAVEL PLAZA,"I-75, EXIT 205 & SR-16",Jackson,GA,3.159,33.282006,-83.978391
Shell,US-6 & SR-3,Kendallville,IN,3.499,41.448206,-85.260874
SHREES TRUCK STOP #2,I-90 EXIT 101,Thorp,WA,3.809,47.017785,-120.678557
THORNTONS #0334,I-57 EXIT 350 & SR-83,Posen,IL,3.399,41.62766,-87.687213
QUIKTRIP #224,"I-435, EXIT 57",Kansas City,MO,3.099,39.163189,-94.569882
LOVES TRAVEL STOP #744,"I-270 N, EXIT 49",Lockbourne,OH,3.4557,39.814236,-82.976369
KWIK TRIP #1049,US-212 & CR-68,Glencoe,MN,3.524,44.778001,-94.161554
LOVES TRAVEL STOP #779,I-30 EXIT 97,Malvern,AR,3.499,34.355715,-92.829162
FRIENDLY GUS STORE #24,I-16 EXIT 53 & SR-19,Dublin,GA,3.399,32.547794,-82.90368
SPEEDWAY #6781,US-422,Douglassville,PA,3.799,40.270876,-75.739673
SPEEDWAY #1127,"I-55, EXIT 267 & SR-53",Bolingbrook,IL,3.299,41.697605,-88.087315
KWIK STAR #929,I-74 EXIT 2,Bettendorf,IA,3.599,41.550865,-90.494201
BROWNVILLE IRVING,SR-11,Brownville,ME,3.9323,45.341229,-69.042331
GOLDEN GATE PETROLEUM,"I-70, EXIT 97",Silt,CO,3.459,39.541464,-107.657411
PILOT #1195,"I-90, EXIT 106",Ellensburg,WA,3.839,46.999632,-120.516274
KWIK TRIP #930,"I-35, EXIT 147 & SR-95",North Branch,MN,3.4023,45.516479,-92.937097
SPEEDWAY #3632,"I-76, EXIT 33 & SR-43",Kent,OH,3.5323,41.14492,-81.34976
CIRCLE K #4706705,SR-394,Crete,IL,3.499,41.438952,-87.602738
CORNER MARKET #101,US-83 & SR-96,Scott City,KS,3.359,38.47994,-100.899331
CIRCLE K #4705706,US-224 & SR-99,Willard,OH,3.599,41.053056,-82.726389
CIRCLE K #2704111,I-2/US-83 & CR-493,Donna,TX,3.009,26.167138,-98.052925
LOVES TRAVEL STOP #769,"I-70, EXIT 358A & US-75",Topeka,KS,3.284,39.0541,-95.6719
LOVES TRAVEL STOP #794,SR-3/SR-33,Watonga,OK,3.3757,35.853762,-98.417487
LOVES TRAVEL STOP #706,"I-81/I-64, EXIT 213",Staunton,VA,3.649,38.145104,-79.07519
LOVES TRAVEL STOP #776,"I-20, EXIT 15",Vicksburg,MS,3.549,32.325824,-90.85065
LOVES TRAVEL STOP #774,US-431/CR-248,Smiths Station,AL,3.194,32.520072,-85.100027
KWIK TRIP #1031,I-494 EXIT 20,Delano,MN,3.524,45.034222,-93.801644
QUIKTRIP #4048,"I-410, EXIT164B",San Antonio,TX,2.9657,29.468525,-98.526352
KWIK TRIP #1051,I-43 & CR-N,Green Bay,WI,3.4407,44.485313,-88.016868
PILOT #1227,I-20 EXIT 66,Pyote,TX,3.4657,31.539491,-103.139676
BARRINGTON APPLEGREEN,SR-125 & SR-9,Barrington,NH,3.899,43.2027,-71.037675
KWIK TRIP #931,SR-95,North Branch,MN,3.4273,45.516479,-92.937097
MAVERIK COUNTRY STORE #581,"I-15 N, EXIT 334 & SR-193",Clearfield,UT,3.3357,41.129388,-112.048224
WALBURG TRAVEL CENTER,"I-35, EXIT 266",Georgetown,TX,2.8323,30.633038,-97.670704
ROADYS MACH 1 #14,I-57 EXIT 94,Mount Vernon,IL,3.099,38.317014,-88.910525
MACH 1 #24,I-74 EXIT 215A & SR-1,Tilton,IL,3.199,40.096406,-87.644048
PILOT #1269,I-10 EXIT 378,San Simon,AZ,3.309,32.208167,-109.367152
GOLDEN GATE PETROLEUM,US-6,Grand Junction,CO,3.499,39.078326,-108.545692
LOVES TRAVEL STOP #757,"US-23, EXIT 25",Milan,MI,3.489,42.091373,-83.677636
INTERFUEL,I-96 EXIT 167,Springfield,VA,3.899,38.779718,-77.186582
CASEYS #3708,SR-235,New Carlisle,OH,3.259,39.930025,-84.021704
CASEYS #3852,"I-35, EXIT 33 & US-34",Creston,IA,3.349,41.062384,-94.369151
CASEYS #3238,US-52 EXIT 64 & CR-12,Oronoco,MN,3.5157,44.148861,-92.48496
GETGO #3202,I-79 EXIT 183A,Erie,PA,3.899,42.125962,-80.08601
LENNYS GAS N WASH BOURBONNAIS,US-45/US-52,Bourbonnais,IL,3.299,41.166119,-87.879023
POCO LOCO MARKET,I-35 EXIT 219,Buda,TX,2.8923,30.091758,-97.853422
Thorntons #322,"I-55, EXIT 288",Chicago,IL,3.599,41.885847,-87.618123
EZ TRIP #1226,"I-84, EXIT 104 & US-97",Wasco,OR,3.239,45.597447,-120.730356
LOVES TRAVEL STOP #784,US-30 & CR-9,Schuyler,NE,3.2823,41.459128,-97.062832
TA EXPRESS BIGGS,"I-84, EXIT 104 & US-97",Wasco,OR,3.199,45.597447,-120.730356
MAVERIK COUNTRY STORE #625,"I-215, EXIT 27 & CR-68",North Salt Lake,UT,3.4423,40.844064,-111.904116
PAC PRIDE,SR-202,Mesa,AZ,4.024,33.43174,-111.846931
ALLTOWN FRESH #769,SR-111,Ayer,MA,3.649,42.55914,-71.578763
PAC PRIDE,"I-10, EXIT 138",Phoenix,AZ,4.0365,33.451,-112.0685
PAC PRIDE,US-60,Glendale,AZ,4.024,33.531122,-112.176703
PAC PRIDE,"I-10, EXIT 151",Phoenix,AZ,4.024,33.451,-112.0685
PAC PRIDE,"I-17, EXIT 215B",Phoenix,AZ,4.024,33.451,-112.0685
PETRO STOP,US-60,Mesa,AZ,4.0157,33.43174,-111.846931
LOVES TRAVEL STOP #758,"I-255/US-50, EXIT 15",East Saint Louis,IL,3.379,38.631538,-90.138066
HOLIDAY STATIONSTORE #2746471,US-12,Hudson,WI,3.539,44.984187,-92.727062
RUTTERS #87,"I-99, EXIT 78B & SR-150",Bellefonte,PA,4.0157,40.909377,-77.7642
QUIKTRIP #4049,"I-10/US-90, EXIT 583",San Antonio,TX,2.9657,29.468525,-98.526352
RUTLAND ROUTE 7 IRVING,US-4 & US-7,Rutland,VT,3.699,43.614131,-72.970773
MAPCO #3507,US-76 & SR-71,Dalton,GA,3.119,34.7697,-84.9702
ALLSUPS CONVENIENCE STORE #2132,US-54 & US-380,Carrizozo,NM,3.2823,33.64962,-105.869617
DK #11822,I-20 EXIT 131,Midland,TX,2.8573,31.989636,-102.06261
ALLSUPS CONVENIENCE STORE #2038,US-54,Logan,NM,3.199,35.368051,-103.438339
QUIK STOP,US-79,Paris,TN,2.959,36.300519,-88.309328
PATRIOT FUELING CENTER,US-231/SR-9,Wetumpka,AL,3.199,32.54509,-86.188039
KUM & GO #0702,"I-44, EXIT 6 & SR-86",Joplin,MO,3.009,37.096858,-94.505144
CASEYS #3464,SR-48 & CR-10,Morrisonville,IL,3.759,39.415336,-89.45407
BIG APPLE TRAVEL CENTER,I-44/US-71,Joplin,MO,3.2123,37.096858,-94.505144
TA Express West Point #283,"I-85/SR-403, EXIT 2 & SR-18",West Point,GA,3.6657,32.833683,-85.119714
LOVES TRAVEL STOP #785,"I-96, EXIT 90",Grand Ledge,MI,3.949,42.752924,-84.737314
VP Racing Fuels,SR-19,Center,MO,3.1657,39.515397,-91.539842
LOVES TRAVEL STOP #799,US-72 & SR-15,Walnut,MS,3.559,34.952732,-88.905337
LOVES TRAVEL STOP #762,FM-1472,Laredo,TX,3.2557,27.515538,-99.498579
PILOT TRAVEL CENTER #1281,US-89,Page,AZ,3.999,36.896625,-111.43847
Certified Oil #400491,I-270 EXIT 52,Columbus,OH,3.2023,40.1444,-82.9789
ROAD RANGER #278,"I-40, EXIT 216 & US-49",Brinkley,AR,3.199,34.878124,-91.188596
FAST LANE #31,"I-70, EXIT 183",Jonesburg,MO,3.299,38.871658,-91.30193
SPEEDWAY #4453,SR-23,Sauk Rapids,MN,3.189,45.604032,-94.159088
SPEEDWAY #9935,I-90 EXIT 35 & SR-298,Syracuse,NY,4.099,43.0459,-76.1528
SPEEDWAY #9932,I-99 EXIT 8 & SR-417,Painted Post,NY,4.099,42.170967,-77.119375
LOVES TRAVEL STOP #790,"I-95, EXIT108",Summerton,SC,3.509,33.594578,-80.360566
LOVES TRAVEL STOP #782,"I-24 & US-41, EXIT 86",Oak Grove,KY,3.1423,36.665225,-87.425514
CASEYS #1195,US-36,Belleville,KS,3.339,39.824054,-97.629016
CASEYS #2998,US-75 & SR-23,Pipestone,MN,3.449,44.009516,-96.322762
CASEYS #3245,US-81,Freeman,SD,3.299,43.360501,-97.460073
CASEYS #3785,US-14,Fort Pierre,SD,3.399,44.342587,-100.404323
CASEYS #3855,US-81,Yankton,SD,3.139,42.882086,-97.398624
PILOT TRAVEL CENTERS #1181,IL-38 E,Rochelle,IL,3.759,41.928156,-89.071035
MAVERIK COUNTRY STORE #627,I-15 EXIT 303,Salt Lake City,UT,3.4423,40.755851,-111.896657
CASEYS #1607,US-63,Macon,MO,3.2907,39.748089,-92.462163
CASEYS #1778,SR-267/SR-111,Brighton,IL,3.239,39.036098,-90.144312
CASEYS #1941,"I-35, EXIT 90 & SR-160",Ankeny,IA,3.139,41.72755,-93.602175
CASEYS #2272,I-80/US-6 EXIT 155 & SR-117,Colfax,IA,3.099,41.678785,-93.258816
QUIKTRIP #7061,I-49 EXIT 39A,Joplin,MO,3.0223,37.096858,-94.505144
CASEYS #2602,US-36/SR-5 & SR-11,Brookfield,MO,3.249,39.784612,-93.071948
JACK FLASH,"I-70, EXIT 82 & SR 128",Altamont,IL,3.099,39.063449,-88.748092
CASEYS #3590,US-27,Geneva,IN,3.594,40.607129,-84.962074
CASEYS #3653,SR-14,Greene,IA,3.599,42.91604,-92.758324
CASEYS #3659,US-10 & SR-115,Randall,MN,3.4857,46.073361,-94.500543
CASEYS #3686,I-80 EXIT 81,Utica,IL,2.969,41.363033,-89.000795
CASEYS #3752,",",Mountain Lake,MN,3.4023,43.938998,-94.927313
CASEYS #3085,US-34 & SR-14,Aurora,NE,3.099,40.852838,-98.020107
CASEYS #3702,US-377/SR-99 & SR-9,Seminole,OK,3.0257,35.224444,-96.670278
CASEYS #3717,US-218,Vinton,IA,3.199,42.174284,-91.989154
CASEYS #3719,US-160,Ulysses,KS,3.409,37.579174,-101.348846
CASEYS #3787,"I-35, EXIT 222",Blackwell,OK,2.999,36.800574,-97.286695
CASEYS #3795,"I-43, EXIT 96",Saukville,WI,3.289,43.391265,-87.956765
CASEYS #3755,SR-7/SR-27,Russellville,AR,3.419,35.284208,-93.131476
CASEYS #3798,"I-44, EXIT 211",Drumright,OK,3.119,35.993136,-96.519789
CASEYS #3758,US-77,Douglass,KS,3.264,37.51951,-96.994848
CASEYS #3809,US-56 & SR-51,Hugoton,KS,3.3923,37.168226,-101.334614
CASEYS #3780,US-40,Tonganoxie,KS,3.159,39.102614,-95.105055
CASEYS #3811,US-69,McAlester,OK,3.2257,34.926233,-95.759168
CASEYS #3832,"I-35, EXIT 40A & US-14",Janesville,MN,3.5823,44.116778,-93.709462
CASEYS #2730,US-34 & SR-15,Seward,NE,3.369,40.906609,-97.096618
CASEYS #3841,"US-61, EXIT 5",Kieler,WI,3.489,42.581389,-90.6025
CASEYS #3854,"US-20, EXIT 275 & SR-13",Manchester,IA,3.5457,42.483418,-91.449001
CASEYS #3856,"I-51, EXIT 48 & SR-251",Tonica,IL,3.069,41.232741,-89.088993
CEFCO #103,SR-36,Temple,TX,2.9657,31.089518,-97.334264
CASEYS #3493,SR-72,Shannon,IL,3.699,42.161049,-89.748075
CASEYS #3497,SR-29,South Pekin,IL,3.619,40.494444,-89.651667
CASEYS #3527,US-169 & US-60,Nowata,OK,3.1823,36.694565,-95.640421
CASEYS #3528,SR-92,Washington,IA,3.271,41.301453,-91.698671
CASEYS #3545,US-14/CR-27,Sleepy Eye,MN,3.3323,44.282089,-94.727251
CASEYS #3554,"I-70, EXIT 52",Mulberry Grove,IL,3.489,38.931082,-89.246297
CASEYS #3575,US-36,Seneca,KS,3.159,39.839804,-96.059489
CASEYS #3079,"US-20, EXIT 71 & US-71",Early,IA,3.299,42.448258,-95.172569
CASEYS #3576,US-56,Overbrook,KS,3.1957,38.792173,-95.561632
CASEYS #3579,US-36,Smith Center,KS,3.179,39.804217,-98.784243
CASEYS #3588,"I-75 N, EXIT 69",Tipp City,OH,3.099,39.943577,-84.171501
CASEYS #3204,"I-80, EXIT 29 & I-880, EXIT 29A",Minden,IA,3.159,41.465355,-95.551887
CASEYS #3306,SR-15 & CR-47/CR-136,Saint Cloud,MN,3.249,45.552113,-94.128447
CASEYS #3465,"I-80, EXIT 285 & US-30",Gibbon,NE,3.049,40.744445,-98.85435
CIRCLE K #2723046,"I-95, EXIT 41 & SR-59/CR2252",Hope Mills,NC,2.909,34.953564,-78.935364
CIRCLE K #2705347,"I-77, EXIT 5 & SR-48",Columbia,SC,3.204,34.072613,-81.179617
CIRCLE K #2741502,"I-37, EXIT 9",Corpus Christi,TX,3.0607,27.794086,-97.402994
LOVES TRAVEL STOP #778,"I-16, EXIT 143 & US-280",Ellabell,GA,3.2957,32.127304,-81.498302
SPEEDWAY #1031,"I-480 & I-271, EXIT 26",Bedford,OH,3.649,41.392067,-81.52315
7FLEET #46080,"I-41 & US-41, EXIT 133",Neenah,WI,3.449,44.181094,-88.479201
LOVES TRAVEL STOP #788,"I-70, EXIT 175",New Florence,MO,3.1223,38.902309,-91.490861
LOVES TRAVEL STOP #791,"I-40, EXIT 126",Holladay,TN,3.1223,35.895143,-88.091183
ANEW TRAVEL CENTER,US-6/34 & CR-410,Cambridge,NE,3.364,40.280767,-100.167579
LOVES TRAVEL STOPS #119,"I-70, EXIT 160",Green River,UT,3.299,39.000243,-110.159817
CASEYS #3747,SR-103 & CR-96,Carey,OH,3.1757,40.948599,-83.383578
QUICK FUEL #3177,"I-35W, EXIT 56",Fort Worth,TX,3.0323,32.7469,-97.3268
QUICK FUEL #3176,"I-35E, EXIT 442",Carrollton,TX,3.0157,32.965736,-96.882464
QUICK FUEL #1926,"I-90, EXIT 171B & US-14",Janesville,WI,3.399,42.691542,-89.033124
FLYERS #768,"I-80, EXIT 19 & SR-659",Sparks,NV,4.0523,39.547254,-119.755588
FLYERS #766,SR-648,Sparks,NV,4.059,39.547254,-119.755588
FLYERS #764,SR-667,Reno,NV,4.0523,39.526812,-119.811275
FLYERS #759,"I-80, EXIT 19",Sparks,NV,4.0507,39.547254,-119.755588
FLYERS #761,"I-580, EXIT 5",Carson City,NV,3.699,39.150746,-119.745904
SPEEDWAY #1012,"I-65, EXIT 158 & CR-6",Hope Hull,AL,3.0523,32.224256,-86.393189
FLYERS #732,I-580 & US-50,Carson City,NV,3.699,39.150746,-119.745904
FLYERS #726,"I-80, EXIT 303",Elko,NV,3.629,40.826247,-115.724679
FLYERS #747,"I-580/US-395, EXIT 29 & SR-659",Reno,NV,4.054,39.526812,-119.811275
ESSENTIAL FUELS,US-26,Scottsbluff,NE,3.599,41.871975,-103.661914
ALLTOWN MARKETS #835,"I-95, EXIT 62",Madison,CT,4.239,41.309019,-72.615254
TA LAKE CITY #288,"I-75, EXIT 414",Lake City,FL,3.299,30.0949,-82.7117
CIRCLE T,SR-6 & SR-515,Navasota,TX,3.4323,30.387778,-96.0875
FUEL MAXX #57,SR-105 & SR-146,Liberty,TX,3.1323,30.072794,-94.763819
JIFFY MART,SR-123/SR-12,Walpole,NH,3.6857,43.076533,-72.415489
LOVES TRAVEL STOP #770,"US-41, EXIT 1A",Wadsworth,IL,3.759,42.446032,-87.904048
MAVERIK COUNTRY STORE #630,I-15 EXIT 13,Malad City,ID,3.394,42.180783,-112.262045
MAVERIK COUNTRY STORE #611,I-40 EXIT 154,Albuquerque,NM,3.194,35.0936,-106.6423
RUTTERS #81,SR-61 & SR-73,Leesport,PA,3.8973,40.415216,-75.994421
RUTTERS #79,"I-99/US-220, EXIT 28 US-22/SR-764",Duncansville,PA,4.099,40.426228,-78.43833
RUTTERS #77,US-11/US-15 & US-22,Duncannon,PA,4.294,40.408678,-77.047254
RUTTERS #41,US-422,Lebanon,PA,3.799,40.335912,-76.425895
RUTTERS #75,SR-194 & SR-550,Walkersville,MD,3.9323,39.47875,-77.34839
KWIK TRIP #1061,CR-CE & CR-HH,Combined Locks,WI,3.549,44.266581,-88.313271
LOVES TRAVEL STOP #781,"I-20, EXIT 113 & SR-83",Madison,GA,3.849,33.594681,-83.461781
HUTCHS #125,US-283,Altus,OK,2.999,34.648406,-99.320483
TRUCK WORLD,I-90 EXIT 241 & SR-7,Conneaut,OH,3.359,41.934479,-80.580257
PILOT #1299,US-287 & SR-148,Henrietta,TX,3.1257,33.819609,-98.259976
QUARLES #4908,I-64 EXIT 297,Chesapeake,VA,3.5257,36.735246,-76.23843
QUARLES #4001,I-95 EXIT 133,Fredericksburg,VA,3.759,38.299538,-77.477152
QUARLES #4002,"I-95 EXIT 130A, SR-2",Fredericksburg,VA,3.759,38.299538,-77.477152
QUARLES #4009,US-301,Waldorf,MD,3.759,38.637065,-76.877787
QUARLES #4011/SHELL,I-95 EXIT 118,Woodford,VA,2.899,38.084664,-77.439879
QUARLES #4200,US-522,Front Royal,VA,3.699,38.926783,-78.179617
QUARLES #4302,SR-801 & SR-42,Broadway,VA,3.459,38.608336,-78.787494
QUARLES #4303,"I-81 EXIT 243, US-11",Harrisonburg,VA,2.899,38.448864,-78.871438
QUARLES #4304,"I-64 EXIT 96, SR-624",Waynesboro,VA,3.799,38.077412,-78.903461
QUARLES #4306,I-81 EXIT 150A,Roanoke,VA,3.559,37.2725,-79.953
QUARLES #4307,"I-81 EXIT 137, US-11/460",Salem,VA,3.559,37.2853,-80.069185
QUARLES #4309,US-460/29,Lynchburg,VA,3.774,37.386228,-79.171464
QUARLES #4310,US-11,Roanoke,VA,3.559,37.2725,-79.953
QUARLES #4400,I-95 EXIT 166A,Lorton,VA,4.059,38.704716,-77.218004
QUARLES #4401,US-29,Fairfax,VA,4.059,38.860353,-77.264937
QUARLES #4403,"I-95 EXIT 29A, US-1",Beltsville,MD,3.899,39.034722,-76.907778
QUARLES #4404,I-95 EXIT 43A,Elkridge,MD,3.499,39.2125,-76.713889
QUARLES #4407,I-495 EXIT 11A,Upper Marlboro,MD,3.899,38.837717,-76.798028
QUARLES #4408,SR-201,Bladensburg,MD,3.699,38.945215,-76.920327
QUARLES #4409,I-95 EXIT 50B,Baltimore,MD,3.499,39.17185,-76.648287
QUARLES #4411,"I-695 EXIT 1, SR-173",Curtis Bay,MD,3.499,39.209315,-76.569147
QUARLES #4412,I-270 EXIT 8,Rockville,MD,3.759,39.0838,-77.153
QUARLES #4413,I-495 EXIT 15A,Capitol Heights,MD,3.899,38.8847,-76.9108
QUARLES #4414,I-95 EXIT 60,Baltimore,MD,3.449,39.17185,-76.648287
TA Express White Hills,US-93,Willow Beach,AZ,3.779,35.8316,-114.4441
QUARLES #4416,US-13,Salisbury,MD,3.659,38.362996,-75.592238
QUARLES #4417,I-895 EXIT 8B,Curtis Bay,MD,3.499,39.209315,-76.569147
QUARLES #4422,US-13,New Castle,DE,3.699,39.67703,-75.589938
QUARLES #4423,SR-100 EXIT 11,Glen Burnie,MD,3.699,39.1677,-76.595
QUARLES #4424,SR-5,Clinton,MD,3.899,38.754892,-76.902577
QUARLES #4425,US-50 EXIT 5,Hyattsville,MD,3.899,38.95063,-76.934652
QUARLES #4426,SR-124,Gaithersburg,MD,3.759,39.14187,-77.188993
QUARLES #4427,I-276 EXIT 351,Levittown,PA,3.8457,40.168142,-74.823138
QUARLES #4430,US-13,Sharon Hill,PA,3.869,39.903511,-75.269524
QUARLES #4431,US-22,Allentown,PA,3.989,40.602729,-75.470955
QUARLES #4434,SR-617,Springfield,VA,4.059,38.779718,-77.186582
QUARLES #4435,"I-95 EXIT 41, US-1",Jessup,MD,3.499,39.148399,-76.792239
QUARLES #4503,US-11,Martinsburg,WV,3.959,39.459959,-77.958915
QUARLES #4504,I-81 EXIT 313A,Winchester,VA,3.799,39.1581,-78.2313
QUARLES #4505,SR-65,Hagerstown,MD,3.899,39.632022,-77.737215
QUARLES #4507,US-11,Winchester,VA,3.799,39.1581,-78.2313
QUARLES #4509,I-270 EXIT 31B,Frederick,MD,3.599,39.408235,-77.400875
QUARLES #4511,I-70 EXIT 55,Frederick,MD,3.599,39.408235,-77.400875
QUARLES #4603,US-29/211,Warrenton,VA,3.799,38.7063,-77.8159
QUARLES #4605,SR-606,Sterling,VA,3.659,39.0061,-77.4288
QUARLES #4606,SR-234,Manassas,VA,3.859,38.7518,-77.4728
QUARLES #4607,SR-28,Manassas,VA,3.859,38.7518,-77.4728
QUARLES #4934,US-60,Sandston,VA,3.259,37.515658,-77.27578
QUARLES #4608,SR-657,Chantilly,VA,3.659,38.8865,-77.4393
QUARLES #4700,US-15BUS/29BUS,Culpeper,VA,3.799,38.48115,-78.00406
QUARLES #4701,US-15 BUS & US-522,Culpeper,VA,3.799,38.48115,-78.00406
QUARLES #4944,US-17,Bealeton,VA,3.759,38.569667,-77.800436
QUARLES #4703,US-29 & SR-616,Ruckersville,VA,3.699,38.233871,-78.391033
QUARLES #4946,"I-95, EXIT 130A, SR-3",Fredericksburg,VA,3.759,38.299538,-77.477152
QUARLES #4804,I-40 EXIT 211,Greensboro,NC,3.649,36.0726,-79.792
QUARLES #4805,US-1 EXIT 95,Apex,NC,3.999,35.722504,-78.840816
QUARLES #4807,I-40 EXIT 203,Kernersville,NC,3.199,36.116534,-80.083115
QUARLES #4947,SR-7,Leesburg,VA,3.659,39.0867,-77.5775
QUARLES #4810,I-540 EXIT 4A,Raleigh,NC,3.709,35.772701,-78.632439
QUARLES #4948,"I-95, EXIT 126, US-1",Fredericksburg,VA,3.759,38.299538,-77.477152
QUARLES #4811,SR-50/US-70,Garner,NC,3.599,35.681254,-78.597527
QUARLES #4949,"I-95, EXIT 136, US-1",Fredericksburg,VA,3.759,38.299538,-77.477152
QUARLES #4813,SR-133,Wilmington,NC,3.779,34.225304,-77.937856
QUARLES #4950,"I-95, EXIT 126A, US-1",Fredericksburg,VA,3.759,38.299538,-77.477152
QUARLES #4951,SR-3,Fredericksburg,VA,3.759,38.299538,-77.477152
QUARLES #4814,US-117,Wilmington,NC,3.799,34.225304,-77.937856
QUARLES #4962,"I-81, EXIT 222, US-250",Staunton,VA,2.899,38.145104,-79.07519
QUARLES #4815,"I-140, EXIT 14",Wilmington,NC,3.799,34.225304,-77.937856
QUARLES #4965,"I-295, EXIT 37A, US-360",Warsaw,VA,3.759,37.949992,-76.736517
QUARLES #4817,"US-70, EXIT 333",Selma,NC,3.799,35.556531,-78.264025
SEALSTON DELI,"I-95, EXIT 130A, SR-3",King George,VA,3.499,38.281142,-77.126023
QUARLES #4822,US-401,Raleigh,NC,3.709,35.772701,-78.632439
QUARLES #4927,SR-10 & SR-145,Chesterfield,VA,3.699,37.392327,-77.566799
QUARLES #4823,I-95,Fayetteville,NC,3.799,35.05099,-78.842255
QUARLES #4928,"I-95, EXIT 86A & SR-656",Ashland,VA,3.674,37.73948,-77.478373
QUARLES #4824,I-40 EXIT 210,Greensboro,NC,3.699,36.0726,-79.792
QUARLES #4931,US-60 & SR-603,Powhatan,VA,3.699,37.556442,-77.879761
QUARLES #4932,"I-64, EXIT 173 & SR-623",Rockville,VA,3.699,37.733729,-77.699994
QUARLES #4826,US HWY 29/70,High Point,NC,3.6657,35.959313,-80.011673
QUARLES #4933,US-60,Richmond,VA,3.699,37.453158,-77.469798
QUARLES #4935,"I-95, EXIT 64 & SR-613",Richmond,VA,3.699,37.453158,-77.469798
QUARLES #4827,I-40 EXIT 203,Kernersville,NC,3.199,36.116534,-80.083115
QUARLES #4828,I-440 EXIT 13B,Raleigh,NC,3.709,35.772701,-78.632439
QUARLES #4829,I-40 EXIT 298A,Raleigh,NC,3.599,35.772701,-78.632439
QUARLES #4830,I-540 EXIT 3,Raleigh,NC,3.719,35.772701,-78.632439
QUARLES #4938,"I-64, EXIT 159 & SR-522",Gum Spring,VA,3.699,37.818374,-77.907049
EXXON/QUARLES #4942,"I-64/33, EXIT 205 & SR-249",Quinton,VA,3.509,37.518466,-77.148607
QUARLES #4831,US-64 EXIT 470,Rocky Mount,NC,3.409,35.94265,-77.760816
QUARLES #4832,I-40 EXIT 189,Winston Salem,NC,3.5723,36.10237,-80.222798
QUARLES #4833,US-1,Youngsville,NC,3.699,36.007782,-78.441198
QUARLES #4902,US-250/33,Richmond,VA,3.699,37.453158,-77.469798
QUARLES #4909,I-664 EXIT 3,Hampton,VA,3.4257,37.0065,-76.413
QUARLES #4911,I-264 EXIT 19B,Virginia Beach,VA,3.5723,36.8527,-75.9783
QUARLES #4915,I-664 EXIT 2,Hampton,VA,3.4257,37.0065,-76.413
QUARLES #4917,I-64 EXIT 255,Newport News,VA,3.4107,37.057951,-76.460722
QUARLES #4904,I-64 EXIT 197B,Sandston,VA,3.259,37.515658,-77.27578
QUARLES #4905,I-95 EXIT 89,Ashland,VA,3.699,37.73948,-77.478373
QUARLES #4906,I-95 EXIT 73,Richmond,VA,3.699,37.453158,-77.469798
QUARLES #4910,I-95 EXIT 61B,Chester,VA,3.799,37.342934,-77.41557
QUARLES #4912,I-64 EXIT 136,Troy,VA,3.899,37.9636,-78.253494
QUARLES #4913,SR-76,Midlothian,VA,3.699,37.431027,-77.654458
QUARLES #4916,I-246 EXIT 6,Portsmouth,VA,3.4657,36.808902,-76.36714
QUARLES #4921,I-95 EXIT 83B,Richmond,VA,3.699,37.453158,-77.469798
QUARLES #4922,US-250,Charlottesville,VA,3.899,38.054752,-78.490869
QUARLES #4923,I-95 EXIT 73,Richmond,VA,3.699,37.453158,-77.469798
QUARLES #4924,US-1 & SR-688,Doswell,VA,3.699,37.841682,-77.512521
QUARLES #4925,I-95 EXIT 78,Richmond,VA,3.699,37.453158,-77.469798
QUARLES #4926,I-95 EXIT 79,Richmond,VA,3.699,37.453158,-77.469798
HAYDEN TRAVEL CENTER,"I-65, EXIT 284 & SR-160",Warrior,AL,3.129,33.852862,-86.819849
WEIGELS #80,"I-40, EXIT 435 & US-321",Newport,TN,3.1157,35.954431,-83.202749
KEYSTOPS,"I-64, EXIT 17",Louisville,KY,3.1957,38.2435,-85.7639
Global,"I-84 E, EXIT 2 & US-6 E",Danbury,CT,3.459,41.391663,-73.453165
ALLTOWN MARKETS #838,"I-95 N, EXIT 12",Darien,CT,3.8323,41.076759,-73.485254
ALLTOWN MARKETS #647,SR-3 EXIT 5,Plymouth,MA,3.959,41.910404,-70.642004
Global,"I-95, EXIT 43 & US-1",Elkridge,MD,3.099,39.2125,-76.713889
KWIK STAR #1076,US-218,Vinton,IA,3.199,42.174284,-91.989154
KWIK TRIP #489,SR-3,Northfield,MN,3.524,44.458724,-93.166826
Fast Trac 21,SR-21 & CR-50,Caldwell,TX,3.299,30.529819,-96.714292
Amoco,"I-39 & HWY 23, EXIT 54",Oglesby,IL,3.199,41.292768,-89.055341
TEX BEST #530,"I-10, EXIT 628 & SR-80",Luling,TX,3.009,29.682621,-97.649947
LOVES TRAVEL STOP #853,SR-302 & CR-313,Kermit,TX,3.2507,31.85496,-103.091269
LOVES TRAVEL STOP #804,US-34/US-67,Monmouth,IL,3.349,40.910702,-90.644828
KWIK TRIP #644,SR-57 & SR-32,New Holstein,WI,3.3907,43.944639,-88.091083
Kwik Star #1068,I-35,Story City,IA,2.959,42.183487,-93.598811
CASEYS #6445,I-355 EXIT 27 & SR-64,Lombard,IL,3.349,41.872139,-88.015988
QUIKTRIP #1469,"I-10, EXIT 248 & SR-77",Marana,AZ,3.0623,32.404749,-111.273621
MAVERIK COUNTRY STORE #416,US-50 & US-95,Fallon,NV,3.5257,39.470254,-118.786112
MAVERIK COUNTRY STORE #560,I-580 & US-50,Carson City,NV,3.589,39.150746,-119.745904
MAVERIK COUNTRY STORE #635,I-15 EXIT 57,Cedar City,UT,3.4423,37.689544,-113.074513
GOLDEN GATE PETRO,US-550,Montrose,CO,3.4357,38.46783,-107.875182
SUNOCO,US-220 EXIT 111,Lock Haven,PA,3.599,41.142497,-77.443588
TURNPIKE MARKET EXPRESS,SR-5,Newton Falls,OH,3.259,41.191047,-80.970135
SINCLAIR,I-580/US-395 EXIT 6,Carson City,NV,3.599,39.150746,-119.745904
SPEEDWAY #9336,US-27/SR-126,Cincinnati,OH,3.699,39.091293,-84.277383
LOVES TRAVEL STOP #722,"I-17, EXIT 262 & SR-69",Mayer,AZ,3.6807,34.365535,-112.129551
GILL MART CORNER STORE,US-131 & SR-216,Three Rivers,MI,3.699,41.959598,-85.637125
SHEETZ #683,I-83 EXIT 28,York,PA,3.259,39.963539,-76.726887
ROAD RANGER #279,"I-57, EXIT 45 & SR-148",Marion,IL,3.379,37.725662,-88.929447
LOVES TRAVEL STOP #793,"I-840, EXIT 67 & COUCHVILLE PIKE",Mount Juliet,TN,3.2523,36.2,-86.518611
SPEEDWAY #1044,US-72 & SR-20,Decatur,AL,3.4257,34.589599,-86.98868
LOVES TRAVEL STOP #795,US-97/US-26 & HALL RD,Madras,OR,3.689,44.637579,-121.134924
KWIK TRIP #1090,SR-19 & SR-21,New Prague,MN,3.349,44.540239,-93.580473
CIRCLE K #2706781,US-17 & SR-200,Yulee,FL,3.3423,30.631667,-81.606667
CIRCLE K #2701537,"I-77, EXIT 100 & SR-89",Mount Airy,NC,2.859,36.500739,-80.611871
CIRCLE K #2702344,US-78 & SR-39,Williston,SC,3.799,33.392608,-81.416146
MAVERIK COUNTRY STORE #637,"I-70, EXIT 56 & US-89",SALINA,UT,3.4423,38.956028,-111.881072
MAVERIK COUNTRY STORE #639,"I-40, EXIT 153",Albuquerque,NM,3.1973,35.0936,-106.6423
LOVES TRAVEL STOP #798,I-57 EXIT 212,Tuscola,IL,3.289,39.799509,-88.281585
MAVERIK COUNTRY STORE #429,US-40 & SR-121,Roosevelt,UT,3.439,40.310229,-110.010782
Circle K #2745067,"I-75, EXIT 155",Macon,GA,3.089,32.84386,-83.598686
7-ELEVEN #41219,I-385 EXIT 9,Laurens,SC,3.099,34.500714,-82.026774
KWIK TRIP #1074,SR-35,Somerset,WI,3.524,45.133064,-92.686466
LOVES TRAVEL STOP #801,I-75 EXIT 102,Cordele,GA,3.309,31.963333,-83.7825
LOVES TRAVEL STOP #803,I-57 EXIT 54B,Marion,IL,3.739,37.725662,-88.929447
Speedway #7764,SR-72 & SR-25,Dundee,IL,3.279,42.096197,-88.290202
TEXAS TRAVEL CENTER,"I-35, EXIT 277",Jarrell,TX,2.8323,30.748406,-97.600833
Kwik Star #589,US-151,Marion,IA,3.524,42.041095,-91.594135
COMMUNITY CO OPS LAKE PARK,US-10,Lake Park,MN,3.509,46.817623,-96.067047
DK,SR-375,El Paso,TX,2.699,31.758411,-106.478311
BIG INDIAN SMOKE SHOP,I-90 & US-20,Irving,NY,2.929,42.573866,-79.059634
SPRINT FOOD #701,US-78,Augusta,GA,3.2257,33.511692,-82.099505
FIESTA MART #42,US-75,Tulsa,OK,3.1657,36.05566,-96.060229
Sunoco,SR-49,Greenville,OH,3.599,40.098726,-84.634189
THORNTONS #318,SR-59 & SR-38,West Chicago,IL,3.649,41.888558,-88.202168
HALF SUN TRAVEL PLAZA,"I-90, EXIT 176",Moses Lake,WA,3.569,47.137363,-119.289149
KARDES,US-151,Monticello,IA,3.399,42.232591,-91.198901
CEFCO #2076,US-60 & SR-207,Panhandle,TX,2.9457,35.380841,-101.43037
BREAK TIME #3163,US-63 & CR-M,Moberly,MO,3.4623,39.420239,-92.435793
BP,US-63 & SR-137,Eddyville,IA,3.379,41.153266,-92.622052
HOBO PANTRY #29,US-84/SR-12 & SR-95,Gordon,AL,3.659,31.10019,-85.123412
GAS N WASH,US-30 & SR-394,Chicago Heights,IL,3.499,41.506202,-87.613209
THORNTONS #329,"I-55, EXIT 267 & SR-53",Romeoville,IL,3.309,41.6475,-88.089444
DANDY MINI MART #74,US-6 & SR-187,Wysox,PA,3.999,41.782621,-76.383397
THORNTONS #336,"I-57, EXIT 335 & SR-50",Monee,IL,3.349,41.419133,-87.77484
FOOD N FUEL,"I-55, EXIT 244 & SR-53",Elwood,IL,3.499,41.426018,-88.08642
365 Food and Fuel,"I-35W/US-287, EXIT 54A & SR-183",Fort Worth,TX,2.9757,32.7469,-97.3268
FAT DOGS NORTH PLATTE SOUTH,"I-80, EXIT 177 & US-83",North Platte,NE,3.074,41.132595,-100.774631
SPINX #364,"I-26, EXIT 194",Summerville,SC,3.399,33.028045,-80.173852
SHEPHERD 700,US-64 & CR-450,Alva,OK,3.219,36.801564,-98.672162
SECURITY OIL,"I-135, EXIT 10B & SR-96",Wichita,KS,3.299,37.6898,-97.3415
SPARKYS ONE STOP,"US-20, EXIT 96 & SR-4",Rockwell City,IA,3.2157,42.396126,-94.629219
Stuckeyâ€™s Travel Center West,"I-10, EXIT 819 & FM-1663",Anahuac,TX,2.8073,29.780987,-94.554819
KWIK TRIP #1067,"SR-13, BETWEEN FAIRWAY & TRINITY DR",Phillips,WI,3.3157,45.697463,-90.404131
KWIK TRIP #1121,"I-94 & SR-26, EXIT 267",Watertown,WI,3.289,43.194722,-88.728889
MAPCO #5167,"I-59, EXIT 21B & SR-35",Fort Payne,AL,3.479,34.436792,-85.712394
BERKSHIRE ENERGY,"I-91, EXIT 8 & SR-80",New Haven,CT,3.549,41.308,-72.9286
PLATEU TRAVEL PLAZA,"I-95, EXIT 39A & US-1",Madras,OR,3.359,44.637579,-121.134924
SHEETZ #672,"I-95, EXIT 11B & SR-606",Woodford,VA,2.899,38.084664,-77.439879
FASTBREAK #6,US-50/US-151 & US-41,Vincennes,IN,4.039,38.67344,-87.509806
CEFCO #101,US-59 & SR-49,Jefferson,TX,2.899,32.779863,-94.371217
AM-PM TRUCK STOP,"I-520/SR-415, EXIT 9 & SR-56",Augusta,GA,3.359,33.511692,-82.099505
THORNTONS #0331,"I-35/US-51, EXIT 3 & CR-9",Roscoe,IL,3.419,42.421659,-88.99433
PARKER'S #69 (DISCOUNT AVAILABLE),"I-95/SR-405, EXIT 102 & US-80",Pooler,GA,3.1223,32.114931,-81.251958
GAS PRO TRAVEL CENTER,US-25 & SR-56,Waynesboro,GA,3.799,33.101254,-81.990797
HAT CREEK TRAVEL,"I-10/US-70, EXIT 82A & US-180",Deming,NM,2.919,32.231808,-107.746559
ONE9 XPRESS FUEL #1264,"I-10, EXIT 203",Eloy,AZ,3.139,32.750929,-111.583275
LOVES TRAVEL STOP #761,"I-10, EXIT 343 & US-301",Jacksonville,FL,3.849,30.3163,-81.4175
QUIKTRIP #1177,I-77 & US-21,Blythewood,SC,3.0757,34.191112,-80.975756
QUIKTRIP #4044,"I-10, EXIT 609",Seguin,TX,2.9457,29.561316,-97.962801
Queens Market,"I-85, EXIT 41 & SR-2480",Charlotte,NC,3.499,35.2269,-80.8433
7-ELEVEN #38816,"I-85, EXIT 66 & US-29",Spartanburg,SC,3.3057,34.935211,-81.965377
CEFCO #104,US-259 & SR-315,Mount Enterprise,TX,2.959,31.9125,-94.623505
AMIGOS TRAVEL CENTER,"I-35, EXIT 85 & FM-117",Dilley,TX,3.399,28.678201,-99.174684
ALLSUPS CONVENIENCE STORE #2376,US-54/US-285 & US-60,Vaughn,NM,3.499,34.624074,-105.192558
CIRCLE K #2706788,"I-795, EXIT 22 & US-70, EXIT 356",Goldsboro,NC,3.3923,35.382585,-78.015813
LUMMI BAY MARKET,"I-5, EXIT 260",Bellingham,WA,3.759,48.748957,-122.488676
GAS N WASH,SR-47 & CR-9,Yorkville,IL,3.599,41.638725,-88.443794
BP,"I-94, EXIT 267 & SR-26, EXIT 30",Jefferson,WI,3.209,43.000557,-88.807765
CASEYS #3901,"I-55, EXIT 178 & CR-23",Lexington,IL,3.339,40.635685,-88.806203
LOVES TRAVEL STOP #775,US-20 & SR-2,Rockford,IL,3.229,42.292233,-89.116118
CASEYS #3904,SR-141,Manning,IA,3.209,41.907248,-95.055622
CASEYS #3675,US-12 & US-75,Ortonville,MN,3.379,45.329621,-96.45965
CASEYS #3905,I-74/US-421 EXIT 113,Shelbyville,IN,3.599,39.50434,-85.787515
CASEYS #2968,US-34,Eagle,NE,3.239,40.816909,-96.428965
CASEYS #3910,US-177 & SR-33,Perkins,OK,3.0157,35.97684,-97.044059
CASEYS #1892,US-65,Sheffield,IA,3.1523,42.877881,-93.215583
KOUNTRY KORNER,SR-20,Mount Pleasant,MI,3.619,43.6025,-84.7752
LOVES TRAVEL STOP #812,"I-84, EXIT 141",Bliss,ID,3.7857,42.944859,-114.910387
LOVES TRAVEL STOP #880,US-50 & SR-130,Olney,IL,3.189,38.733389,-88.080936
LOVES TRAVEL STOPS #841,"US-24, EXIT 41",Napoleon,OH,3.689,41.390969,-84.143271
KWIK TRIP #1083,SR-35,Osceola,WI,3.499,45.321757,-92.697108
KWIK TRIP #489,CR-3,DUNDAS,MN,3.499,44.395537,-93.20369
KWIK TRIP #1124,"SR-16, EXIT 184",Sussex,WI,3.3773,43.144059,-88.227064
CIRCLE K #2707533,"SR-570, EXIT 3 & SR-572",Lakeland,FL,3.5323,28.038134,-81.939153
CIRCLE K #4706316,"I-96, EXIT 46  & SR-6, EXIT 15",Caledonia,MI,3.639,42.796395,-85.562167
CIRCLE K #2720931,"I-95, EXIT 107 & US-301",Kenly,NC,3.149,35.607742,-78.138227
CIRCLE K #4705694,US-20 & CR-245,Norwalk,OH,3.614,41.240314,-82.60785
DANDY MINI MART #68,"I-86/SR-17, EXIT 51A & CR-64",Elmira,NY,3.899,42.100769,-76.811977
DANDY MINI MART #59,SR-287,Middlebury Center,PA,3.999,41.891706,-77.314764
PALMETTO EXPRESS #115,"I-26, EXIT 125 & US-176",Gaston,SC,3.199,33.833712,-81.117395
MAVERIK COUNTRY STORE #616,US-50,Montrose,CO,3.3957,38.46783,-107.875182
LOVES TRAVEL STOP #768,"I-55, EXIT 247",Channahon,IL,3.349,41.434664,-88.213786
LOVES TRAVEL STOP #797,"I-80, EXIT 176",Winnemucca,NV,3.744,40.966418,-117.746693
LOVES TRAVEL STOP #879,"I-69 EXIT,286 & US-24 & SR-9",Huntington,IN,3.5007,40.881128,-85.505438
LOVES TRAVEL STOP #849,"I-94, EXIT 292 & CR-21",Valley City,ND,3.969,46.92681,-98.003316
TEXSTAR TRAVEL CENTER,I-35 EXIT 302,Temple,TX,2.9123,31.089518,-97.334264
ZIPPY JS #18,CR-577 & CR-80,Brenham,TX,3.199,30.17736,-96.402769
ENMARKET #828,"I-95/SR-405, EXIT 102 & US-80",Pooler,GA,3.0823,32.114931,-81.251958
QUIKTRIP #1710,US-23/SR-365,Gainesville,GA,3.3457,34.307269,-83.825596
COMO TRAVEL CENTER,"I-55, EXIT 257 & SR-310",Como,MS,3.079,34.513728,-89.915508
7-ELEVEN #41332,"I-26, EXIT 76 & SR-219",Newberry,SC,3.3323,34.284661,-81.615741
7-ELEVEN #38637,"I-85, EXIT 72 & I-585/US-176",Spartanburg,SC,3.1157,34.935211,-81.965377
SHEETZ #698,"I-78/US-22, EXIT 45 & SR-863",Kutztown,PA,3.329,40.521354,-75.777395
7-ELEVEN #36837,US-29 & SR-904,Anderson,SC,3.089,34.526051,-82.630436
KWIK TRIP #1041,SR-11 & CR-H,Sturtevant,WI,3.794,42.69673,-87.903082
QUIKTRIP #1722,"I-75, EXIT 153",Macon,GA,3.089,32.84386,-83.598686
QUIKTRIP #1198,"I-20, EXIT 55",Lexington,SC,3.129,33.981389,-81.236389
LOVES TRAVEL STOPS #888,"I-80/US-30, EXIT 85 & SR-374",Green River,WY,3.589,41.51959,-109.471445
MAVERIK COUNTRY STORE #631,I-80/5600 WEST,Salt Lake City,UT,3.459,40.755851,-111.896657
ASAP GENERAL STORE #308,US-60 & SR-123,Bartlesville,OK,3.191,36.743956,-95.992091
ASAP GENERAL STORE #104,"I-40, EXIT 84 & US-54",Weatherford,OK,3.1323,35.535046,-98.699603
ASAP GENERAL STORE #301,"I-40, EXIT 108 & US-281/SR-8",Geary,OK,3.1323,35.621709,-98.390529
ASAP GENERAL STORE #302,SR-33 & SR 54,Thomas,OK,3.1323,35.738165,-98.738842
ASAP GENERAL STORE #304,US-60/SR-51 & US-283,Arnett,OK,3.2323,36.120524,-99.73266
LOVES TRAVEL STOP #844,"I-90, EXIT 233 & SR-74",Saint Charles,MN,3.569,43.958481,-92.051738
LOVES TRAVEL STOP #814,"I-22, EXIT 14 & CR-35",Hamilton,AL,3.5557,34.153413,-88.008521
LOVES TRAVEL STOP #730,"I-80, EXIT 440 & SR-50",Omaha,NE,3.2807,41.261,-95.9376
PRIDE TRAVEL CENTER,I-91 EXIT 33,Hartford,CT,3.509,41.7636,-72.6855
QUIKTRIP #1181,"I-26, EXIT 154B & US-301",Orangeburg,SC,3.2357,33.502545,-80.859282
JACKSONS FOOD STORES #138,US-95/SR-339 & SR-208,Yerington,NV,3.679,38.986567,-119.159558
GAS N WASH,"I-80, EXIT 148B & SR-43",Tinley Park,IL,3.499,41.5963,-87.8434
RACEWAY #6789,US-301 & SR-150,Richmond,VA,3.429,37.453158,-77.469798
RACETRAC #2529,"I-75, EXIT 285 & SR-52",San Antonio,FL,3.3157,28.337139,-82.288237
RACETRAC #2515,I-820 & BUS-287,Fort Worth,TX,2.8773,32.7469,-97.3268
KUM & GO #0138,US-67,Jacksonville,AR,3.099,34.881985,-92.130435
KUM & GO #0426,BUS-71,Springdale,AR,3.149,36.183521,-94.176216
KUM & GO #0429,US-62,Rogers,AR,3.009,36.336316,-94.114784
MAVERIK #5317,"I-76, EXIT 22",Brighton,CO,3.234,39.980553,-104.810278
MAVERIK #5319,SR-392 & SR-257,Windsor,CO,3.159,40.483663,-104.899442
Maverik Country Store #5337,"I-35, EXIT 102 & SR-210",Huxley,IA,3.0923,41.899434,-93.602381
KUM & GO #0185,US-65,Bondurant,IA,3.095,41.70166,-93.452689
KUM & GO #1435,US-65,Fair Grove,MO,3.1557,37.372143,-93.142824
KUM & GO #1568,"I-44, EXIT 156",Waynesville,MO,3.099,37.817515,-92.198944
LOVES TRAVEL STOP #786,I-435 EXIT 55,Kansas City,MO,3.389,39.163189,-94.569882
SCOOBA JUNCTION,US-45 & SR-16,Scooba,MS,3.2157,32.840197,-88.488272
TEX BEST #529,SR-16 & SR-1604,Von Ormy,TX,3.049,29.274979,-98.667741
SHELL,"I-80, EXIT 279 & SR-10",Gibbon,NE,3.299,40.744445,-98.85435
THE PRIDE OF PALATINE,"I-90, EXIT 65 & SR-62",Palatine,IL,3.399,42.1258,-88.0764
THE PRIDE OF LAKE COUNTY,US-12 & SR-53,Lake Zurich,IL,3.349,42.196721,-88.070299
GATEWAY TRAVEL CENTER,US-16 & US-85,Newcastle,WY,3.324,43.851098,-104.226205
Fuel America Travel Center #2,"I-35, EXIT 32",Encinal,TX,3.049,28.051329,-99.340902
CHEVRON #352305,I-610 & SR-47,Chalmette,LA,3.139,29.946611,-89.961137
CASEYS #3926,"I-29, EXIT 84 & SR-118",Mound City,MO,3.1573,40.136238,-95.213837
LOVES TRAVEL STOP #764,I-24 EXIT 117,Hillsboro,TN,3.3257,35.369933,-85.972422
WEIGLES #58,"I-40, Exit 356A & SR-58",Kingston,TN,3.169,35.852807,-84.497054
LAST STOP TRAVEL CENTER,US-93,Willow Beach,AZ,3.4957,35.8316,-114.4441
MAVERIK COUNTRY STORE #644,"I-84/I-15, EXIT 344 & SR-39",Ogden,UT,3.3723,41.2443,-112.0072
MAVERIK COUNTRY STORE #651,"I-15, EXIT 67 & US-30",Pocatello,ID,3.4023,42.887592,-112.438142
TOOT N TOTUM #99,I-40 EXIT 75,Amarillo,TX,3.0457,35.203238,-101.842052
LOVES TRAVEL STOP #848,"I-59, Exit 104",Sandersville,MS,3.1623,31.786389,-89.032222
RACETRAC #2560,"I-4, EXIT-55",Davenport,FL,3.289,28.22,-81.6205
RACETRAC #2589,"I-20, EXIT 185",Oxford,AL,2.999,33.596829,-85.83347
NAVAJO BLUE TRAVEL CENTER,I-40 EXIT 219,Flagstaff,AZ,3.609,35.185911,-111.661979
RUTTERS #91,US-30 & SR-772,Gap,PA,4.199,40.002018,-75.997801
QUIKTRIP #1178,"I-26, EXIT 54 & SR-72",Clinton,SC,3.099,34.470692,-81.87717
QUIKTRIP #4066,"I-35, EXIT 122 & SR-173",Devine,TX,2.9657,29.152078,-98.908994
Fuel N Treat,"I-70/US-40, EXIT 84 & CR-J",Nelson,MO,3.284,39.010447,-93.031102
SIGNAL FOOD STORE #120,US-60,Seymour,MO,3.0257,37.166726,-92.785659
FARMERS UNION SOUTHERN VALLEY,US-75 & SR-210,Wahpeton,ND,3.499,46.2651,-96.6133
LOVES TRAVEL STOP #846,I-10 EXIT 10,Irvington,AL,3.1657,30.480241,-88.239563
LOVES TRAVEL STOP #881,US HWY 224 & OH 225,Diamond,OH,3.4523,41.093473,-81.0425
Una Travel Center,I-94 EXIT 228,Roseville,MI,3.899,42.503423,-82.93868
LOVES TRAVEL STOP #892,"I-70, EXIT 118 & SR-310",Etna,OH,3.4607,39.957222,-82.681944
Loves Travel Stop # 660,"I-25, Exit 49",Walsenburg,CO,4.249,37.638159,-104.804301
MAVERIK COUNTRY STORE #649,I-25/US-85 EXIT 220 & SR-500,Albuquerque,NM,3.2057,35.0936,-106.6423
U SAVE FOOD STORES 1,SR-39/SR-55,Richwood,WV,3.599,38.222988,-80.544481
LOVES TRAVEL STOP #787,"I-81, EXIT 30 & SR-70",Mosheim,TN,3.5557,36.183883,-82.967399
LOVES TRAVEL STOP #878,"US-131/SR-43, EXIT 44",Kalamazoo,MI,3.589,42.273565,-85.545653
MAVERIK COUNTRY STORE #650,SR 85 & W 900 S,West Jordan,UT,3.4323,40.625429,-111.967662
Maverik Country Store #652,I-84 & SR 79,Jerome,ID,3.394,42.71784,-114.501244
QUIKTRIP #7904,I-20 EXIT 285,Abilene,TX,2.8757,32.468155,-99.718208
MAVERIK COUNTRY STORE #672,SR-69,Dewey,AZ,3.219,34.536753,-112.256665
ALLSUPS CONVENIENCE STORE #2272,US-67/US-84,Bangs,TX,2.9323,31.768388,-99.107657
Circle K #2706617,I-4 EXIT 28,Lakeland,FL,3.2507,28.038134,-81.939153
CIRCLE K #2706619,I-75 EXIT 354,Ocala,FL,3.4573,29.1981,-82.0974
Kwik Trip #1506,SR-26,Fort Atkinson,WI,3.5773,42.922902,-88.846689
Pride (One9 Fuel Network) #1213,"I-40, Exit 25",Yucca,AZ,3.559,34.872222,-114.148611
QuikTrip #4128,SR-71,Bastrop,TX,2.9657,30.13883,-97.292101
QUIKTRIP #7135,US-17,Hardeeville,SC,2.999,32.263512,-81.066865
Loves Travel Stop #889,"I-22, Exit 30",Holly Springs,MS,3.3157,34.7687,-89.4483
Shrees Truck Stop Seattle,SR-509,Seattle,WA,3.799,47.611435,-122.330456
RACETRAC #2323,I-75 EXIT 128,Fort Myers,FL,3.299,26.620403,-81.8725
RACETRAC #482,I-310 EXIT 2A,Saint Rose,LA,3.1257,29.958074,-90.312432
SHEETZ #700,"I-270, EXIT 49 & SR-317",Groveport,OH,3.059,39.858137,-82.887219
7-ELEVEN #38835,I-75 EXIT 139,Fort Myers,FL,3.599,26.620403,-81.8725
LOVES TRAVEL STOP #808,"US-19/SR-3, EXIT 3 & US-82",Albany,GA,3.789,31.567783,-84.161923
HUCKS FOOD & FUEL #351,"I-57, Exit 116",Salem,IL,3.099,38.626421,-88.948077
MOUNTAINEER MART #33,US-33/119,Buckhannon,WV,3.899,38.98407,-80.217824
QUIKTRIP #1923,"I-45, EXIT 229",Corsicana,TX,2.849,32.0322,-96.3483
QUIKTRIP #7903,"I-35, EXIT 331",Waco,TX,2.9557,31.552452,-97.139608
SPEEDWAY #1407,"I-94, EXIT 145",Jackson,MI,3.549,42.254522,-84.387476
Atlanta IL Visitors Center,I-55 EXIT 140,Atlanta,IL,3.399,40.258624,-89.230021
KWIK STAR #1107,I-380 EXIT 18,Cedar Rapids,IA,3.574,41.9743,-91.655382
KWIK TRIP #1132,SR-21,Omro,WI,3.3773,44.035678,-88.751933
AMIGO'S COUNTRY STORE,"I-35, EXIT 122 & SR-173",Devine,TX,3.099,29.152078,-98.908994
Speedway #1221,"I-24/69, EXIT 27 & US-62",Calvert City,KY,3.449,37.014741,-88.381115
QUIKTRIP #7145,"I-40, EXIT 239A",Lebanon,TN,2.9157,36.209792,-86.302367
SUGAR CROSSING CONVENIENCE,US-33 & CR-63,Lancaster,OH,3.3823,39.718697,-82.603074
CIRCLE K #2722120,US-441/27,Summerfield,FL,3.5257,28.9958,-82.0214
CIRCLE K #708,"I-85, EXIT 64 & US-29",Opelika,AL,3.2657,32.627771,-85.358629
LOVES TRAVEL STOP  #821,"US-70, Exit W Main St",Durant,OK,3.489,34.00609,-96.384705
Loves Travel Stop  #806,I-20 Exit 124,Monroe,LA,3.1673,32.528551,-92.106104
KWIK TRIP #1062,SR-33,West Bend,WI,3.5557,43.425278,-88.183333
KWIK TRIP #1084,SR-97,Marshfield,WI,3.4757,44.6688,-90.1716
LOVES TRAVEL STOP  #800,SR-83,Elk Grove Village,IL,3.379,42.005613,-88.012775
LOVES TRAVEL STOP #868,"I-95, EXIT 223",Mims,FL,3.689,28.697383,-80.866278
TA EXPRESS EDGERTON #284,I-35 EXIT 205,Edgerton,KS,3.699,38.781084,-95.009377
Kwik Star #1119,US-18,Emmetsburg,IA,3.449,43.108249,-94.682545
KWIK TRIP #1101,US-141,Crivitz,WI,3.304,45.254053,-88.061265
MAVERIK COUNTRY STORE #517,SR-114 & E MILL RD,Orem,UT,3.4407,40.313407,-111.695293
7-ELEVEN #38992,"I-85/US-29, EXIT 40 & I-185, EXIT 12",Piedmont,SC,3.499,34.724433,-82.470216
QUIKTRIP #7223,"I-20, EXIT 23 & SR-782-2",Bossier City,LA,2.8923,32.544924,-93.703826
CIRCLE K #4705730,"I-480 & SR-82, EXIT 36",Twinsburg,OH,3.989,41.328851,-81.455912
MAVERIK COUNTRY STORE #668,"I-80, EXIT 313",Laramie,WY,3.2457,41.312907,-105.581146
IRVING,US-1,Norwood,MA,3.694,42.186843,-71.203313
SPEEDWAY #1439,I-20 Exit 100,Mc Calla,AL,2.9023,33.284546,-87.102379
JORDAN MINI MART,SR- 31 & CR-59,Jordan,NY,3.799,43.065141,-76.45978
KWIK TRIP #1106,SR-13 & SR-64,Medford,WI,3.4223,45.151185,-90.350306
ALLSUPS CONVENIENCE STORE #2308,SR-128 & SR-18,Jal,NM,3.129,32.112816,-103.199724
ALLSUPS CONVENIENCE STORE #2105,"I-20, EXIT 332 & US-183",Cisco,TX,2.929,32.380043,-98.986507
ALLSUPS CONVENIENCE STORE #2278,SR-302 & SR-18,Kermit,TX,3.089,31.85496,-103.091269
ALLSUPS CONVENIENCE STORE #2367,"I-27/US-87, EXIT 49B & US-70",Plainview,TX,2.909,34.196194,-101.725896
ALLSUPS CONVENIENCE STORE #2180,US-84 & US-180,Snyder,TX,2.9857,32.715105,-100.907485
ALLSUPS CONVENIENCE STORE #2229,US-377 & SR-108,Stephenville,TX,3.159,32.221372,-98.222407
KWIK TRIP #755,US-18,Fennimore,WI,3.424,42.988558,-90.655009
CASEYS #3934,"I-35, EXIT 89 & CO-R6F",Ankeny,IA,3.099,41.72755,-93.602175
KWIK TRIP #180,US-14/SR-68,New Ulm,MN,3.349,44.304378,-94.464421
QUIKTRIP #7147,"I-40, EXIT 172 & SR-46",Dickson,TN,2.9157,36.076014,-87.399532
CASEYS #3505,US-212,Stewart,MN,3.369,44.725928,-94.451572
ALLSUPS CONVENIENCE STORE #2014,US-377/US-67,Dublin,TX,3.159,32.090873,-98.345469
ALLSUPS CONVENIENCE STORE #2061,US-84 & US-380,Post,TX,2.944,33.201695,-101.39216
ALLSUPS CONVENIENCE STORE #2084,US-377 & CR-234,Brownwood,TX,2.949,31.704658,-98.975164
ALLSUPS CONVENIENCE STORE #2094,US-277 & US-83,Abilene,TX,2.889,32.468155,-99.718208
ALLSUPS CONVENIENCE STORE #2128,"I-20, EXIT 301 & CR-276",Clyde,TX,2.889,32.380289,-99.518445
ALLSUPS CONVENIENCE STORE #2142,US-62/US-180,Hobbs,NM,3.3823,32.72217,-103.137246
ALLSUPS CONVENIENCE STORE #2204,SR-115 & CR-201,Wink,TX,3.089,31.752673,-103.156084
ALLSUPS CONVENIENCE STORE #2206,US-385 & SR-176,Andrews,TX,3.3923,32.320125,-102.540926
ALLSUPS CONVENIENCE STORE #2207,US-377/US-67 & SR-36,Comanche,TX,3.159,31.911637,-98.608227
ALLSUPS CONVENIENCE STORE #2223,US-285 & SR-357,Artesia,NM,3.399,32.838355,-104.407401
ALLSUPS CONVENIENCE STORE #2246,US-84 & SR-268,Melrose,NM,3.8123,34.44787,-103.632507
ALLSUPS CONVENIENCE STORE #2247,US-377 & SR-16,Comanche,TX,3.1623,31.911637,-98.608227
ALLSUPS CONVENIENCE STORE #2249,US-377 & US-281,Stephenville,TX,3.159,32.221372,-98.222407
ALLSUPS CONVENIENCE STORE #2266,I-20 & US-285,Pecos,TX,3.379,31.414384,-103.508129
ALLSUPS CONVENIENCE STORE #2279,SR-115 & SR-18,Kermit,TX,3.089,31.85496,-103.091269
ALLSUPS CONVENIENCE STORE #2285,US-285 & US-62,Carlsbad,NM,3.194,32.411867,-104.239539
ALLSUPS CONVENIENCE STORE #2350,"I-20, EXIT 285 & US-83",Abilene,TX,2.8757,32.468155,-99.718208
ALLSUPS CONVENIENCE STORE #2353,US-76/US-277,San Angelo,TX,3.1957,31.478165,-100.481752
ALLSUPS CONVENIENCE STORE #2358,US-277/US-87,Wall,TX,3.2057,31.369445,-100.322132
ALLSUPS CONVENIENCE STORE #2359,US-377/US-67 & CR-498,Stephenville,TX,3.159,32.221372,-98.222407
ALLSUPS CONVENIENCE STORE #2360,FM-988 & FM-8,Stephenville,TX,3.159,32.221372,-98.222407
QUICK FUEL #3188,I-75,Sidney,OH,3.3323,40.287357,-84.162223
COLES BP,SR 49,Brownsville,WI,3.099,43.610934,-88.509729
AMOCO,SR 31,Kenosha,WI,3.719,42.605228,-87.829945
ROAD RANGER #280,"I-20, EXIT 79 & SR-464",Monahans,TX,3.459,31.581294,-102.900273
Kwik Star #1071,I-280 E and US-61 N,Davenport,IA,3.324,41.5218,-90.5743
MR GAS TRAVEL CENTER #21,I-84 EXIT 59A,Boise,ID,3.6957,43.6136,-116.2025
MAVERIK COUNTRY STORE #645,"I-40, Exit 16",Gallup,NM,3.159,35.506475,-108.741352
BREAK TIME #3167,US-65 & HWY-HH,Sedalia,MO,3.294,38.696076,-93.232268
Simonson Station,US-71 & SR-34,Park Rapids,MN,3.599,46.937682,-95.038299
7-ELEVEN #41127,SR-29,Labelle,FL,3.559,26.732093,-81.434027
7-ELEVEN #38485,I-76 Exit 25,Brighton,CO,3.599,39.980553,-104.810278
QUIKTRIP #1410,"I-10, EXIT 136B & SR-202, EXIT 78A",Phoenix,AZ,3.369,33.451,-112.0685
QUIKTRIP #7211,"I-30/US-67/US-70, EXIT 128",Little Rock,AR,3.049,34.748342,-92.281939
KWIK TRIP #1112,US-63 & SR-77,Hayward,WI,3.639,46.001404,-91.397659
KWIK TRIP #346,US-151 BUS & CR-G/CR-D,Beaver Dam,WI,3.1957,43.461574,-88.840681
Caseys #3940,I-69 & SR 4,Ashley,IN,3.5973,41.534651,-85.050385
CASEYS #3944,I-29 & CR-106,Tea,SD,3.199,43.471114,-96.817734
CASEYS #3907,I-675 & SR-235,Fairborn,OH,3.679,39.805311,-84.019789
CASEYS #3952,SR-1 & SR-9,Hoopeston,IL,3.189,40.463873,-87.666229
CASEYS #3954,"I-80, Exit 168",Newton,IA,3.249,41.699173,-93.045456
CASEYS #3850,US HWY 77,Wahoo,NE,3.174,41.211723,-96.621946
SPEEDWAY #1590,"I-95, EXIT 193",Dillon,SC,3.1257,34.414553,-79.377015
SPEEDWAY #7269,I-270 EXIT 6B,Granite City,IL,3.379,38.721572,-90.115822
QUIKTRIP #7210,I-40 EXIT 142,North Little Rock,AR,3.049,34.766974,-92.265376
Loves Travel Stop #834,SR 17 & SR 1,Grant Park,IL,3.329,41.247677,-87.647992
CASEYS #3303,HWY 15 AND HWY 55,Kimball,MN,3.199,45.343584,-94.302837
QUIKTRIP #955,"I-35W, EXIT 26A & US-67",Alvarado,TX,2.9757,32.439499,-97.212971
KWIK TRIP #340,US-18 & SR-23,Dodgeville,WI,3.489,42.969779,-90.140433
RACEWAY #6971,US-82/SR-520,Leesburg,GA,3.109,31.681161,-84.159263
KWIK STAR #1089,SR 415,Polk City,IA,3.159,41.754905,-93.689346
Loves Travel Stop  #809,"I-70 & MO Hwy D, Exit 31",Bates City,MO,3.2207,39.021887,-94.07984
KWIK TRIP #1169,"I-694, EXIT 52B & SR-36",Saint Paul,MN,3.5157,44.902691,-93.096435
FIREBIRD FUEL #6196,US-60 & SR-303,Surprise,AZ,3.383,33.630028,-112.33143
Flyers #3200,"I-17, Exit 215B",Phoenix,AZ,3.3523,33.451,-112.0685
FLYERS #3201,"US-60, Exit 157",Phoenix,AZ,3.369,33.451,-112.0685
FLYERS #3203,"I-10, Exit 139",Phoenix,AZ,3.319,33.451,-112.0685
FLYERS #3204,SR 202,Phoenix,AZ,3.3523,33.451,-112.0685
Flyers #3205,"I-17, Exit 195B",Phoenix,AZ,3.3823,33.451,-112.0685
Flyers #3213,"US-60, Exit 181",Mesa,AZ,3.3523,33.43174,-111.846931
Flyers #3214,"I-10, Exit 161C",Chandler,AZ,3.3523,33.330091,-111.863156
FLYERS #3215,SR 87,Chandler,AZ,3.3523,33.330091,-111.863156
Flyers #3216,"US 60, Exit 194",Apache Junction,AZ,3.4223,33.3277,-111.3259
FLYERS #3225,"I-10, Exit 255",Tucson,AZ,3.359,32.213873,-110.969445
Flyers #3227,"I-10, Exit 263A",Tucson,AZ,3.3557,32.213873,-110.969445
Quick Fuel #3228,"I-10, Exit 264",Tucson,AZ,3.3623,32.213873,-110.969445
FLYERS #3236,"SR 601, Exit 22",El Paso,TX,3.229,31.758411,-106.478311
KWIK TRIP #1140,SR-69/SR-92 & HWY-CC,Belleville,WI,3.604,42.866906,-89.53773
QUIKTRIP #1432,SR 202 EXIT 76,Phoenix,AZ,3.369,33.451,-112.0685
QUIKTRIP #7144,US-31W,Goodlettsville,TN,2.9157,36.323056,-86.713333
Kwik Star #1146,US HWY 151,Cedar Rapids,IA,3.624,41.9743,-91.655382
KWIK STAR #1154,"SR 18 & SR 60, Exit 34",Sheldon,IA,3.199,43.180797,-95.840141
QUIKTRIP #1036,I-85 Exit 40,Charlotte,NC,3.304,35.2269,-80.8433
GOOD 2 GO #213,I-90 EXIT 58 & US-16,Buffalo,WY,3.525,44.34847,-106.70726
GOOD 2 GO #121,I-15 EXIT 113,Idaho Falls,ID,3.479,43.517679,-111.990626
LOVES TRAVEL STOP #893,US-80 & SR-307,Savannah,GA,3.289,32.067631,-81.102394
LOVES TRAVEL STOP #802,I-10 EXIT 26,Milton,FL,3.339,30.660413,-87.047278
MAVERIK COUNTRY STORE #667,"I-90, EXIT 289 & SR-27",Spokane,WA,3.969,47.666485,-117.436527
MAVERIK COUNTRY STORE #678,US-191,Vernal,UT,3.4423,40.440613,-109.546883
RACETRAC #2597,"I-65, EXIT 91 & US-31W",Elizabethtown,KY,2.919,37.706973,-85.858977
LOVES TRAVEL STOP #810,US-33 & SR-540,Bellefontaine,OH,3.3523,40.360472,-83.757076
One9 #1318,"I-44, Exit 88",Strafford,MO,2.9857,37.279718,-93.10663
SPEEDWAY #1051,I-90 & I-94 Exit 69,Mauston,WI,3.299,43.793383,-90.064085
SPEEDWAY #4221,I-80 Exit 292,Davenport,IA,3.749,41.5218,-90.5743
KWIK TRIP #612,SR-116,Winneconne,WI,3.5323,44.118704,-88.721384
MAVERIK COUNTRY STORE #628,I-15 & CR-215,Las Vegas,NV,3.3557,36.172082,-115.122366
MAVERIK COUNTRY STORE #664,I-25 EXIT 203,Los Lunas,NM,3.2023,34.780607,-106.711537
ALLSUPS CONVENIENCE STORE #2016,SR-214 & SR-114,Morton,TX,3.399,33.715718,-102.779619
ALLSUPS CONVENIENCE STORE #2025,US-285,Roswell,NM,3.2857,33.388504,-104.525857
ALLSUPS CONVENIENCE STORE #2036,SR-18,Hobbs,NM,3.399,32.72217,-103.137246
ALLSUPS CONVENIENCE STORE #2043,US-62,Idalou,TX,2.9657,33.650376,-101.678579
ALLSUPS CONVENIENCE STORE #2058,"I-40, Exit 332 & SR-209",Tucumcari,NM,3.355,35.168003,-103.717935
ALLSUPS CONVENIENCE STORE #2075,US-70 & SR-6,Crowell,TX,3.199,33.991208,-99.698345
ALLSUPS CONVENIENCE STORE #2082,SR-70,Spur,TX,3.199,33.479016,-100.857116
ALLSUPS CONVENIENCE STORE #2101,SR-136,Fritch,TX,3.149,35.644121,-101.584482
ALLSUPS CONVENIENCE STORE #2111,US-87 &,Texline,TX,2.9657,36.374034,-102.984516
ALLSUPS CONVENIENCE STORE #2138,CR-61,Hobbs,NM,3.3823,32.72217,-103.137246
ALLSUPS CONVENIENCE STORE #2146,SR-18,Hobbs,NM,3.2123,32.72217,-103.137246
ALLSUPS CONVENIENCE STORE #2153,US-277,Haskell,TX,3.539,33.157993,-99.730923
ALLSUPS CONVENIENCE STORE #2173,US-20,Sweetwater,TX,2.8457,32.472589,-100.397908
ALLSUPS CONVENIENCE STORE #2185,US-380 & 9TH ST,Aspermont,TX,3.3657,33.130059,-100.234372
ALLSUPS CONVENIENCE STORE #2192,SR-86 & SR-207,Silverton,TX,3.159,34.464089,-101.316899
ALLSUPS CONVENIENCE STORE #2212,SR-6,Stamford,TX,3.129,32.945323,-99.78593
ALLSUPS CONVENIENCE STORE #2227,SR-114,Morton,TX,3.399,33.715718,-102.779619
ALLSUPS CONVENIENCE STORE #2267,"I-20, EXIT 42 & CR-761",Pecos,TX,3.379,31.414384,-103.508129
ALLSUPS CONVENIENCE STORE #2269,SR-524 & CR-658,Carlsbad,NM,3.249,32.411867,-104.239539
ALLSUPS CONVENIENCE STORE #2276,HWY 84 & CR-466,Hermleigh,TX,2.9723,32.629441,-100.754714
ALLSUPS CONVENIENCE STORE #2378,US-BUS 287 & SR-25,Electra,TX,2.999,34.036234,-98.91545
PILOT #1292,US-290 & SR-21,Paige,TX,3.499,30.185799,-97.119771
KWIK TRIP #493,US HWY 12,Whitewater,WI,3.499,42.827174,-88.742864
KWIK TRIP #1141,SR 54,Luxemburg,WI,3.4823,44.550612,-87.715606
RACEWAY #6970,SR-1 & Coker Rd,Rome,GA,3.199,34.250726,-85.146501
RACETRAC #118,I-575 & SR-15,Jasper,GA,3.309,34.461965,-84.475881
Loves Travel Stop #836,US-87,Dalhart,TX,3.4357,36.073183,-102.517658
Loves Travel Stop #843,"I-29, Exit 187",Drayton,ND,3.5657,48.578569,-97.199222
LOVES TRAVEL STOP #789,"I-15, Exit 277",Great Falls,MT,3.7723,47.509812,-111.273397
CIRCLE K #2745064,"I-75/SR-401, EXIT 101 & US-280/SR-30",Cordele,GA,2.999,31.963333,-83.7825
Circle K #2709088,US-521 & SR-9,Lancaster,SC,3.299,34.749006,-80.761576
HUCKS FOOD & FUEL #338,US-50/US-150 & US-41 BUS,Vincennes,IN,3.959,38.67344,-87.509806
LOVES TRAVEL STOPS #835,"I-15, EXIT 163 & SR-99",Fillmore,UT,3.599,38.980539,-112.331321
LOVES TRAVEL STOP #816,"I-90, EXIT 284",Kimball,SD,3.5707,43.712881,-98.934305
LOVES TRAVEL STOP #818,"I-20, EXIT 205 & SR-46",Heflin,AL,3.2073,33.611515,-85.588471
SPEEDWAY #1520,"I-55, EXIT 58 & SR-80",Matthews,MO,3.189,36.807528,-89.576833
LOVES TRAVEL STOP #839,"I-64, EXIT 92",Leavenworth,IN,3.949,38.194244,-86.359862
NEW TRAVEL PLAZA,I-20 EXIT 86,Ruston,LA,3.0657,32.530823,-92.643927
SPEEDWAY/7FLEET #7008,"I-90, EXIT 48A & SR-77",Corfu,NY,3.889,42.977734,-78.392906
SPEEDWAY #1212,"I-65, EXIT 99 & US-31",Greenwood,IN,3.5973,39.622398,-86.148993
SPEEDWAY/7fleet #1052,US-30 & SR-57,Orrville,OH,3.499,40.845836,-81.774109
KWIK TRIP #1143,US HWY 45,Antigo,WI,3.5073,45.131362,-89.141871
KWIK TRIP #1130,US HWY 151/18,Mount Horeb,WI,3.589,43.002022,-89.741448
KWIK TRIP #1114,SR-35,Holmen,WI,3.3307,43.976125,-91.2497
ROAD RANGER #281,I-20 EXIT 332,Cisco,TX,3.1407,32.380043,-98.986507
LOVES TRAVEL STOP #093,US-80 & US-400/US-50,Garden City,KS,3.729,37.97693,-100.862088
MAVERIK COUNTRY STORE #378,"I-84/I-15, EXIT 346 & SR-126",Ogden,UT,3.379,41.2443,-112.0072
KWIK TRIP #1029,I-43 & SR-20,East Troy,WI,3.174,42.803531,-88.409215
KWIK STAR #1165,SR-60,Sibley,IA,3.224,43.406929,-95.7424
MAPLEFIELDS IRVING,I-91 & US-2,Saint Johnsbury,VT,3.599,44.427195,-72.005062
RACETRAC #2601,"I-64, Exit 58",Frankfort,KY,2.919,38.192831,-84.88061
RACETRAC #2592,US HWY 29,Athens,GA,3.3123,33.976097,-83.363174
RACETRAC #2603,Country Road 527,Orlando,FL,3.299,28.498821,-80.58248
LOVES TRAVEL STOP #817,SR-136,Santa Teresa,NM,3.2623,31.848,-106.6346
LOVES TRAVEL STOP #824,"I-64 & SR-37, Exit 80",Mount Vernon,IL,3.349,38.317014,-88.910525
LOVES TRAVEL STOP #833,"I-90, EXIT 61 & US-20",Ripley,NY,3.879,42.248175,-79.712103
7-ELEVEN #41905,I-85 & CR-2120,Salisbury,NC,3.749,35.651498,-80.488945
SPEEDWAY/7Fleet #9305,SR-18 & SR-1,Forrest City,AR,3.174,35.009129,-90.788572
SPEEDWAY #1506,US-231 & SR-271,Montgomery,AL,3.0423,32.3743,-86.3118
KWIK TRIP #1104,SR-35/65 & SR-29,River Falls,WI,3.4057,44.85501,-92.631275
KWIK TRIP #1065,US-12 & SR-89,Whitewater,WI,3.424,42.827174,-88.742864
Y NOT STOP BARBER SPUR,SR-10 & SR-13,Ville Platte,LA,3.499,30.692376,-92.27371
QUIKTRIP #7170,I-59 EXIT 77,Cottondale,AL,2.9157,33.176667,-87.387051
Loves Travel Stop #813,"I-77, Exit 112",North Canton,OH,3.6273,40.889919,-81.413464
LOVES TRAVEL STOP #796,"I-40, EXIT 432B & U-25W/US-411/US-70",Newport,TN,3.689,35.954431,-83.202749
LOVES TRAVEL STOP #820,"I-90, EXIT 41 & SR-414",Waterloo,NY,4.149,42.904515,-76.875498
D & C FUEL EAST,US-6/SR-92,Tunkhannock,PA,3.699,41.550687,-75.941043
GOOD 2 GO #218,I-90 EXIT 25 & US-14,Sheridan,WY,3.4423,44.78486,-106.964795
Kwik Trip #1161,US-BUS 53,Eau Claire,WI,3.4073,44.783972,-91.487686
BERT'S TRAVEL PLAZA,SR-33,Wellsville,KS,3.3157,38.713676,-95.091573
GOLDEN GATE - YERINGTON,SR-339 & US-95 ALT,Yerington,NV,3.7157,38.986567,-119.159558
GOLDEN GATE BATTLE MOUNTAIN,"I-80, EXIT 233",Battle Mountain,NV,3.339,40.621985,-116.955439
PILOT TRAVEL CENTERS  #1106,"I-25/US-85, EXIT 215 & SR-47",Albuquerque,NM,3.5657,35.0936,-106.6423
CIRCLE K #2706625,US-85,Eaton,CO,3.399,40.527272,-104.714559
THE SOCO GROUP #4,SR-111,El Centro,CA,4.839,32.789332,-115.566508
Kwik Trip #307,SR-35/US-18,Prairie Du Chien,WI,3.599,43.042649,-91.119305
KWIK TRIP #1167,"HWY 29, EXIT 108",Thorp,WI,3.4523,44.957319,-90.802861
MUSKOGEE TRAVEL PLAZA,US-69,Muskogee,OK,3.0157,35.730661,-95.375491
ALLSUPS #2384,US-60,Friona,TX,2.994,34.640298,-102.719139
ALLSUPS CONVENIENCE STORE #2228,US-83 & CR-613,Tuscola,TX,2.9173,32.234955,-99.82439
CIRCLE K #2709675,"I-25, EXIT 41 & SR-543/SR-26",Hatch,NM,3.799,32.658335,-107.159028
ABBOTTS TRAVEL CENTER,I-35 EXIT 359,Abbott,TX,3.0657,31.891642,-97.067146
PILOT #1317,I-90 EXIT 28,Fultonville,NY,3.999,42.903601,-74.359765
Kwik Star #1081,SR-9,Decorah,IA,3.579,43.322711,-91.793947
GRAB N GO,SR-200 & SR-22,Killdeer,ND,3.549,47.410898,-102.776242
CIRCLE K #2741253,"SR 375, Exit 39",El Paso,TX,3.1957,31.758411,-106.478311
Mankato Travel Center,US HWY 14 & SR 22,Mankato,MN,3.499,44.153809,-93.996044
PRIDE CONVENIENCE STORE,"I-91, EXIT 40 & SR-20",East Granby,CT,3.649,41.932215,-72.745889
QUIKTRIP #294,I-35,Gardner,KS,2.999,38.80754,-94.915675
STEELE 66 TRUCK PLAZA,Hwy O & CR-425,Steele,MO,3.399,36.091528,-89.834585
RACETRAC #2587,I-75 & US-98,Brooksville,FL,3.299,28.565805,-82.373674
7-ELEVEN #41525,US-460 & SR-630,Disputanta,VA,2.999,37.148268,-77.273172
RACETRAC #2588,I-4 & US-301,Tampa,FL,3.299,28.0879,-82.4593
RACETRAC #2594,US-441,Dublin,GA,2.999,32.547794,-82.90368
Racetrac #2308,SR-161,Irving,TX,2.9357,32.842,-96.9719
RACETRAC #2429,SR-161,Irving,TX,2.9007,32.842,-96.9719
TOOT N TOTUM #130,US-87 & Dorsey Rd,Clayton,NM,3.199,36.441378,-103.188823
RACETRAC #2595,I-65 EXIT 284,Alabaster,AL,2.999,33.236868,-86.812861
KWIK TRIP #1138,SR 28,Sheboygan,WI,3.2423,43.740981,-87.724667
MAVERIK COUNTRY STORE #676,"I-15/I-84, EXIT 376 & SR-13",Tremonton,UT,3.444,41.701564,-112.181293
LOVES TRAVEL STOP #847,US-601 & SR-207,Pageland,SC,3.3857,34.772193,-80.396615
CIRCLE K #2706993,SR 27 N,Lake Wales,FL,3.799,27.903734,-81.548805
ALLTOWN FRESH,US-9 & SR-23,Livingston,NY,3.659,42.141944,-73.778333
TA SPRINGER,I-25 EXIT 419,Springer,NM,3.529,36.37672,-104.592705
THE WOODSHED,US-59 & SR-10,Welch,OK,3.099,36.902022,-95.129455
BP,US-20 & SR13,Middlebury,IN,3.799,41.675415,-85.711443
Hucks Market #100,US-36,Hannibal,MO,3.1323,39.70636,-91.38387
ALLSUPS #2379,US-70/US-380,Tinnie,NM,3.359,33.337308,-105.202681
Allsups #2380,US-84,Sudan,TX,3.199,34.069661,-102.525525
Allsups #2381,SR-199,Azle,TX,2.919,32.8925,-97.536667
TA EXPRESS #290,"I-45, EXIT 198 & FM-27",Fairfield,TX,3.439,31.736136,-96.157176
Circle K #2723479,"I-40, EXIT 306B & US-70",Garner,NC,3.369,35.681254,-78.597527
FLYERS #3223,US-70/191,Safford,AZ,3.8623,32.829491,-109.626641
MAVERIK COUNTRY STORE #669,"I-80, Exit 113 & SR-172",Salt Lake City,UT,3.4457,40.755851,-111.896657
Allsups Convenience Store #2377,US-70 & US-54,Alamogordo,NM,3.0623,32.893186,-105.948544
Allsups #2396,HWY 62 82 179,Wolfforth,TX,2.9157,33.530381,-102.026101
Loves Travel Stop #827,"I-90, Exit 174",Moses Lake,WA,3.889,47.137363,-119.289149
Loves Travel Stop #842,"I-194, eXIT 164",Saint Cloud,MN,3.2907,45.552113,-94.128447
QUIKTRIP #73,"US-75, US 62",Henryetta,OK,3.0257,35.454476,-95.976187
FRIENDLY GUS #25,US-80 & SR-338,Dudley,GA,3.8323,32.525879,-83.089918
RACEWAY #6898,"I-95, EXIT 373 & HWY A1A",Yulee,FL,3.2707,30.631667,-81.606667
7-ELEVEN #41808,"I-85, EXIT 106 & US-29",Blacksburg,SC,3.359,35.115047,-81.508004
HUTCHS #128,US-62 & US-281/SR-8,Anadarko,OK,2.999,35.072808,-98.24291
ALLSUPS CONVENIENCE STORE #2382,"I-20, EXIT 366 & US-281",Mineral Wells,TX,2.9457,32.810283,-98.063051
CIRCLE K #2709087,US-98/US-19,Chiefland,FL,3.5823,29.483243,-82.880896
Loves Travel Stop #837,"I-35, Exit 52",Cameron,MO,3.689,39.730892,-94.243723
7-ELEVEN # 41365,"I-840/I-785, EXIT 18 & US-70",Greensboro,NC,3.199,36.0726,-79.792
TOOT N TOTUM #127,"I-27, Exit 49B",Plainview,TX,2.8957,34.196194,-101.725896
Circle K #2706628,SR-193 & SR-163,Theodore,AL,3.3923,30.544374,-88.180748
Circle K #2706637,US-43,Grove Hill,AL,3.719,31.675502,-87.763571
MAVERIK COUNTRY STORE #681,"I-80, Exit 410",West Wendover,NV,3.3857,40.735,-114.075278
MAVERIK COUNTRY STORE #679,US-160/285 & SR-17,Alamosa,CO,3.349,37.470274,-105.878602
QUIKTRIP #1730,I-75 EXIT 185,Forsyth,GA,3.089,33.050764,-83.936209
QUIKTRIP #7171,I-65 EXIT 231,Calera,AL,2.999,33.1098,-86.755987
KWIK TRIP #1139,SR-95 & SR-65,Cambridge,MN,3.399,45.557591,-93.288935
CIRCLE K #2701524,"US-52, Exit 134 & SR-268",Pilot Mountain,NC,3.429,36.41094,-80.492065
RACEWAY #6891,SR-20 & SR-67,Decatur,AL,3.099,34.589599,-86.98868
Loves Travel Stop #819,SR-21 & SR-275,Rincon,GA,3.3307,32.235632,-81.287777
76,"US HWY 278, US HWY 45",Tupelo,MS,3.149,34.253834,-88.720853
Racetrac #2610,US-231,Murfreesboro,TN,3.049,35.7913,-86.357
RACETRAC #2580,US-41 & SR-268,Murfreesboro,TN,3.0323,35.7913,-86.357
HORSESHOE #4,SR-114,Smyer,TX,2.959,33.584167,-102.162778
QUIKTRIP #4032,"I-35, EXIT 176",Schertz,TX,2.9157,29.568159,-98.272214
PAR MAR FOOD STORE #13,"I-77, EXIT 1 & SR-7",Hannibal,OH,3.899,39.667222,-80.872222
RACETRAC #2544,SR-81 & SR-316,Bethlehem,GA,3.3123,33.926116,-83.728227
76,I-17,Phoenix,AZ,3.2323,33.451,-112.0685
MAVERIK COUNTRY STORE #398,HWY 89 & LAKE POWELL BLVD,Page,AZ,3.4557,36.896625,-111.43847
Pilot #1319,I-35 Exit 30,Alvarado,TX,3.2057,32.439499,-97.212971
CHISUM TRAVEL CENTER #38,I-20 EXIT 210,Colorado City,TX,2.9257,32.398736,-100.860948
SPEEDWAY #6542,"I-10, Exit 192",Midway,FL,3.599,30.495278,-84.454444
QUIKTRIP #667,I-44 Exit 189,Rolla,MO,2.9823,37.948527,-91.760348
QUIKTRIP #7149,I-24 Exit 8,Clarksville,TN,2.9157,36.522014,-87.348997
Allsups Convenience Store #2385,US-183 & US-180,Breckenridge,TX,3.3073,32.753166,-98.909882
ALLSUPS CONVENIENCE STORE #2405,SR-208 & SR-158,Robert Lee,TX,3.2657,31.895091,-100.510366
QUIKTRIP #4151,"I-35, Exit 220",Buda,TX,2.9157,30.091758,-97.853422
CIRCLE K #4705575,SR-261,Akron,OH,3.769,41.044852,-81.520048
MAVERIK COUNTRY STORE #701,US-160,Durango,CO,3.299,37.287388,-107.861684
LOVES TRAVEL STOP  #851,"I-39/US-51, EXIT 111 & SR-72",Monroe Center,IL,3.749,42.10501,-89.016946
79 ONE STOP,SR-62 & SR-37,Saint Croix,IN,3.499,38.239773,-86.603511
CASEYS #3268,US-59 & SR-119,Appleton,MN,3.4457,45.20543,-95.994872
CASEYS #2855,US HWY 63,Cabool,MO,3.259,37.131366,-92.114409
Loves Travel Stop #646,"I-84, Exit 71",Willington,CT,4.359,41.873996,-72.272774
Loves Travel Stop #822,"I-40,  Exit 57 & S Crawford St",Clarksville,AR,3.3923,35.490763,-93.491056
PUMP & PANTRY #33,SR-22/39,Genoa,NE,3.289,41.446776,-97.764011
Allsups #2388,I-27 & SR-217,Canyon,TX,2.9007,34.977222,-101.924705
RUTTERS #95,SR-9,Martinsburg,WV,3.999,39.459959,-77.958915
Circle K#2746513,SR-13/SIOUX TRL,Savage,MN,3.799,44.761547,-93.343445
7-Eleven #38986,"I-75, EXIT 301 & US-98",Brooksville,FL,3.399,28.565805,-82.373674
7-ELEVEN #41572,I-77 & US-70,Statesville,NC,2.859,35.8381,-80.8842
7-ELEVEN #41573,US-67,Glen Rose,TX,3.589,32.229762,-97.762911
7-ELEVEN #41792,"I-85, EXIT 27",Anderson,SC,2.959,34.526051,-82.630436
Kwik Trip #1177,SR-65,Cambridge,MN,3.424,45.557591,-93.288935
CIRCLE K #4702409,US-52,Lafayette,IN,3.1573,40.417743,-86.888358
TOOT N TOTUM #22,FM 1541 & FM 1151,Amarillo,TX,2.9673,35.203238,-101.842052
Alexs Shelby Truck Stop,US HWY 278 & SR 32,Shelby,MS,3.199,33.949058,-90.762461
WASPYS TRUCK STOP,US-71,Audubon,IA,3.3157,41.730032,-94.916412
Gas N Wash,"SR 83, SR 50, I-294",Alsip,IL,3.299,41.6723,-87.7339
GAS N WASH,US HWY 6,Joliet,IL,3.799,41.527154,-88.08241
ON THE ROAD 110,US-59,Diboll,TX,3.199,31.195028,-94.772911
Allsups #2391,I-20 Exit 269,Merkel,TX,2.8757,32.444371,-99.992443
ALLSUPS #2386,I-20 EXIT 216,Colorado City,TX,2.9423,32.398736,-100.860948
KWIK TRIP #1151,"I-90, EXIT 183 & CR-BT",Beloit,WI,3.374,42.522871,-89.039897
KWIK TRIP #1108,"I-41/US-45, EXIT 52 & SR-164",Colgate,WI,3.2473,43.199767,-88.240614
ALLSUPS #2399,US-287 & SR-207,Claude,TX,2.929,35.096715,-101.381271
GXP #200,"I-85/SR-403, EXIT 140 & SR-82",Jefferson,GA,3.239,34.106197,-83.570813
J&H Family Store,"I-96, Exit 19",Coopersville,MI,3.499,43.06013,-85.951722
KWIK TRIP #1126,US-14/US-61,La Crosse,WI,3.384,43.798938,-91.217494
SUPER SAVE #10,I-220 EXIT 1A,Shreveport,LA,3.199,32.503743,-93.748696
LOVES TRAVEL STOP #829,I-80 EXIT 81,Brookville,PA,4.019,41.159986,-79.064101
Kwik Star #1142,hwy 6,Iowa City,IA,3.134,41.654899,-91.511192
KWIK TRIP #597,"I-94, EXIT 344 & SR-31",Kenosha,WI,3.744,42.605228,-87.829945
ARCO,US-19/US-98/US-27Alt & CR-30A,Perry,FL,3.699,30.097489,-83.585021
CIRCLE K #2746510,SR 32,De Pere,WI,3.349,44.438779,-88.080613
SHOP AND SAVE,US-220 & CR-734,Ridgeway,VA,3.909,36.5874,-79.86859
QUIKTRIP #962,"I-30, Exit 61A",Garland,TX,2.8973,32.922744,-96.624804
STRIPES #41980,"I-37, EXIT 11A",Corpus Christi,TX,3.199,27.794086,-97.402994
QUIKTRIP #1176,I-77Exit 2,West Columbia,SC,3.309,33.995024,-81.088836
QUARLES #4437,US HWY 30,Lancaster,PA,3.999,40.075381,-76.319888
QUARLES #4936,I-95 Exit 69,Richmond,VA,3.699,37.453158,-77.469798
MAPCO EXPRESS #7553,SR 153 EXIT 2,Chattanooga,TN,2.994,35.0455,-85.3081
KWIK STAR #1180,SR-141,Perry,IA,3.0607,41.839695,-94.102167
MAVERIK COUNTRY STORE #693,"I-70, Exit 160 & hwy 191",Green River,UT,3.2823,39.000243,-110.159817
Pilot Dealer #1383,"I-555, Exit 39",Jonesboro,AR,3.439,35.833016,-90.696526
RACETRAC #2576,SR-997 & SR-994,Miami,FL,3.2873,25.779,-80.1982
Allsups Convenience Store #2401,US-87,San Angelo,TX,3.1957,31.478165,-100.481752
Allsups #2404,US-62,Carlsbad,NM,3.194,32.411867,-104.239539
Kwik Trip #1199,US-14,Darien,WI,3.199,42.6435,-88.714217
KWIK STAR #1158,US-30,Ames,IA,3.174,42.029859,-93.639398
LOVES TRAVEL STOP #832,"I-35, EXIT 129",Forest Lake,MN,3.3623,45.268499,-92.974894
HUCKS FOOD & FUEL #314,US-50/150,Washington,IN,3.4623,38.653568,-87.170656
MAVERIK #5392,FM-16,Keenesburg,CO,3.154,40.095847,-104.446366
ALLSUPS CONVENIENCE #2398,SR-70,Pampa,TX,3.079,35.538043,-100.957885
ALLSUPS CONVENIENCE #2403,US-180,Mineral Wells,TX,3.0057,32.810283,-98.063051
Allsups Convenience Store #2406,US-67,Rankin,TX,3.499,31.2225,-101.9375
Kwik Trip #1152,US HWY 169,Saint Peter,MN,3.724,44.335107,-93.981061
Loves Travel Stop #811,US-395,Pasco,WA,4.589,46.249183,-119.104387
Racetrac #2312,US-41/SR-92,Acworth,GA,3.209,34.065833,-84.676944
RACETRAC #2605,"I-295, EXIT 25",Jacksonville,FL,3.249,30.3163,-81.4175
KWIK TRIP #1196,"US-151, EXIT 21",Platteville,WI,3.514,42.73932,-90.485406
TA EXPRESS #418,"I-16/SR-404, EXIT 116 & US-301/25",Register,GA,3.2857,32.338235,-81.872828
SPRINT FOODS #735,US-78/US-1 & SR-19,Aiken,SC,3.1723,33.553024,-81.719429
SPRINT FOOD STORE #733,"I-20, EXIT 183 & US-221",Harlem,GA,3.599,33.417007,-82.309659
DUCK THRU FOOD STORE #60,US HWY 64,Spring Hope,NC,3.469,35.930193,-78.1085
ONVO TRAVEL PLAZA,"I-81, Exit 155",Mountain Top,PA,3.5873,41.134975,-75.937642
BREAK TIME #3170,SR-13 & HWY-T,Bolivar,MO,3.374,37.608502,-93.412631
Kwik Trip #1137,US-8,Saint Croix Falls,WI,3.524,45.413215,-92.638371
KWIK STAR #710,US-30 EXIT-202,Toledo,IA,3.399,42.007696,-92.566206
CASEYS #4292,1020 5TH ST,Carrollton,IL,3.239,39.300937,-90.409211
Caseys #3950,US-270 & US-54,Liberal,KS,3.319,37.043789,-100.92857
QUIKTRIP #7172,"I-85/US-29, EXIT 58 & SR-169",Opelika,AL,2.999,32.627771,-85.358629
TCI PHOENIX,"I-10, EXIT 138 & US-202, EXIT 76",Phoenix,AZ,2.9223,33.451,-112.0685
7-ELEVEN #41750,I-4 & SR-33,Lakeland,FL,3.289,28.038134,-81.939153
7-ELEVEN #41266,I-81 & SR-924,Hazleton,PA,3.839,40.962107,-75.978193
SHEETZ #751,I-76 EXIT 91,Donegal,PA,3.259,40.099613,-79.381043
PUMP & PANTRY #55,US-159 & US-73,Falls City,NE,3.239,40.074193,-95.593148
KWIK TRIP #1147,US-71 & SR-60,Windom,MN,3.349,43.879022,-95.151531
QUARLES #4602,"SR-267, EXIT 8B & SR-606",Sterling,VA,3.659,39.0061,-77.4288
KWIK TRIP #1174,US-51 & US-2,Ironwood,MI,3.139,46.463793,-90.158844
CIRCLE  K #2654290,I-85 EXIT 13,Lagrange,GA,3.899,33.034025,-85.039511
KWIK STAR #1186,"I-80/US-6, EXIT 142 & US-65",Altoona,IA,3.199,41.647549,-93.472415
Space Age #202,"I-5, EXIT 52",Castle Rock,WA,3.659,46.278291,-122.9139
Stuckeys Travel Plaza,"I-44, EXIT 179",Newburg,MO,2.9723,37.900778,-91.880683
Love's Travel Stop #869,US HWY 75,Le Mars,IA,3.4557,42.79623,-96.170386
ALLSUPS #2407,I-10 EXIT 259,Fort Stockton,TX,3.029,30.890785,-102.879942
KENT KWIK #321,I-20 EXIT 143,Midland,TX,2.9407,31.989636,-102.06261
GAS N WASH,I-88 EXIT 114,Montgomery,IL,3.599,41.717742,-88.331965
RACETRAC #2583,I-24E,La Vergne,TN,2.899,36.012714,-86.559969
RACETRAC #2600,SR-70,Okeechobee,FL,3.299,27.311532,-80.847853
KWIK TRIP #1270,SR-172,Green Bay,WI,3.2907,44.485313,-88.016868
WEIGELS #100,SR 153,Chattanooga,TN,3.0157,35.0455,-85.3081
7-ELEVEN #41826,SR-722 & SR-283,Lancaster,PA,4.129,40.075381,-76.319888
KWIK TRIP #1198,I-43 & Hwy AA,Oostburg,WI,3.2423,43.622939,-87.796955
Kweik Star #1156,SR-150 & SR-3,Oelwein,IA,3.5823,42.681095,-91.913084
TEX-BEST #531,US-90,Uvalde,TX,2.874,29.217238,-99.793074
MAVERIK COUNTRY STORE #688,I-15 EXIT 339,Ogden,UT,3.3857,41.2443,-112.0072
MAVERIK COUNTRY STORE #694,I-15 EXIT 222,Nephi,UT,3.4057,39.692275,-111.8359
KWIK TRIP #1128,US-12,Altoona,WI,3.3323,44.802142,-91.43825
TA EXPRESS RIVERTON #433,I-72 EXIT 108,Riverton,IL,3.409,39.855239,-89.541908
DK,SR 176,Lenorah,TX,3.5323,32.439157,-101.761137
MARKER 126,US HWY 20,Duncombe,IA,3.059,42.449303,-94.059212
QuikTrip #4052,US 181 S,San Antonio,TX,2.9223,29.468525,-98.526352
KWIK TRIP #1183,US-2,Bessemer,MI,3.139,46.480188,-90.051544
KWIK TRIP #1188,US-12,Cokato,MN,3.474,45.074761,-94.191054
KWIK TRIP #1209,SR-42,Sturgeon Bay,WI,3.5823,44.84384,-87.375311
KWIK TRIP #1043,US-53/SR-194,Duluth,MN,3.499,47.094431,-91.846731
One9 #1330,"I-40/US-63, EXIT 216 & US-49",Brinkley,AR,3.199,34.878124,-91.188596
Loves Travel Stop #865,"I-35, Exit 186",Perry,OK,3.389,36.287468,-97.284175
SHEETZ #753,SR 3,Seville,OH,3.0823,41.022731,-81.856199
Circle K #2706636,US HWY 43,Jackson,AL,3.899,31.513098,-87.867192
CUZZS TRAVEL DEPOT,US 43 N,Thomasville,AL,3.599,31.906728,-87.759842
DUCK THRU FOOD STORE #59,US 13 EXIT 119,Greenville,NC,3.499,35.6594,-77.3974
RUTTERS #86,"US-15, EXIT 17 & SR-26",Frederick,MD,3.899,39.408235,-77.400875
RUTTERS #24,SR-74 & SR-2069,Brogue,PA,4.099,39.883044,-76.488236
RUTTERS #92,US-222 & SR-737,Kutztown,PA,3.699,40.521354,-75.777395
NEON MARKETPLACE,"SR-79, EXIT 10",Fall River,MA,3.949,41.718221,-71.139991
Quick Fuel #3193,US-69,Kansas City,KS,3.3457,39.115733,-94.627139
HD EXPRESS MART,US 20,Clyde,OH,3.379,41.302397,-82.991849
ALLSUPS #2424,US 180,Millsap,TX,2.984,32.670019,-97.878386
CLIFTON SUPER STOP,"I-16, EXIT 104",Metter,GA,3.249,32.401034,-82.060722
TOOT N TOTUM #128,I-40 EXIT 57,Amarillo,TX,3.089,35.203238,-101.842052
CEDAR GROVE OASIS,"I-43, Exit 113",Cedar Grove,WI,3.239,43.575076,-87.840108
PWI #164,I-35/US-77 & FM-3115,Abbott,TX,2.8923,31.891642,-97.067146
KWIK TRIP #1164,US-63,Spooner,WI,3.599,45.850468,-91.91555
Landmark Travel Center,I-20 EXIT 301,Clyde,TX,2.9007,32.380289,-99.518445
EXXON DBA Pilot #1289,US 75 EXIT 72,Denison,TX,3.239,33.745009,-96.549574
BYRNE DAIRY #136,I-90 Exit 37,Liverpool,NY,3.659,43.109925,-76.186999
GO TIME #7,"I-75, EXIT 29",Corbin,KY,2.999,36.934429,-84.10208
QUIKTRIP #1196,"I-20, EXIT 11 & SR-144",Graniteville,SC,3.159,33.563016,-81.814686
QUIKTRIP #7224,"I-20, EXIT 112",West Monroe,LA,2.8923,32.531726,-92.175971
ALLSUPS #2415,SR 6,Meridian,TX,2.9657,31.929022,-97.64433
PILOT #1347,"I-59, EXIT 5A",Pearl River,LA,3.164,30.394448,-89.77315
Loves Travel Stop #863,I-90 & SR-528,Madison,OH,3.849,41.805367,-81.058819
MPC #30,"I-44, Exit 195",Saint James,MO,2.9857,38.005622,-91.607565
RACETRAC #574,"I-30, EXIT 68",Rockwall,TX,2.924,32.931111,-96.459444
RACETRAC #2615,"I-65, EXIT 128",Louisville,KY,2.919,38.2435,-85.7639
HOLIDAY STATIONSTORE #2653855,US-12,Aberdeen,SD,3.1073,45.466109,-98.485642
RACETRAC #2456,SR-44 & CR-491,Lecanto,FL,3.3157,28.9303,-82.4905
Circle K #2706479,US-280,Sylacauga,AL,3.799,33.171675,-86.271257
KWIK TRIP #1133,US-10 & SR-85,Durand,WI,3.4307,44.630042,-91.929476
KWIK STAR #1189,"I-80, EXIT 110",De Soto,IA,3.224,41.533285,-94.027582
KWIK TRIP #1182,"I-35E, EXIT 123B",Hugo,MN,3.3773,45.1628,-93.003493
Rutters #85,I-76 & US-30,Bedford,PA,4.099,39.990838,-78.526071
LOVES TRAVEL STOP #615,US-59 & US-79,Carthage,TX,3.1023,32.154379,-94.352721
LOVES TRAVEL STOP #861,"I-75, EXIT 72 & SR-72",Loudon,TN,3.5873,35.729211,-84.34362
LOVES TRAVEL STOP #859,"I-80, EXIT 116 & US-6",Morris,IL,3.789,41.367233,-88.417769
LOVES TRAVEL STOP #872,SR-78 & CR-27,Lancaster,OH,3.2757,39.718697,-82.603074
Gas N Wash Schoolhouse,FM-74,New Lenox,IL,3.699,41.506701,-87.963083
QUIKTRIP #4178,SR-130,Hutto,TX,2.9157,30.525725,-97.567203
QUIKTRIP #7136,US-17,Brunswick,GA,3.074,31.169652,-81.493045
SHELL,I-80 & SR-63,Greenwood,NE,3.399,40.97064,-96.42584
KJS ALPINE,US HWY 26,Alpine,WY,3.799,43.175278,-111.033889
Payson Cardlock,SR 260 & SR 87,Payson,AZ,3.709,34.219779,-111.287774
Carter Flagstaff Cardlock (Bulk Plant),I-40 Exit 198,Flagstaff,AZ,3.689,35.185911,-111.661979
Tropic Fleet Bradenton Cardlock,US 301,Bradenton,FL,3.499,27.502778,-82.513889
Tropic Fleet Rechtien Cardlock,SR-934,Miami,FL,3.471,25.779,-80.1982
Majors 663 Nacogdoches Truck Plaza,US-259 & US-59,Nacogdoches,TX,3.029,31.618534,-94.651093
ONE9 XPRESS FUEL #1349,I-10 EXIT 140B,Van Horn,TX,3.459,31.042879,-104.832249
Loves Travel Stop #867,I-55 Exit 165,Normal,IL,3.389,40.512446,-88.988287
LOVES TRAVEL STOP #882,US-61/SR-92,Muscatine,IA,3.439,41.430378,-91.050928
MURPHY EXPRESS #8928,FM-1472,Laredo,TX,2.8457,27.515538,-99.498579
ALLSUPS #2412,SR 199 W,Springtown,TX,2.919,32.966021,-97.634951
SHEETZ #745,I-90 EXIT 212,Madison,OH,3.0823,41.805367,-81.058819
COMPASS TRAVEL CENTER,"I-65, EXIT 230",Demotte,IN,3.2423,41.171319,-87.249129
RACETRAC #2604,I-75 Exit 126,Mcdonough,GA,3.199,33.450556,-84.158333
KWIK TRIP #793,"I-35, EXIT 59",Faribault,MN,3.424,44.294457,-93.28179
MAVERIK COUNTRY STORE #706,SR-10,Castle Dale,UT,3.439,39.212222,-111.018889
FUEL CITY WYLIE,SR-78,Wylie,TX,2.9657,33.004102,-96.539383
Circle K #4702456,I-69,Martinsville,IN,3.599,39.447646,-86.42901
HUCKS FOOD & Fuel #309,I-169 Exit 8,Hopkinsville,KY,3.474,36.862053,-87.485148
Spinx 317,US-17 ALT,Moncks Corner,SC,3.3123,33.163071,-80.036576
THE SPORTSMAN 2 TRAVEL PLAZA,I-35 EXIT 480,Sanger,TX,2.9757,33.356266,-97.181432
Plaza of The Flint Hills,I-70 Exit 32B,Alma,KS,3.299,39.009206,-96.292323
SHEETZ #740,US-23  & SR-752,Ashville,OH,3.1023,39.731576,-82.944567
JIFFY,I-80 Exit 60,Shippenville,PA,4.1323,41.247491,-79.433199
QUIKTRIP #7140,"I-24, EXIT 175 & US-41",Chattanooga,TN,2.9157,35.0455,-85.3081
QUIKTRIP #186,SR-150,Grandview,MO,3.199,38.881936,-94.520542
Allsups Convenience #2420,US 283,Altus,OK,2.979,34.648406,-99.320483
STUCKEYS TRAVEL CENTER,I-10 & FM-365,Beaumont,TX,2.824,30.068805,-94.103896
QUIKTRIP #7071,I-75 & SR-133/401,Valdosta,GA,3.0323,30.810578,-83.277166
MCCLURE OIL #60,US 35,Logansport,IN,3.799,40.760377,-86.359888
RHODES CONVENIENCE STORES,US-62,Sikeston,MO,3.3507,36.891111,-89.58197
SHEETZ #759,I-71 & SR-734,Jeffersonville,OH,3.0657,39.65896,-83.56873
SPEEDWAY #1695,I-87 EXIT 23,Albany,NY,3.849,42.6525,-73.7566
QUIKTRIP #7907,I-44 EXIT 1D,Wichita Falls,TX,2.859,33.905284,-98.497645
KWIK TRIP #1173,CR-10,Waconia,MN,3.6073,44.851029,-93.7784
RACETRAC #2628,I-85 EXIT 62 & US-280,Opelika,AL,2.999,32.627771,-85.358629
BYRNE DAIRY #135,I-81 & SR-481,Liverpool,NY,4.199,43.109925,-76.186999
DK #11823,I-20 & FM-1768,Midland,TX,2.9823,31.989636,-102.06261
DK #13903,SR-108,Texarkana,AR,3.0407,33.441667,-94.0375
DK #13904,I-40 EXIT 233 & SR-261,Palestine,AR,3.0157,34.966346,-90.904929
Allsups #102450,US-87,Eden,TX,3.179,31.219219,-99.840658
PETRO USA,I-76 EXIT 2 & SR-3,Seville,OH,3.079,41.022731,-81.856199
19 AND 75 FILLING STATION,US-75 & SR-19,Ivanhoe,MN,3.394,44.507119,-96.226059
24 STORE SHELBY,SR-61,Shelby,OH,3.499,40.878432,-82.654949
77/36 DUCHESS,I-77 & US-36,Newcomerstown,OH,3.299,40.273895,-81.593969
7-ELEVEN #39448,I-81 & SR-682,Mount Crawford,VA,3.3157,38.345656,-78.895679
ALEX'S TRUCK STOP,US-61,Tunica,MS,3.299,34.688355,-90.368515
B&M Quickstop,SR-8,Mineral Point,MO,3.699,37.915555,-90.719324
BELL STORES,I-77 & CR-80,Dover,OH,3.399,40.534338,-81.476321
BELL STORES #1159,US-30 & CR-144,Wooster,OH,3.659,40.809354,-81.948272
BELL STORES #54,US-250 & SR-241,Mount Eaton,OH,3.499,40.694444,-81.703333
BELLSTORES,SR-598,Galion,OH,3.499,40.730316,-82.793943
CIRCLE K #2709989,US-167 & CR-405,Sheridan,AR,3.599,34.316527,-92.365713
BLACK DIAMOND TRAVEL CENTER,I-26 & SR-173,Unicoi,TN,3.4023,36.206585,-82.321957
BLOC STOP TRAVEL CENTER,US-19 & SR-133,ALBANY,GA,3.799,31.567783,-84.161923
BLONDIES FOOD AND FUEL,US-90 & SR-69,Grand Ridge,FL,3.5907,30.714831,-85.020954
BORDERVIEW GROCERY,US-11 & CR-19,Champlain,NY,3.799,44.977292,-73.446603
BLUE BIRD 3 EXPRESS,"US-78, EXIT 1",Olive Branch,MS,3.199,34.94414,-89.854427
BOUND BROOK BP,I-287 Exit 13B & SR-28,Bound Brook,NJ,3.249,40.568115,-74.539735
BOWMAN,I-81 Exit 1,Williamsport,MD,3.8323,39.593023,-77.808705
SHEETZ #703,I-40 & US-70,Garner,NC,2.859,35.681254,-78.597527
BP,I-81 & SR-177,Christiansburg,VA,3.799,37.129722,-80.409167
Loves Travel Stop #828,"I-295, EXIT 33",Jacksonville,FL,3.2823,30.3163,-81.4175
BP,SR-47,Sugar Grove,IL,3.599,41.774113,-88.439721
BP,I-29 & US-34,Pacific Junction,IA,3.399,41.027123,-95.804645
KENT KWIK #219,SR-338,Odessa,TX,3.0073,31.8465,-102.3663
KENT KWIK #433,US-87,San Angelo,TX,3.1323,31.478165,-100.481752
SHEETZ #488,US-13 & US-264,Greenville,NC,2.899,35.6594,-77.3974
MAVERIK COUNTRY STORE #665,SR-201,Magna,UT,3.399,40.700879,-112.080867
MAVERIK COUNTRY STORE #702,I-80 Exit 59,Sidney,NE,3.1123,41.142778,-102.9775
BP,I-43 & SR-11,Elkhorn,WI,3.149,42.700928,-88.546209
Brew #12,US-20 & SR-31,Correctionville,IA,3.559,42.474322,-95.780382
C AND W GLOBAL,SR-429 & SR-438,Winter Garden,FL,3.074,28.4867,-81.6051
Allsups #2418,US-84,Snyder,TX,2.9723,32.715105,-100.907485
TA Express Fairview #943,US 36,Fairview,KS,3.299,39.844504,-95.711012
7-ELEVEN #41263,US-13,Bridgeville,DE,3.399,38.736628,-75.608768
7-ELEVEN #42058,SR-572,Lakeland,FL,3.4823,28.038134,-81.939153
Chevron,"I-40, EXIT 218 & US-285",Clines Corners,NM,3.4157,35.009444,-105.668611
BP,"I-43, EXIT 164 & CR-Z",Maribel,WI,3.249,44.285151,-87.805482
7-ELEVEN #41287,SR-29,Immokalee,FL,3.679,26.3751,-81.3678
7-ELEVEN #41813,"I-85, EXIT 60",Duncan,SC,3.099,34.917645,-82.125821
7-ELEVEN #41309,US-41,Nokomis,FL,3.379,27.118889,-82.444444
7-Eleven #41963,"I-65, EXIT 98",Goodlettsville,TN,3.049,36.323056,-86.713333
7-ELEVEN #42012,"I-77, EXIT 24 & US-21",Blythewood,SC,3.109,34.191112,-80.975756
7-ELEVEN #41578,US-13,Seaford,DE,3.359,38.640358,-75.604122
CIRCLE K #4707123,SR-2,Canaan,ME,3.759,44.744976,-69.549777
CASHS #4469,US-278 & US-63,Warren,AR,3.499,33.613983,-92.077824
CEFCO #1059,SR-274,Kemp,TX,2.909,32.369146,-96.257768
CEFCO #107,US 190,Lampasas,TX,2.899,31.067957,-98.183361
CEFCO #108,US-77,Waco,TX,2.9923,31.552452,-97.139608
CEFCO #1081,US-59,Queen City,TX,3.024,33.18736,-94.154825
CEFCO #1086,US-259,Longview,TX,2.959,32.526854,-94.72328
CEFCO #1096,US-82,Paris,TX,2.9657,33.658077,-95.537881
Cefco #11,US-84,Waco,TX,2.9957,31.552452,-97.139608
CEFCO #1102,SR-24 & SR-286,Paris,TX,2.9657,33.658077,-95.537881
CEFCO #2071,US-377 & FM-381,Early,TX,2.9257,31.741944,-98.945278
CEFCO #2081,US-84,Post,TX,2.9423,33.201695,-101.39216
CEFCO #2082,SR-206 & SR-36,Cross Plains,TX,3.159,32.148159,-99.18718
CEFCO #30,US-77 & SR-320,Lott,TX,3.011,31.192462,-97.058143
CEFCO #65,US-84 & FM-116,Gatesville,TX,2.9657,31.447646,-97.724286
CENEX,US-2,Stanley,ND,3.5823,48.319189,-102.392802
CENEX,US-2,Devils Lake,ND,3.2407,48.113162,-98.861588
CENEX,"I-94, EXIT 84 & SR-8",Richardton,ND,3.509,46.842614,-102.292004
CENEX,US-52 & SR-15,Fessenden,ND,3.531,47.628644,-99.643361
CENEX,SR-40,Tioga,ND,3.5757,48.392009,-102.961281
CENEX,I-90 & SR-51,Gillette,WY,3.489,44.282009,-105.497442
CENEX HARWOOD,"I-29/US-81, EXIT 72",Harwood,ND,3.359,46.996497,-96.900973
CHARLIE BS,SR-246,Greenwood,SC,2.987,34.175802,-82.156211
CHARLIES MARKET,SR-172,Salt Lake City,UT,3.459,40.755851,-111.896657
CHEVRON,I-55 & SR-570,McComb,MS,3.2823,31.221594,-90.432449
CHEVRON,SR-20 & SR-65,Hosford,FL,3.299,30.363875,-84.805433
CHEVRON,SR-20 & SR-71,Blountstown,FL,3.299,30.4394,-85.062022
Maverik Country Store #709,I-40 Exit 163,Williams,AZ,3.219,35.249842,-112.190623
MAVERIK COUNTRY STORE #710,US-6,Helper,UT,3.4457,39.673684,-110.856
CHEVRON DBA ONE9 #1429,US-30 & US-95,Fruitland,ID,3.349,44.002658,-116.914259
CHEVRON,US-45,Guntown,MS,3.299,34.429882,-88.701059
CHEVRON FOOD MART #20,US-45 & SR-16,Scooba,MS,3.199,32.840197,-88.488272
CIRCLE K #2655785,US-301,Upper Marlboro,MD,3.999,38.837717,-76.798028
CIRCLE K #2741094,SR-46,Seguin,TX,2.959,29.561316,-97.962801
CIRCLE K #2741822,US-90 & FM-471,Castroville,TX,2.9123,29.35532,-98.882391
7-Eleven #42182,Ashley Phosphate Rd & Cross Country Rd,North Charleston,SC,3.459,33.0562,-80.0759
PARKERS #92,SR 17,Guyton,GA,2.999,32.31399,-81.389593
CIRCLE K #2723791,I-85 & SR-54,Graham,NC,3.609,36.030967,-79.381384
CIRCLE K #2741566,US-84 & FM-2837,Woodway,TX,2.999,31.505074,-97.231062
CITGO SAMS FOOD STORE,"US-5, Exit 87",Hartford,CT,3.499,41.7636,-72.6855
COLDWATER TRAVEL CENTER,I-55 & SR-306,Coldwater,MS,3.099,34.692362,-89.986882
STRIPES #42150,"I-69C, Exit 9 & US-281",Edinburg,TX,3.0057,26.304221,-98.156922
Corner Store,US-180/62,Seminole,TX,3.129,32.721045,-102.682761
STRIPES #2146,US-181 & SR-361,Ingleside,TX,3.299,27.868238,-97.206906
COUNTRYMARK,SR-124,Bluffton,IN,3.7657,40.736837,-85.162199
DANDY DANS,US-49/SR-42,Hattiesburg,MS,3.0657,31.314553,-89.306471
DANDY MINI MART #60,US-6 & SR-14,Troy,PA,3.999,41.77815,-76.771143
DELT EXPRESS,SR-52,SAMSON,AL,3.699,31.104918,-86.067416
DELTA,US-9,Jersey City,NJ,3.239,40.7164,-74.038
CASEYS #4567,SR-55,Columbia,KY,3.159,37.116408,-85.269265
DOMINO #128,US-81 & SR-66,El Reno,OK,3.199,35.533468,-97.959091
DUCK THRU FOOD STORE #54,US-64,Columbia,NC,3.523,35.905664,-76.234481
DUCK THRU FOOD STORE #57,SR-42/SR-43,Pinetops,NC,3.574,35.819611,-77.691952
EXPRESS #29,SR-29,East Dublin,GA,3.6323,32.5475,-82.868333
EXPRESSWAY SERVICE STATION,US-287 & SR-25,Electra,TX,2.999,34.036234,-98.91545
Exxon,"I-22/US-78, Exit 10 &  SR-178",Byhalia,MS,3.199,34.885351,-89.676332
EXXON,US-24,Redford,MI,3.699,42.375554,-83.28895
LOVES TRAVEL STOP #170,I-44 EXIT 166 & SR-18,CHANDLER,OK,3.0873,35.704253,-96.858266
LOVES TRAVEL STOP #171,SR-375 & SR-31,McAlester,OK,3.4373,34.926233,-95.759168
Loves Country Store #118,US-77 & SR-29,Wynnewood,OK,2.989,34.63847,-97.176952
FARMERS UNION OIL OF CARPIO,US-52 & SR-28,Carpio,ND,3.384,48.432299,-101.711943
FAST STOP,US-84 & CR-1800,Lubbock,TX,2.999,33.586527,-101.860634
FAST STOP,"I-40, Exit 81 & FM-1912",Amarillo,TX,2.944,35.203238,-101.842052
Flyers #3219,US-60,Claypool,AZ,3.849,33.411111,-110.841944
Food N Fuel,US-6 & CR-4,New Lenox,IL,3.399,41.506701,-87.963083
Gas  House,"I-77, Exit 49B",Statesville,NC,3.424,35.8381,-80.8842
FRIENDSHIP FOOD & FUEL,SR-15 & CR-244,Ecru,MS,3.799,34.337106,-88.955956
FRIENDSHIP FOOD MART #90,I-90 & SR-57,Elyria,OH,3.779,41.372353,-82.105088
GAS N WASH,I-355 & SR-7,HOMER GLEN,IL,3.599,41.6,-87.938056
Gas N Wash Cicero,SR-50,Berwyn,IL,3.569,41.841819,-87.79075
GAS PRO TRAVEL CENTER,US-301/25,Statesboro,GA,3.129,32.440841,-81.773956
KWIK TRIP #1115,US-63 & US-8,Turtle Lake,WI,3.6557,45.421349,-92.178142
GET GO #3016,I-376 & SR-18,Monaca,PA,5.499,40.671847,-80.291743
GETGO #7520,I-65 & US-31,Edinburgh,IN,3.359,39.362601,-85.970712
GETGO #7526,I-69 & SR-332,Yorktown,IN,3.343,40.183581,-85.495995
GETGO #7545,I-65 & SR-400,Whitestown,IN,3.3023,40.00002,-86.350716
GILBERTS SHELL,SR-72 & CR-59,Gilberts,IL,3.279,42.098377,-88.369089
GO TIME 4,I-64 Exit 94 & SR-1958,Winchester,KY,2.9073,37.987161,-84.178894
Gulf,US-422 & SR-528/168,Parkman,OH,3.649,41.370556,-81.065278
HANA TRAVEL CENTER,"I-30, EXIT 153 & SR-185",Winfield,TX,3.079,33.161498,-95.078984
HOLMES EXPRESS,US-78 & SR-175,Memphis,TN,3.399,35.0337,-89.9343
CASEYS #3990,"I-90E, exit 96 and SR-17",Elkhart,IN,3.629,41.710083,-85.972949
Caseys #4023,US 36 & US 183,Phillipsburg,KS,3.2923,39.762333,-99.33284
HUCKS FOOD & FUEL #397,US-68 & SR-432,Bowling Green,KY,3.499,37.007874,-86.455891
JP ZEBULON,US-19,Zebulon,GA,3.135,33.100235,-84.310827
HUTTER'S,SR-72,Jonestown,PA,3.719,40.43607,-76.503842
IRON HORSE TRAVEL CENTER,I-20 EXIT 270 & FM-1235,Merkel,TX,2.8757,32.444371,-99.992443
IVOR MART,US-460,Hopewell,VA,3.699,37.287576,-77.295013
J AND R MARKET,SR-105 & SR-326,Sour Lake,TX,3.159,30.149134,-94.373341
Jet Food Store,SR-15 & SR-46,Soperton,GA,3.4157,32.386861,-82.587098
JET FOOD STORE #93,US-280 & SR-135,Vidalia,GA,3.4323,32.193408,-82.406724
JIFFY TRIP #142,US-77,Newkirk,OK,3.059,36.887425,-97.05133
JORDANS KWIK STOP #5,US-412,Portia,AR,3.3757,36.080699,-91.068004
JORDANS KWIK STOP #52,US-67 & SR-304,Pocahontas,AR,3.3123,36.282876,-90.996782
KENJO MARKET #52,US-321,Maryville,TN,3.249,35.782449,-83.914541
Krazy K's,US-45,Buckatunna,MS,3.149,31.507976,-88.52573
KWIK FILL,US-206,Hillsborough,NJ,3.399,40.4775,-74.627222
STRIPES # 41977,"I-2, EXIT 168",La Feria,TX,3.219,26.166556,-97.826115
LAWTEY SHELL SERVICE,US-301,Lawtey,FL,3.599,30.047164,-82.105544
ALLSUPS #2410,"I-35/US-77, EXIT 368 & SR-22",Whitney,TX,2.9657,31.959201,-97.33495
LITTLEFIELD EXPRESS #4,I-40 Exit 321,Muldrow,OK,3.419,35.401985,-94.633216
LITTLEFIELD EXPRESS #7,US-167,Cave City,AR,3.349,35.951684,-91.544432
LULING MINI MART,I-10 Exit 628 & SR-80,Luling,TX,2.9657,29.682621,-97.649947
MACS 33,US-49,Florence,MS,2.899,32.153002,-90.121672
Circle K #2709332,US-231/SR-53,Montgomery,AL,3.259,32.3743,-86.3118
MARATHON,US-61 & SR-637,Reserve,LA,3.749,30.060255,-90.551773
MARATHON,I-75 & CR-20,Middletown,OH,3.2157,39.532121,-84.389601
Minuteman Food Mart #37,US-74,Leland,NC,3.389,34.267952,-78.057815
MARATHON RIVERSIDE GAS,I-80 & CR-6,Elkhart,IN,3.499,41.710083,-85.972949
MASSEY FUEL,"I-95, EXIT 30",Bridgeport,CT,3.399,41.1669,-73.2052
MERRIMAN COUNTRY STORE,SR-1 & CR-3700,Allen,OK,3.099,34.850176,-96.558462
Mobil,I-57,Riverdale,IL,3.699,41.6503,-87.6319
MOBIL,US-46,Columbia,NJ,3.079,40.938805,-75.054983
MORGAN OIL,US-224 & CR-231,Lowellville,OH,3.399,41.050256,-80.541551
MOTOMART #3369,SR-370 E,Saint Charles,MO,3.0423,38.801424,-90.506503
MPC #99A,I-270 Exit 22B,Hazelwood,MO,3.059,38.780875,-90.366925
Swift Mart,I-55/SR-7 & US-51,Grenada,MS,3.3657,33.775094,-89.808738
MUDD CREEK COUNTRY STORE,US-79,Franklin,TX,3.194,31.035013,-96.442643
MUSTANG MARKET,I-80 Exit 73,Sparks,NV,4.199,39.547254,-119.755588
NIC'S,SR-97,Bainbridge,GA,3.379,30.9355,-84.5809
NORTHLAKE BP,I-294 & US-45,Melrose Park,IL,3.599,41.900347,-87.858066
NZT,I-294,Alsip,IL,3.389,41.6723,-87.7339
CITGO,US-70,Princeton,NC,3.699,35.455833,-78.167368
PARKERS #72,US-52 & SR- 402,Moncks Corner,SC,3.2557,33.163071,-80.036576
PIT STOP #1,SR-31 & SR-34,Weedsport,NY,3.899,43.048882,-76.542502
Pit Stop #14,US-20/US-16,Worland,WY,3.829,44.013796,-107.95626
PIEDMONT PETROLEUM,US-501,Lynchburg,VA,3.459,37.386228,-79.171464
QUICK FILL,US-78/SR-4,Eastaboga,AL,3.099,33.603132,-85.96075
RAINY LAKE OIL,CR-332 & CR-24,International Falls,MN,3.379,48.583398,-93.40609
RAYMOND TRUCK STOP,US-1/US-9,Newark,NJ,3.259,40.7308,-74.1744
SHEETZ #144,US-220 & SR-55,Moorefield,WV,3.289,39.056812,-78.97793
REBEL GAS MART,SR-7,Oxford,MS,3.049,34.354354,-89.49692
RED BANKS VALERO,I-22 & SR-178,Red Banks,MS,2.999,34.875039,-89.519839
REFUEL #1043,US-15,Sumter,SC,3.0957,33.928199,-80.321008
REFUEL #1047,US-521,Sumter,SC,3.0057,33.928199,-80.321008
REFUEL #1116,US-64,Apex,NC,3.799,35.722504,-78.840816
RENO JUNCTION TRAVEL PLAZA,SR-59 & SR-387,Wright,WY,3.509,43.829349,-105.532327
RICKY ROCKETS FUEL,I-294 & US-12,HICKORY HILLS,IL,3.899,41.726228,-87.828893
ROAD RANGER #284,I-27 & FM-1729,New Deal,TX,2.9857,33.737222,-101.836111
ROC ONE STOP #1,SR-34,Galatia,IL,3.559,37.827444,-88.623488
ROYAL FARMS #108,US-13,Cape Charles,VA,3.4723,37.279874,-75.972129
ROYAL FARMS #135,SR-404 & SR-16,Denton,MD,3.339,38.877928,-75.836071
ROYAL FARMS #169,I-895 & US-40,Baltimore,MD,3.259,39.17185,-76.648287
ROYAL FARMS #171,US-13 & SR-24,Laurel,DE,3.259,38.553695,-75.563052
ROYAL FARMS #191,I-83 Exit 20A,Hunt Valley,MD,4.199,39.502623,-76.659844
ROYAL FARMS #242,I-95 Exit 27,Philadelphia,PA,3.799,39.864998,-75.275196
ROYAL FARMS #311,SR-7 & SR-43,Nottingham,MD,3.269,39.391412,-76.487106
Racetrac #2611,"I-65, EXIT 116",Shepherdsville,KY,2.959,38.004515,-85.688767
SEVEN MART,I-20 & SR-17,Delhi,LA,3.199,32.450433,-91.512487
SHELBY EXPRESS,SR-175,Memphis,TN,3.699,35.0337,-89.9343
RACEWAY #6854,US-278 & SR-113,Rockmart,GA,3.1723,33.997912,-85.05937
SHELL,I-94 & US-12,Detroit,MI,3.699,42.347429,-83.060398
SHELL,US-1,Warren,ME,3.999,44.127066,-69.247894
DUCK THRU #55,US-13BYP & SR-308,Windsor,NC,3.239,36.015881,-76.933612
SHELL,SR-72 & SR-25,Dundee,IL,3.279,42.096197,-88.290202
Duck Thru #58,US-13 & CR-677,Suffolk,VA,3.449,36.866823,-76.559811
SHELL,US-45 & CR-520,Shannon,MS,3.199,34.121035,-88.734206
7-ELEVEN #38855,"I-95, exit 58",Colonial Heights,VA,3.509,37.269968,-77.403829
SPARTAN FUELS,US-80 & SR-22,Columbus,GA,3.309,32.473035,-84.979456
CIRCLE K #2654249,SR 24 & SR 286,Paris,TX,2.959,33.658077,-95.537881
SHELL SERVICE STATION,I-65 Exit 14 & US-64,Pulaski,TN,3.209,35.209274,-87.039263
SHELL SERVICE STATION,I-90 Exit 52,Elgin,IL,3.279,42.038356,-88.260631
SHORT STOP,US-67/283,Santa Anna,TX,3.499,31.721477,-99.321197
SPINX #341,SR-41,Charleston,SC,3.3323,32.962223,-79.86533
SPINX #366,SR-642,Summerville,SC,3.279,33.028045,-80.173852
STAR 001,US-20 & SR-23,SOUTH BEND,IN,3.7323,41.672699,-86.253489
STOP N GAS,SR-15 & SR-39,Yorkshire,NY,4.099,42.53,-78.473056
SUN DO,I-74 Exit 197,Maxton,NC,3.439,34.733435,-79.309725
AMOCO,US-30,Clarence,IA,3.399,41.88958,-91.060457
SUNOCO,I-95 Exit 77B & SR-24,Edgewood,MD,3.299,39.427725,-76.30555
SUNOCO,I-278 Exit 48,Bronx,NY,4.539,40.8222,-73.921735
CUSSETA TRAVEL CENTER,SR 520,Cusseta,GA,3.199,32.299026,-84.764537
CASEY'S #4522,US-81,Hennessey,OK,3.059,36.086848,-97.892595
S&G #88,I-475 Exit 13 & US-20,Toledo,OH,3.009,41.642,-83.5438
SUNOCO,SR-12 & FM-1136,Orange,TX,2.899,30.125167,-93.771883
SUNSTOP,US-19,Thomasville,GA,3.2823,30.8665,-83.9233
Union 76,US-129,Mc Alpin,FL,3.659,30.150899,-82.966182
SUNSTOP #336,SR-121 & CR-18,Lake Butler,FL,3.5923,30.003485,-82.382796
SUNSTOP INLAND DBA ONE9 #1402,I-10 & SR-71,Marianna,FL,3.299,30.758587,-85.229367
SWANTON SUNOCO,I-89 & SR-78,Swanton,VT,3.539,44.916754,-73.121124
SWIFT,US-69,Nederland,TX,2.9857,29.971609,-94.001192
SWIFT STOP #5,US-84 & US-380,Post,TX,2.943,33.201695,-101.39216
T & M FOOD STORE,SR-113,Taylorsville,GA,3.367,34.122941,-84.973859
TARZAN AND JANE,I-20 & SR-137,Stanton,TX,3.299,32.139992,-101.809887
TEXACO,SR-114 & SR-156,Pennington,AL,3.1973,32.226245,-88.0931
TEXACO #378602,I-59 Exit 85 & SR-590,Ellisville,MS,3.199,31.579663,-89.223073
THE ANCHOR,US-60 & CR-3500,Mountain View,MO,3.0323,36.989197,-91.709937
Racetrac #2609,SR-60,Okeechobee,FL,3.299,27.311532,-80.847853
Racetrac #2608,"I-59, EXIT 181 & SR-77",Gadsden,AL,2.999,33.997248,-86.010279
RACETRAC #2387,US-19,Hudson,FL,3.3157,28.364763,-82.675669
THOMPSON'S CORNER,US-25,Millen,GA,3.3157,32.787739,-81.961807
THORNTONS #0333,SR-59 & SR-56,Warrenville,IL,3.549,41.828046,-88.19213
THORNTONS #221343,US-14 & SR-31,Crystal Lake,IL,3.449,42.266198,-88.321294
THORNTONS #221344,SR-120,Mchenry,IL,3.649,42.3334,-88.2668
THORNTONS #261169,SR-1747 & SR-2052,Louisville,KY,3.2807,38.2435,-85.7639
THORNTONS #330,I-55 & SR-50,Cicero,IL,3.549,41.845556,-87.753889
THORNTONS #5,I-55 & SR-50,Cicero,IL,3.599,41.845556,-87.753889
THORNTONS #616,SR-265,Lebanon,TN,2.8757,36.209792,-86.302367
Thorntons #617,I-24 Exit 64,La Vergne,TN,2.8823,36.012714,-86.559969
TREE CITY TRAVEL PLAZA,US-421,Greensburg,IN,3.989,39.331223,-85.473532
TREX MART #17,I-29 & SR-371,Platte City,MO,2.999,39.360171,-94.788972
CIRCLE K #4700101,I-65 Exit 50,Seymour,IN,3.499,38.957133,-85.882477
Tropic Fleet Hialeah Cardlock,SR-953 & SR-934,Miami,FL,3.479,25.779,-80.1982
TROTTERS,SR-2,Broken Bow,NE,3.299,41.412586,-99.635452
TRUE NORTH #325,SR-57 & SR-113,Elyria,OH,3.679,41.372353,-82.105088
TUPELO TRAVEL STOP,SR-48 & SR-3,Tupelo,OK,2.999,34.559809,-96.427365
TXB #82 DBA KWIK CHEK FOOD STORES,US-83,Asherton,TX,3.259,28.436421,-99.748611
UNITED MARKET,US-84,Blackshear,GA,3.7657,31.293063,-82.261708
VALERO,US-30 & SR-598,Galion,OH,3.499,40.730316,-82.793943
VALLEY COUNTRY STORE,I-84 & US-93,Jerome,ID,3.4323,42.71784,-114.501244
VALLEY MART #05,US-90 & SR-173,Hondo,TX,3.199,29.356065,-99.127637
VP RACING FUEL,US-231,Panama City,FL,3.499,30.160624,-85.649403
WARREN OIL,US-6,Channahon,IL,3.629,41.434664,-88.213786
WHITE RIVER,US-231 & SR-58,Bloomfield,IN,3.759,39.029542,-86.867549
WOLF DEN,US-97,Wapato,WA,3.409,46.45066,-120.426484
WOW FOOD MART,I-75 & US-25,Richmond,KY,3.609,37.754605,-84.295526
YAKAMART,US-97,Toppenish,WA,3.509,46.375123,-120.330534
Y-NOT STOP,US-165 & SR-10,Oakdale,LA,3.699,30.817173,-92.663964
MARATHON,I-94 Exit 121,Albion,MI,3.699,42.258073,-84.756052
7-ELEVEN #34718,"I-294, EXIT 25",Hinsdale,IL,3.719,41.7891,-87.940089
7-ELEVEN #34713,"I-90, EXIT 24",Belvidere,IL,3.659,42.259465,-88.850943
7-ELEVEN #34709,504 N CREGO RD,Dekalb,IL,4.439,41.934245,-88.760673
LOVES TRAVEL STOP #874,"I-65, EXIT 175 & SR-25",Lafayette,IN,3.6723,40.417743,-86.888358
LOVES TRAVEL STOP #858,"I-49, EXIT 172 & US-84",Mansfield,LA,3.2457,32.023863,-93.698045
PUMP & PANTRY #22,SR-91 & SR-11,Burwell,NE,3.299,41.807982,-99.099527
PUMP & PANTRY #39,I-80 Exit 179 & SR-56G,North Platte,NE,3.1157,41.132595,-100.774631
PUMP & PANTRY #18,US-281 & CR-11,Doniphan,NE,3.3073,40.770031,-98.37901
PUMP & PANTRY #1,US-30,Grand Island,NE,3.3073,40.921858,-98.341062
CHEVRON #352416,I-8 Exit 73,Jacumba,CA,6.399,32.624934,-116.195184
Eastland Truck Stop,I-20 Exit 340 & SR-6,Eastland,TX,2.9323,32.399418,-98.807101
Rusty Lantern,SR-4,Turner,ME,3.899,44.255669,-70.249444
Rusty Lantern,SR-26 & SR-219,West Paris,ME,3.9657,44.32527,-70.573167
SUNOCO,US 84 & SR 39,Donalsonville,GA,3.499,31.040278,-84.879167
EB SUNOCO,SR-3 & SR-28,Muncie,IN,3.799,40.168414,-85.380689
EXXPRESS MART #12,US-287 & SR-421,Lumberton,TX,2.959,30.253056,-94.189722
EXXPRESS MART #4,SR-105,Beaumont,TX,3.199,30.068805,-94.103896
GAS N WASH,I-57 & SR-17,Kankakee,IL,3.599,41.116582,-87.869607
Williams Fuel Stop,SR-7 & SR-735,Gallipolis,OH,3.5407,38.814781,-82.22902
PILOT #1354,US 385,Odessa,TX,3.5657,31.8465,-102.3663
QUIKTRIP #46,US 169 & SR 266,Tulsa,OK,3.1423,36.05566,-96.060229
QUIKTRIP #56,US-169 & SR-11,Tulsa,OK,3.1423,36.05566,-96.060229
LOVES TRAVEL STOP #871,"I-85, Exit 32",Piedmont,SC,3.1973,34.724433,-82.470216
ALLSUPS #2427,US 84,Gatesville,TX,3.0073,31.447646,-97.724286
RACETRAC #2624,US-1,Marathon,FL,3.2357,24.727919,-81.038581
HAN DEE HUGOS #21,US-17 & SR-87,Winnabow,NC,3.4123,34.214511,-78.056211
HAN DEE HUGOS #5,SR-410 & SR-211,Bladenboro,NC,3.2057,34.565832,-78.779295
HAN DEE HUGOS #67,US-70,Raleigh,NC,3.999,35.772701,-78.632439
JOURNEY FOOD STORE #2,US-301,Callahan,FL,3.399,30.551958,-81.814465
KELLEYS MARKET,I-90 Exit 15 & US-20 BUS,Rockford,IL,2.969,42.292233,-89.116118
KELLEYS MARKET,US-20,Cherry Valley,IL,3.699,42.220562,-88.961923
TROPIC OIL COMPANY,SR-17,Lake Wales,FL,3.499,27.903734,-81.548805
SHELL,SR-953,Miami,FL,3.479,25.779,-80.1982
Denver 39th Ave Cardlock,I-70/US-36 EXIT-281,Denver,CO,3.4907,39.840562,-105.007985
MAVERIK COUNTRY STORE #620,SR-8,Saint George,UT,3.4623,37.106651,-113.595261
MIDDLESEX FOOD STORE,CR-604,Carteret,NJ,3.5157,40.582278,-74.231345
MINUTEMAN FOOD MART #18,SR-87,Tar Heel,NC,4.619,34.746541,-78.81341
QUIKTRIP #7249,US 80 E,Flowood,MS,2.9157,32.3165,-90.1105
PATRIOT FUELING CENTER,SR-9,Lineville,AL,3.299,33.328613,-85.734609
Yesway #1203,SR-6,Clifton,TX,2.969,31.799689,-97.515282
RENFROE STORE,SR-25,Carthage,MS,4.099,32.788635,-89.535274
Cedar City Cardlock (Bulk Plant),"I-15, EXIT 59",Cedar City,UT,3.459,37.689544,-113.074513
Ricky Rockets,SR-390 &SR-53,Itasca,IL,3.399,41.971967,-88.020247
Tropic Oil,US-191,Moab,UT,4.169,38.567674,-109.527087
QUIKTRIP #7208,I-290 EXIT 18A,Bellwood,IL,3.079,41.882484,-87.878557
Rutters #84,US-15 & SR-340,Emmitsburg,MD,3.9157,39.694044,-77.335658
SHEETZ #165,US-6,Coudersport,PA,3.699,41.781529,-78.003861
SHEETZ #239,I-70 Exit 57,New Stanton,PA,3.2857,40.223345,-79.618187
SHEETZ #553,I-81 Exit 3,Greencastle,PA,3.3323,39.781827,-77.746956
SHEETZ #597,I-40 Exit 126,Hickory,NC,2.859,35.75757,-81.328858
SHEETZ #639,I-80 Exit 223,Youngstown,OH,3.059,41.0986,-80.6474
SHEETZ #656,US-219 & US-6,Kane,PA,3.699,41.661861,-78.797778
SHELL SERVICE STATION,SR-55,Morrison,TN,3.499,35.60002,-85.889895
SPINX #161,I-85 Exit 60 & SR-101,Greer,SC,3.159,34.8968,-82.267442
7-ELEVEN #41335,SR-80 & SR-29,Labelle,FL,3.599,26.732093,-81.434027
7-ELEVEN #34154,I-75 Exit 128,Fort Myers,FL,3.299,26.620403,-81.8725
Story Belgrade Cardlock,"I-90, EXIT 298",Belgrade,MT,3.699,45.780126,-111.143927
Holbrook Cardlock,I-40 EXIT 285,Holbrook,AZ,3.2323,34.908451,-110.143412
SUNOCO SERVICE STATION,I-81 Exit 44 & SR-465,Carlisle,PA,3.889,40.203877,-77.199526
Springerville Cardlock,US-191,Springerville,AZ,3.259,34.119333,-109.304066
THORNTONS #221335,I-55 Exit 263,Bolingbrook,IL,3.649,41.697605,-88.087315
Loves Travel Stop #885,US 77,Harlingen,TX,3.649,26.195142,-97.688981
Express 24,SR-77 & US-60,Show Low,AZ,3.299,34.060117,-110.054633
Mandan Cardlock (Bulk Plant),"I-94, EXIT 153",Mandan,ND,3.599,46.830649,-100.909175
Racetrac #2618,US-231 & CR-8,Huntsville,AL,2.9507,34.726866,-86.567318
Racetrac #2621,SR-53,Huntsville,AL,3.099,34.726866,-86.567318
CEFCO #2086,US 180 & 84,Snyder,TX,2.9657,32.715105,-100.907485
TA Mt Vernon,I-44,Mount Vernon,MO,3.404,37.104466,-93.797632
CASEYS #4323,SR-57 & SR-60,Wanamingo,MN,3.499,44.31214,-92.810258
RUTTERS FARM STORE #80,SR 61,Orwigsburg,PA,3.859,40.643071,-76.083999
Circle K #4700047,I-65 Exit 34A,Austin,IN,3.799,38.747801,-85.796188
ALLSUPS CONVENIENCE STORE #2160,US 70,Roswell,NM,3.2557,33.388504,-104.525857
QUIKTRIP #4216,"I-70 & SR-79, EXIT 304",Bennett,CO,3.199,39.725398,-104.427284
PILOT #1380,I-2 EXIT 161,Mercedes,TX,3.659,26.15133,-97.918503
MAVERIK COUNTRY STORE #657,I-15 Exit 10,Washington,UT,3.4257,37.136379,-113.505043
CASEYS #3987,LINCOLN HWY,Wanatah,IN,3.7157,41.384477,-86.876439
ASAP GENERAL STORE #322,US-281,Hinton,OK,3.1323,35.4675,-98.331348
CIRCLE K #2709098,US 85,Greeley,CO,3.2107,40.413968,-104.704756
Chiricahua Apache Plaza,I-10 EXIT 102,Deming,NM,3.0373,32.231808,-107.746559
7-ELEVEN #42132,"I-35, EXIT 131",Lytle,TX,3.599,29.236568,-98.794489
ROAD RANGER #286,1-40 EXIT 77,Amarillo,TX,2.9723,35.203238,-101.842052
ROAD RANGER #289,I-45 EXIT 189,Teague,TX,3.3957,31.632772,-96.27778
ROAD RANGER #290,"I-44, Exit 13",Joplin,MO,3.2123,37.096858,-94.505144
SHEETZ  #760,"I-71, EXIT 140 Township Rd 256",Marengo,OH,3.0657,40.389512,-82.812136
Bowie Travel Center Chevron dba One9 #1411,I-10,Bowie,AZ,3.014,32.326389,-109.486389
GAS N WASH,US 34,Plano,IL,3.499,41.666987,-88.53838
QUIKTRIP #7203,"I-80, EXIT 75 &SR-251",Peru,IL,2.969,41.333021,-89.126478
QUIKTRIP #7133,"I-95, EXIT 190 & SR-34",Dillon,SC,3.0823,34.414553,-79.377015
QUIKTRIP #7151,I-55/40 EXIT 278 & SR-191,West Memphis,AR,2.999,35.148442,-90.17792
CASEYS #4379,I-59 HWY,Worthington,MN,3.1423,43.628626,-95.605907
CASEYS #4273,SR-56,Madison,IN,3.699,38.764866,-85.407019
Golden Gate Fillmore,SR 99,Fillmore,UT,3.2973,38.980539,-112.331321
STUCK FLEET FUELING,US-19,Waynesburg,PA,4.499,39.891691,-80.179524
Petro-Card 24 #910722,SR-6,Trenton,MO,3.149,40.082335,-93.608634
PETRO-CARD 24 #910520,US-54BUS,Mexico,MO,3.229,39.171233,-91.889473
CIRCLE K #2723050,SR-59,Hope Mills,NC,2.909,34.953564,-78.935364
PETRO-CARD 24 #910160,US-50,Warrensburg,MO,3.299,38.766695,-93.727341
PETRO-CARD 24 #910410,I-44/US-66,Lebanon,MO,3.099,37.685049,-92.655029
MFA #910591,US-63,La Plata,MO,3.339,40.020831,-92.507669
Petro-Card 24 #910820,US-60BUS,Willow Springs,MO,3.399,36.995812,-91.940545
QuickChek #189,US-46,Ridgefield,NJ,3.2523,40.832568,-74.001531
PETRO-CARD 24 #911251,US-169,King City,MO,3.299,40.065184,-94.523412
MFA #910260,SR-87/240,Glasgow,MO,3.3965,39.225736,-92.831812
PETRO-CARD 24 #910530,US-24,Moberly,MO,3.419,39.420239,-92.435793
PETRO-CARD 24 #910140,US-50 BUS,California,MO,3.459,38.622369,-92.545558
PETRO-CARD 24 #910040,US-60 BUS,Aurora,MO,3.209,36.947661,-93.71238
Fuel 4,US-9,Jersey City,NJ,3.239,40.7164,-74.038
Petro-Card 24 #911290,US-59,Mound City,MO,3.149,40.136238,-95.213837
MFA #911310,SR-5,Centerville,IA,3.1257,40.73259,-92.872826
MFA 910281,SR-5,Milan,MO,3.299,40.184435,-93.136149
PETRO-CARD 24 #910210,SR-7,Clinton,MO,3.399,38.368811,-93.758906
Petro-Card 24 #910670,SR-51,Qulin,MO,3.199,36.581769,-90.261674
MFA #910441,US-54,Louisiana,MO,3.049,39.43359,-91.066385
MFA 911021,US-136,Tarkio,MO,3.329,40.441841,-95.378586
MFA #910731,SR-15,Shelbina,MO,2.999,39.694718,-92.03706
PETRO CARD 24,SR-18,Clinton,MO,3.399,38.368811,-93.758906
BJS NEW UNDERWOOD,CR-1416,New Underwood,SD,3.699,44.087354,-102.813635
MFA OIL #2028,SR-53,Poplar Bluff,MO,3.2323,36.766235,-90.416647
GASQUATCH,US-70/SR-3,Idabel,OK,3.1073,33.88512,-94.802012
TERRIBLE HERBST #388,I-15 Exit 91,Moapa,NV,3.549,36.675833,-114.62
Good 2 Go,US-81,Geneva,NE,3.3657,40.527731,-97.609625
VALLEYWIDE COUNTRY STORE,I- 86 Exit 40,American Falls,ID,3.599,42.789876,-112.870714
Friendly Express,I-71 Exit 186 & US-250,Ashland,OH,3.199,40.855892,-82.318931
CEFCO #422,SR-4,Baker,FL,3.299,30.831569,-86.677015
STARMART,US-183,Goldthwaite,TX,3.099,31.445769,-98.574405
LITTLE NECK SHELL,I-16 Exit 152,Bloomingdale,GA,3.099,32.117654,-81.308465
Circle K #4703975,SR-109 & US-70,Lebanon,TN,2.8723,36.209792,-86.302367
SUN TRAVEL CENTER,I-55 EXIT 114A,Canton,MS,3.499,32.620543,-90.006079
AMOCO,US 131 & US 12,White Pigeon,MI,3.559,41.792891,-85.67501
7-ELEVEN #38638,I-25 Exit 235,Erie,CO,3.399,40.059746,-105.068583
7-ELEVEN #17703,US HWY 11,Martinsburg,WV,3.249,39.459959,-77.958915
RACEWAY #6991,I-65 Exit 19 & US-43,Creola,AL,2.949,30.901267,-88.017414
WEIGEL'S #102,I-75 & SR-30,Athens,TN,3.3473,35.457389,-84.604261
Loves  Travel Stop #826,I-70 Exit 75,Parachute,CO,3.5957,39.440729,-108.038038
THE TEXAN #12,US 87,La Vernia,TX,3.049,29.350905,-98.112971
RACETRAC #204,US-19 & SR-400,Dawsonville,GA,3.319,34.394331,-84.103705
Lake View Cheese & Liquor,I-43,Belgium,WI,3.2557,43.499465,-87.850908
MAVERIK #719,I-82 EXIT 33,Yakima,WA,3.899,46.606991,-120.477336
GOOD 2 GO #713 DBA ONE9 #1432,I-76 EXIT 21,Brighton,CO,3.199,39.980553,-104.810278
Loves Travel Stop #831,"I-10 & Fort Grant Rd, Exit 340",Willcox,AZ,3.3323,32.372977,-109.863111
Loves Travel Stop #864,US-98,Lucedale,MS,3.449,30.866722,-88.593391
Pride Travel Center South,"I-291 & SR-5, EXIT 4",South Windsor,CT,3.909,41.834081,-72.557585
QUIKTRIP #7205,"I-80, EXIT 161",Lansing,IL,3.079,41.566045,-87.544634
QUIKTRIP #7247,"I-55, EXIT 85",Byram,MS,2.9157,32.1932,-90.2708
Raceway #6986,US-378 & CR-467,Sumter,SC,2.979,33.928199,-80.321008
KWIK TRIP #1267,SR 29,Chippewa Falls,WI,3.3923,44.932202,-91.384376
FASTRAC MARKET #500266,I-87 Exit 18,Queensbury,NY,3.999,43.328983,-73.681846
FASTRAC MARKET #500242,SR-12 & SR-5A,Utica,NY,3.899,43.087112,-75.231463
SHEETZ #769,I-80 Exit 232,Bloomsburg,PA,3.329,41.011528,-76.438379
ONE9 #1359,"I-80, EXIT 30",Sparks,NV,3.549,39.547254,-119.755588
GAS N WASH GREEN OAKS,"I-94, EXIT 16",Libertyville,IL,3.559,42.281001,-87.949955
Loves Travel Stop #875,"I-49, Exit 15",Opelousas,LA,3.0857,30.51442,-92.089668
Allsups Convenience #2416,I-20 EXIT 244 AND HWY 70,Sweetwater,TX,2.884,32.472589,-100.397908
ALLSUPS CONVENIENCE #2430,US 380,Jacksboro,TX,3.044,33.234655,-98.168138
ALLSUPS CONVENIENCE #2056,US 287,Memphis,TX,2.929,34.712237,-100.534653
MAVERIK #716,I-80 & SR-351,Wells,NV,3.3923,41.129798,-114.532752
Quiktrip #7173,"I-20, EXIT 156",Pell City,AL,2.999,33.597889,-86.343151
QUIKTRIP #7191,US-45 & I-57,Effingham,IL,2.999,39.121727,-88.561105
Quiktrip #7900,I-30 & FM-989,Texarkana,TX,2.8573,33.407371,-94.118245
CIRCLE K #2654400,SR-115,Kearneysville,WV,3.2657,39.321994,-77.958762
Hucks Food & Fuel #401 dba Pilot #1360,"I-69, EXIT 25",Mayfield,KY,3.599,36.732686,-88.650637
CIRCLE K #4705697,US 422,Warren,OH,3.6123,41.172426,-80.871806
FATDOGS LEXINGTON,US-283,Lexington,NE,2.979,40.785002,-99.751515
THORNTONS #170,I-465 Exit 46 & US-40,Indianapolis,IN,3.599,39.938417,-86.13894
PETRO-CARD 24 #910474,US-65,Malta Bend,MO,3.439,39.195108,-93.381325
TOWN PUMP FOOD STORE #6300,I-90 & US-191,Big Timber,MT,3.539,45.82827,-109.963094
Petro-Card 24 #910640,US-61,Perryville,MO,3.099,37.717437,-89.873664
JORDANS KWIK STOP #6,I-55 Exit 48 & SR-140,Osceola,AR,3.0123,35.701864,-89.979764
Kwik Trip # 1722,SR 35 & SR 553,Gwinn,MI,3.819,46.291938,-87.43016
PETRO-CARD 24 #910411,I-44 & SR-32,Lebanon,MO,3.099,37.685049,-92.655029
FAST FUEL FOOD STORES,SR-4,Gassaway,WV,3.5657,38.686193,-80.786339
U STOP #4,US-6,Lincoln,NE,3.399,40.8169,-96.7103
PETRO-CARD 24 #910700,SR-32,Sainte Genevieve,MO,3.099,37.950356,-90.09604
MARTYVILLE MARATHON,SR-25,Tishomingo,MS,3.279,34.647753,-88.219395
CENEX,US-2,Leeds,ND,3.249,48.26681,-99.440123
PETRO-CARD 24 #1047,SR-240,Slater,MO,3.459,39.216273,-93.054674
Phillips 66,US- 60 & HWY AD,Dexter,MO,3.4023,36.788458,-89.963933
LENNYS FOOD N FUEL,US-6,Joliet,IL,3.299,41.527154,-88.08241
PETRO-CARD 24,SR-46 & US-71,Maryville,MO,3.129,40.343399,-94.873479
MFA OIL,SR-18,Lake City,AR,3.399,35.81715,-90.442327
Gas Pro 6,SR-121 & US-25,Trenton,SC,3.4657,33.693757,-81.853392
MFA #910600,SR-28,Owensville,MO,3.299,38.351119,-91.486679
PETRO-CARD 24 #910250,US-54 BUS,Fulton,MO,3.299,38.851821,-91.96055
THORNTONS #221348,I-355 & SR-7,Homer Glen,IL,3.849,41.6,-87.938056
Petro-Card 24 #910830,SR-52,Windsor,MO,3.499,38.52719,-93.526864
MURPHY USA #7827,US-385 & US-60,Hereford,TX,2.829,34.837037,-102.40503
GULF,SR-140,Boylston,MA,3.839,42.337727,-71.731042
AZTEX #104,I-40 Exit 398,Knoxville,TN,3.359,35.9609,-83.9189
ALLSUPS #2423,US-377 & US-70,Madill,OK,2.959,34.07126,-96.787258
Kwik Trip # 1721,SR 553 & FM 480,Marquette,MI,3.819,46.53124,-87.389443
LOVES TRAVEL STOP #857,US-95 & US-6,Tonopah,NV,3.7157,38.204273,-117.089886
ONCUE #147,"I-44, EXIT 12",Oklahoma City,OK,3.049,35.3337,-97.4922
MAVERIK COUNTRY STORE #642,I-25 EXIT 262,Fort Collins,CO,3.259,40.581293,-105.103884
MAVERIK #723,"I-10, EXIT 240",Marana,AZ,3.0457,32.404749,-111.273621
TOOT N TOTUM #131,US 87,Lamesa,TX,3.109,32.736677,-101.956914
RACEWAY #6972,US-83 & US-43,Demopolis,AL,3.0773,32.490792,-87.839669
Loves Travel Stop #873,US 50,Canon City,CO,3.509,38.445074,-105.217829
Love's Travel Stop #891,US 93,Jackpot,NV,3.6273,41.839591,-115.112886
Loves Travel Stop #862,I-35 Exit 65,Cotulla,TX,3.589,28.439837,-99.232818
QUIKTRIP #7132,"I-16, EXIT 152",Bloomingdale,GA,3.0323,32.117654,-81.308465
Quiktrip #4148,I-35 & GRAND AVE PKWY,Pflugerville,TX,2.8823,30.442133,-97.629895
Quiktrip #7153,US-78 & EXIT #4,Olive Branch,MS,2.9157,34.94414,-89.854427
RACEWAY #6988,US-79 & US-41,Clarksville,TN,2.999,36.522014,-87.348997
ALLSUPS #2437,HWY 176 & HWY 115,Andrews,TX,3.3957,32.320125,-102.540926
RACEWAY #6989,US-157 & COURT ST,Moulton,AL,3.049,34.505836,-87.222385
LOC STOP TRAVEL CENTER,US-82,Dawson,GA,3.499,31.773333,-84.446667
RACETRAC #2606,"I-30, EXIT 32B & SR-181",Grand Prairie,TX,2.9257,32.76488,-97.01121
CIRCLE K #2707043,"I-75/SR-401, EXIT 39 & SR-37",Adel,GA,2.999,31.125143,-83.421346
LOVES TRAVEL STOP #884,"I-30, Exit 46",Prescott,AR,3.4757,33.804029,-93.372544
LOVES TRAVEL STOP #350,"I-19, Exit 12",Nogales,AZ,3.609,31.376969,-110.943508
Quiktrip #356,US-81 & S Victoria RD,Wichita,KS,3.194,37.6898,-97.3415
7-Eleven #42205,US 79,Hearne,TX,3.449,30.86686,-96.584256
QUIKTRIP #7190,I-64 EXIT 94,Mount Vernon,IL,3.099,38.317014,-88.910525
Maverik Country Store #715,I-80 EXIT 107,Big Springs,NE,3.1007,41.069621,-102.093273
KWIK TRIP #1212,"I 90, EXIT 43",Worthington,MN,3.164,43.628626,-95.605907
KWIK TRIP #1256,SR 2 E,Iron Mountain,MI,3.279,45.821894,-88.068257
FLYING J #1056,I-90/ I-80,Edon,OH,3.899,41.584219,-84.757002
TEX BEST #532,US-281 & HWY 186,Edinburg,TX,3.0207,26.304221,-98.156922
RACEWAY #6990,US-98,Foley,AL,3.0757,30.400664,-87.685737
MAVERIK #691,I-76 EXIT 3,Denver,CO,3.284,39.840562,-105.007985
Maverik #695,I-15 EXIT 276,American Fork,UT,3.349,40.392784,-111.794107
HUCKS FOOD & FUEL #383,SR-57,Evansville,IN,3.759,37.9746,-87.5674
CHUBBYS TRAVEL CENTER,"I-35, Exit 127",Natalia,TX,2.9723,29.211669,-98.855158
Kwik Trip #1203,US-71 & Airport Rd,Redwood Falls,MN,3.349,44.531753,-95.10713
SHEETZ #772,I-70 EXIT 59,Springfield,OH,3.054,39.924167,-83.808889
ROAD RANGER #285,I-10 EXIT 605,Seguin,TX,3.1107,29.561316,-97.962801
Noble East Lyme,"I-95, EXIT 75",East Lyme,CT,3.759,41.366806,-72.232987
KUM & GO #2402,US 60,Springfield,MO,3.1757,37.2152,-93.295
Kum & Go #2404,US 60,Aurora,MO,3.119,36.947661,-93.71238
7-ELEVEN #42195,I-385 EXIT 23,Fountain Inn,SC,3.1157,34.653334,-82.264593
Quiktrip #7906,"I-20, EXIT 617 & US-59",Marshall,TX,2.8373,32.53378,-94.36191
QUIKTRIP #1742,"I-475/SR-408, exit 5 & SR-74",Macon,GA,3.089,32.84386,-83.598686
QUIKTRIP #7242,"I-10, EXIT 31",Gulfport,MS,2.9157,30.382556,-89.097618
Quiktrip #7195,"I-355, EXIT 29",Addison,IL,3.079,41.933509,-88.0054
RACEWAY #6726,"I-30, Exit 172",Thomson,GA,3.399,33.477363,-82.494204
Loves Travel Stop #887,I-55 EXIT 178,Herculaneum,MO,3.1557,38.260087,-90.387095
Loves Travel Stop #854,I-49 EXIT 215,Shreveport,LA,2.9373,32.503743,-93.748696
SHEETZ #795,US-460 & CR-629,Disputanta,VA,2.9823,37.148268,-77.273172
Sheetz #790,I-77 EXIT 100,Mount Airy,NC,2.859,36.500739,-80.611871
QUIKTRIP #4299,"I-25, EXIT 158",Monument,CO,3.159,39.100726,-104.85416
KWIK TRIP #1299,FM 164,Sussex,WI,3.2857,43.144059,-88.227064
KWIK STAR #1285,I-229 EXIT 9,Sioux Falls,SD,2.9523,43.488,-96.7343
Kwik Trip #1260,FM 65,Roberts,WI,3.424,44.987356,-92.559773
Kwik Star #1217,FM 11,Sioux Falls,SD,2.939,43.488,-96.7343
LOVES TRAVEL STOP  #771,I-85 & SR-18,West Point,GA,3.679,32.833683,-85.119714
FLYING J TRAVEL PLAZA #1372,"I-40, EXIT 28",Yucca,AZ,3.849,34.872222,-114.148611
RACEWAY #7000,US-1 & SR-40,Folkston,GA,3.099,30.850838,-82.011617
TA EXPRESS LITTLEFIELD,"I-15, EXIT 8",Littlefield,AZ,3.679,36.866524,-113.913693
Racetrac #2625,SR 72 E & SHIELDS RD,Huntsville,AL,2.9773,34.726866,-86.567318
ONE9 #1362,"I-40, EXIT 253",Winslow,AZ,3.2257,35.16078,-110.511382
ONE9 #484,I-40 EXIT 146,Ash Fork,AZ,3.329,35.214998,-112.502681
CASEYS #4481,US 75,Denison,TX,2.9357,33.745009,-96.549574
CASEYS #4319,SR-141,Perry,IA,3.129,41.839695,-94.102167
CASEYS #4304,FM 103 & Belten Dr,Crete,NE,3.4573,40.619302,-96.956676
KUM & GO #2212,I-35 EXIT 89,Ankeny,IA,3.1323,41.72755,-93.602175
Parker's #94,US-17 N,Georgetown,SC,2.989,33.430776,-79.323459
7-ELEVEN #41940,I-95,West Haven,CT,3.999,41.270079,-72.963842
7-Eleven #41376,I-26 Exit 154B,Orangeburg,SC,3.2257,33.502545,-80.859282
FRIENDLY GUS STORE #12,I-16 Exit 49,Dublin,GA,3.2757,32.547794,-82.90368
Mollys Food and Fuel,"I-20, EXIT 175 & SR-150",Thomson,GA,3.499,33.477363,-82.494204
BREAK TIME #3172,US-50/US-63,Jefferson City,MO,3.3357,38.546212,-92.152462
MAVERIK #712,US 70 & US 54,Alamogordo,NM,3.0557,32.893186,-105.948544
Caseys #4303,"I-80, EXIT 257 & US-183",Elm Creek,NE,3.0323,40.730079,-99.372786
Caseys #4298,"I-55, EXIT 220 & SR-47",Dwight,IL,3.349,41.088701,-88.415884
Racetrac #2612,I-675 EXIT 7,Ellenwood,GA,3.109,33.61,-84.288056
PEOTONE TRAVEL CENTER,I-57 & SR-25,Peotone,IL,3.459,41.33609,-87.78968
Loves Travel Stop #870,US-81 Exit 12 & SR-12,Watertown,NY,4.149,43.974258,-75.912212
PARKERS #103,"I-26, Exit 205A",Ladson,SC,3.2823,32.993019,-80.125701
One9 #1358,"I-40,  EXIT 16",Gallup,NM,3.2457,35.506475,-108.741352
HORIZON TRAVEL PLAZA,US-411,Cartersville,GA,2.934,34.186975,-84.820401
KWIK TRIP #1282,FM 42 & S Duluth Ave,Sturgeon Bay,WI,3.5073,44.84384,-87.375311
QUIKTRIP #1943,I-35 EXIT 368 & SR 22,Hillsboro,TX,2.919,32.014942,-97.119791
QUIKTRIP #7178,I-65 EXIT 13 & SR 158,Saraland,AL,2.9573,30.833197,-88.093387
QUIKTRIP #7908,I-40 EXIT 73,Amarillo,TX,2.874,35.203238,-101.842052
RACETRAC #2495,US 41 & US 19,Griffin,GA,3.229,33.2549,-84.272759
RACETRAC #2620,I-465 Exit 42,Indianapolis,IN,3.159,39.938417,-86.13894
Loves Travel Stop #876,I-94 Exit 34A,Michigan City,IN,3.789,41.698031,-86.869899
Loves Travel Stop #860,I-59 EXIT 1,Picayune,MS,3.1557,30.541796,-89.691021
CEFCO #1117,I-20 EXIT 617,Marshall,TX,2.8323,32.53378,-94.36191
Allsups Convenience Store #2461,US-87 & SR-137,Lamesa,TX,3.099,32.736677,-101.956914
RaceWay #6999,US-84 & US-319,Thomasville,GA,3.1657,30.8665,-83.9233
RACETRAC #2629,US-72/US-43 & SR-20,Tuscumbia,AL,2.999,34.687432,-87.683259
FASTRAC MARKET #500270,SR-5/SR-13,Canastota,NY,4.349,43.087764,-75.760197
CUMBERLAND FARMS #004783,US-5,East Windsor,CT,4.049,41.9099,-72.602945
FASTRAC MARKET #500203,SR-104 & CR-256,Wolcott,NY,3.799,43.234129,-76.821748
QUIKTRIP #1873,US 287  33.054731932354194,Rhome,TX,2.899,33.054045,-97.481688
QUIKTRIP #4227,I-25 EXIT 243,Mead,CO,3.1473,40.233333,-104.998056
ROAD RANGER #287,I-57 EXIT 318,Bourbonnais,IL,3.339,41.166119,-87.879023
TOOT N TOTUM #132,US 84,Lubbock,TX,2.9707,33.586527,-101.860634
RACETRAC #2634,I-95 Exit 77 & US-78,Saint George,SC,2.999,33.184532,-80.573246
RACETRAC #2635,I-85 EXIT 44A,Greenville,SC,2.899,34.847165,-82.406049
RACEWAY #6998,US-501 & SR-576,Marion,SC,3.0157,34.156195,-79.389822
RaceTrac #2626,I-20 Exit 472,Dallas,TX,2.864,32.996848,-96.792113
STUCKEYS TRAVEL CENTER,I-10 EXIT 451,Orange,TX,2.8073,30.125167,-93.771883
CEFCO #2089,I-20 EXIT 288,Abilene,TX,2.7657,32.468155,-99.718208
MARATHON,"1-75, Exit 80",Sycamore,GA,3.299,31.655329,-83.606363
KWIK STAR #1208,US-75,Sioux Center,IA,3.199,43.081416,-96.179952
KWIK TRIP #1276,"I-90/I-39, EXIT 1 & SR-75",South Beloit,IL,3.299,42.483672,-89.029791
SHEETZ #774,I-70 & SR-83,New Concord,OH,3.059,40.008798,-81.738727
SHEETZ #791,"I-76, Exit 57",North Jackson,OH,3.0657,41.088044,-80.86225
SHEETZ #770,I-70 & US-42,London,OH,2.999,39.900074,-83.443899
Maverik Country Store #724,"I-80/US-30, EXIT 221",Rawlins,WY,3.289,41.795131,-107.234883
GAS N WASH,US 30,Crest Hill,IL,3.299,41.566239,-88.116924
QUIKTRIP #333,"I-135, EXIT 31",Newton,KS,2.949,38.045067,-97.343457
QUIKTRIP #7011,"I-35, EXIT 118",Oklahoma City,OK,3.0323,35.3337,-97.4922
MAVERIK #700,I-25 EXIT 215,Denver,CO,3.289,39.840562,-105.007985
RACETRAC #237,HWY 30 & ROBERT WILSON RD,Gonzales,LA,3.1723,30.238333,-90.92
LOVES TRAVEL STOP #850,SR-491 & RD. G,Cortez,CO,3.4823,37.354949,-108.583726
QUICKLEES,"I-190, EXIT 23",Niagara Falls,NY,3.999,43.095467,-79.041443
TA EXPRESS BLAINE #917,"I-5, Exit 275",Blaine,WA,4.139,48.963572,-122.732327
REFUEL #1337,SR-45/CR-1625,Buda,TX,2.999,30.091758,-97.853422
PILOT DEALER #1399,"SR-303, EXIT 107",Litchfield Park,AZ,3.584,33.494127,-112.380497
KWIK TRIP #1215,"I-94, EXIT 135",Melrose,MN,3.3273,45.658183,-94.819768
Casey's #4539,US-75,Rock Rapids,IA,3.349,43.427192,-96.178055
CASEYS #4384,"I-88 & SR-26, EXIT 54",Dixon,IL,3.479,41.847797,-89.489303
CASEYS #4388,"US-64, EXIT 29",Beebe,AR,3.189,35.093743,-91.907449
Racing Mart Store,"I-495, Exit 36A",Wrentham,MA,3.899,42.061746,-71.339568
Llanos Country Corner,"I-10/US-83, EXIT 456 & US-377",Junction,TX,2.919,30.47544,-99.74731
7-Eleven #42174,"I-24, EXIT 211 & US-70",Nashville,TN,3.249,36.167028,-86.778441
Stripes #42242,"SR 181, HWY 188",Sinton,TX,3.259,28.033895,-97.519582
TA HOSSTON #939,"I-49, Exit 237",Hosston,LA,2.9223,32.896653,-93.883425
Allsups Convenience #2463,US-377,Aubrey,TX,2.899,33.291997,-96.987866
LOVES TRAVEL STOP #894,I-95 EXIT 305,Saint Augustine,FL,3.4423,29.8364,-81.2745
QUIKTRIP #7,"I-244/US-412, Exit 10",Tulsa,OK,3.119,36.05566,-96.060229
QUIKTRIP #50,SR-51,Broken Arrow,OK,3.129,35.990812,-95.814332
Kwik Trip #748,US 8,Barron,WI,3.664,45.400535,-91.84996
Allsups #2425,Hwy 144,Granbury,TX,3.029,32.42505,-97.774173
ALLSUPS #2468,"I35, EXIT 5",Thackerville,OK,2.9173,33.788167,-97.136349
QUIKTRIP #7194,I-74 EXIT 182,Champaign,IL,3.099,40.111017,-88.240747
QUIKTRIP #7914,I-27 EXIT 117,Amarillo,TX,2.8457,35.203238,-101.842052
QUIKTRIP #4174,I-35 Exit 285,Salado,TX,2.9157,30.949388,-97.532999
QUIKTRIP #7174,"I-65, EXIT 168",Montgomery,AL,2.999,32.3743,-86.3118
QUIKTRIP #7925,I-69W,Laredo,TX,2.8507,27.515538,-99.498579
QUARLES #54232,us-385,Crane,TX,3.8857,31.396949,-102.354382
QUARLES #54231,CR-23 & CR-33,Eunice,NM,3.699,32.439225,-103.159407
QUARLES #54225,US-83,Abilene,TX,3.499,32.468155,-99.718208
QUARLES #54259,FM-1936,Odessa,TX,3.699,31.8465,-102.3663
QUARLES #54250,US-80,Abilene,TX,3.3123,32.468155,-99.718208
QUARLES #54261,"I-20, EXIT 37",Pecos,TX,3.749,31.414384,-103.508129
QUARLES #54262,CR-64,Hobbs,NM,3.699,32.72217,-103.137246
QUARLES #54277,SR-137,Big Lake,TX,3.849,31.240592,-101.478776
QUARLES #54281,SR-208,Snyder,TX,3.6657,32.715105,-100.907485
QUARLES #54284,US-285,Loving,NM,3.799,32.274034,-104.091376
QUARLES #54293,CR-64,Hobbs,NM,3.699,32.72217,-103.137246
QUARLES #54296,SR-214 & CR-370,Denver City,TX,3.799,32.971114,-102.831251
QUARLES #54332,US-285,Pecos,TX,3.759,31.414384,-103.508129
QUARLES #54341,US-87,Big Spring,TX,3.649,32.241767,-101.467517
QUARLES #54347,US-67,Rankin,TX,3.699,31.2225,-101.9375
QUARLES #54349,CR-1140,Midland,TX,3.6657,31.989636,-102.06261
QUARLES #54367,FM-1787,Midland,TX,3.799,31.989636,-102.06261
QUARLES #54520,SR-589,Purvis,MS,2.979,31.149562,-89.462301
GAS N WASH,SR 59,Plainfield,IL,3.559,41.600884,-88.199391
7-ELEVEN #42019,SR-3 & SR-4,Yukon,OK,3.159,35.506667,-97.762222
CASEYS #4286,SR-32,Crawfordsville,IN,3.5623,40.032524,-86.907424
Circle K #2707070,"SR 378, Route 467",Sumter,SC,2.9923,33.928199,-80.321008
SPRINT MART #4143,"I-20, EXIT 89",Vance,AL,3.059,33.17498,-87.257362
Double Quick #92,US-61,Cleveland,MS,3.1823,33.743002,-90.730871
SUNSTOP #430,US-27,Bainbridge,GA,3.599,30.9355,-84.5809
Maverik #731,I-15 EXIT 190,Helena,MT,3.549,46.613066,-112.021283
MAVERIK #737,I-15 EXIT 116,Idaho Falls,ID,3.4057,43.517679,-111.990626
MAVERIK #738,I-90 EXIT 129,Gillette,WY,3.359,44.282009,-105.497442
Maverik #727,I-8 EXIT 3,Yuma,AZ,3.179,32.701507,-114.642362
QUIKTRIP #7926,US 59 & SR 20,Laredo,TX,2.859,27.515538,-99.498579
QUIKTRIP #7206,I-39 EXIT 15 & US 20,Rockford,IL,2.969,42.292233,-89.116118
QUIKTRIP #4076,I-35 EXIT 191,New Braunfels,TX,2.9157,29.694733,-98.113041
QUIKTRIP #4183,SR 195 & Shell RD,Georgetown,TX,2.9157,30.633038,-97.670704
QUIKTRIP #1139,"I-385, EXIT 23",Fountain Inn,SC,3.0173,34.653334,-82.264593
QUIKTRIP #7177,"I-10, EXIT 15A",Theodore,AL,2.8823,30.544374,-88.180748
QUIKTRIP #4002,US-87,Comfort,TX,2.9657,29.979072,-98.843772
PARKERS #97,US 80,Bloomingdale,GA,3.0323,32.117654,-81.308465
CASEYS #4330,"I-40, EXIT 221",Okemah,OK,2.9257,35.447516,-96.306788
CEFCO #435,"I-10, EXIT 44 & US-90",Loxley,AL,3.0257,30.617964,-87.75624
RACEWAY #6960,US-431 & Westgate PKWY,Dothan,AL,3.199,31.202888,-85.418036
PILOT #1381,US-190 & Rose Marie Blvd,Hearne,TX,3.499,30.86686,-96.584256
STRIPES #42591,US-87,Mason,TX,3.299,30.743392,-99.226117
DK,SR 83,Denver City,TX,3.319,32.971114,-102.831251
GAS N WASH,"I-57, EXIT 354",Alsip,IL,3.399,41.6723,-87.7339
Racetrac #2586,I-95 & 20th ST,Vero Beach,FL,3.159,27.632985,-80.403075
Allsups Convenience Store #2458,US-287 & FM-1655,Alvord,TX,2.899,33.36982,-97.688488
Allsups#2465,SR 7,Davis,OK,2.9673,34.495301,-97.10843
PILOT #1283,I-45 & SR-31,Corsicana,TX,3.0423,32.0322,-96.3483
RACEWAY #7002,US 79 & 59,Carthage,TX,2.8207,32.154379,-94.352721
FATDOGS GRAND ISLAND TRAVEL CENTER,I-80 & HWY 281,Grand Island,NE,2.979,40.921858,-98.341062
CIRCLE K #2704593,SR-24 &  SR-690,Spring Lake,NC,3.079,35.182981,-78.978555
Kent Kwik #221,SR-338,Odessa,TX,2.989,31.8465,-102.3663
CEFCO #112,US-281,Marble Falls,TX,2.929,30.57228,-98.306992
TA EXPRESS PLEASANTON #445,I-37 EXIT 109,Pleasanton,TX,3.099,28.992368,-98.483061
Maverik #734,I-25 EXIT 94,Pueblo,CO,3.289,38.287876,-104.584828
QUIKTRIP #7913,"I-20, EXIT 20 & SR-18",Monahans,TX,2.859,31.581294,-102.900273
QUIKTRIP #1042,"I-85, EXIT 17B & US-321",Gastonia,NC,3.264,35.244917,-81.219449
FAT DOGS LINCOLN TC,"I-80, EXIT 399",Lincoln,NE,3.099,40.8169,-96.7103
Ogden Cardlock (Bulk Plant),I-15 EXIT 343,Ogden,UT,3.489,41.2443,-112.0072
Salina Cardlock (Bulk Plant),I-70 EXIT 56,Salina,UT,3.449,38.956028,-111.881072
CASEYS #2562,SR 140 & SR 156,Ellsworth,KS,3.4657,38.731219,-98.205678
QUIKTRIP #7076,"I-75, EXIT 101",Cordele,GA,3.0323,31.963333,-83.7825
QUIKTRIP #7096,I-75 & EXIT 51,Dayton,OH,3.0323,39.765396,-84.099802
Circle K #4701686,"I-70, Exit 224 & SR-370",Saint Peters,MO,3.0507,38.78024,-90.622765
CIRCLE K #4701677,"I-44, Exit 226",Sullivan,MO,3.324,38.230706,-91.156662
SUNOCO,SR-640,Willoughby,OH,3.859,41.630229,-81.407619
76,US-84,Brookhaven,MS,3.149,31.58581,-90.451995
SHERMAN TRAVEL CENTER,SR-9,Senatobia,MS,3.029,34.632306,-89.885501
AMOCO,US-52 & SR-340,Darlington,SC,3.199,34.300294,-79.873221
Amoco,US-31 & US-10,Scottville,MI,3.359,43.976692,-86.315615
Bell Stores #165,US-30,Wooster,OH,3.5157,40.809354,-81.948272
SPARTA CO-OP,SR-27,Sparta,WI,3.189,43.954045,-90.814566
CHEVRON #385988,SR-124,Lithonia,GA,3.399,33.682311,-84.160997
CIRCLE K #2706987,"I-37, Exit 118",Corpus Christi,TX,3.099,27.794086,-97.402994
Circle K #2722258,US-17 & SR-40,Pierson,FL,3.4023,29.222596,-81.43533
Circle K #2707549,SR-471 & SR-48,Bushnell,FL,3.499,28.661062,-82.155297
CIRCLE K #2723997,SR024,Stedman,NC,3.399,35.034749,-78.694932
CIRCLE K #2723205,I-285 & CR-1642,Winston Salem,NC,3.5207,36.10237,-80.222798
CIRCLE K #2655872,"I-75, Exit 252B",Atlanta,GA,3.5057,33.749788,-84.31685
Circle K #3909,SR-236,Clarksville,TN,3.329,36.522014,-87.348997
CIRCLE K #2740389,I-55 & US-51,Hammond,LA,3.249,30.51908,-90.487856
CIRCLE K #2742777,US-62/180,El Paso,TX,3.1907,31.758411,-106.478311
CIRCLE K #2706805,SR-415 & SR-76,Port Allen,LA,3.359,30.471983,-91.254088
Circle K #2709094,US-62 & SR-327,Lubbock,TX,3.099,33.586527,-101.860634
CIRCLE K #2707057,SR-59 & CR-12,Foley,AL,3.0923,30.400664,-87.685737
Circle K #9556,SR-202,Phoenix,AZ,3.3857,33.451,-112.0685
CIRCLE K #2746514,SR-23,Watford City,ND,3.599,47.804258,-103.258205
BOURBON TRAVEL PLAZA,US-30,Bourbon,IN,3.499,41.309785,-86.117438
Conoco,US-95,MC DERMITT,NV,4.299,41.866944,-117.531111
DK,SR-36,Abilene,TX,2.849,32.468155,-99.718208
GRAND AVENUE EXPRESS,I-35 & FM-372,Gainesville,TX,2.999,33.625943,-97.103208
Handee Hugos #1,SR-87,Riegelwood,NC,3.4973,34.34706,-78.257473
IRVING,SR-11,Augusta,ME,3.899,44.323228,-69.766548
Jack Flash Pana,SR-16,Pana,IL,3.099,39.388124,-89.078165
JORDANS #75,US-67,Newport,AR,3.299,35.598823,-91.257064
KENT KWIK #206,FM-2020,Odessa,TX,3.0257,31.8465,-102.3663
MAVERIK #5358,"I-25, Exit 145",Colorado Springs,CO,3.3307,38.8335,-104.8206
Maverik #674,"I-15, Exit 45",North Las Vegas,NV,3.2823,36.4475,-114.851389
MCCLURE STORE #15,SR-9,Marion,IN,3.694,40.574333,-85.674127
BINKS TENAHA QUICK STOP,US-59/US-84,Tenaha,TX,3.059,31.940812,-94.248773
LOVES TRAVEL STOP #883,US-52 EXIT 120,Rural Hall,NC,3.5773,36.229251,-80.293643
LOVES TRAVEL STOP #555,US-30,Delphos,OH,3.3057,40.833619,-84.324678
PAC PRIDE,"I-96, Exit 26",Grand Rapids,MI,3.659,42.9704,-85.6738
LOVES TRAVEL STOP #886,I-44 EXIT 29,Sarcoxie,MO,3.4007,37.072382,-94.11514
PETE'S 49,US-166 & US-169,Coffeyville,KS,3.214,37.044056,-95.632756
USTOP 34,US-77,Lincoln,NE,3.499,40.8169,-96.7103
SHEETZ #804,"I-95, Exit 41",Hope Mills,NC,2.859,34.953564,-78.935364
RED DOG,"I-10, EXIT 72",Egan,LA,3.049,30.250966,-92.500226
SHELL SERVICE STATION,SR-302,Byhalia,MS,3.099,34.885351,-89.676332
RICKY ROCKETS,"I-57, EXIT 312",Kankakee,IL,3.379,41.116582,-87.869607
Sprint Mart #2301,I-565 & CR-115,Madison,AL,3.4923,34.6578,-86.8056
SUNOCO,I-10 & SR-328,Breaux Bridge,LA,2.8557,30.274955,-91.905899
SUNSTOP #303,SR-100,Lake City,FL,3.5507,30.0949,-82.7117
TERRIBLE HERBST #341,US-95,Indian Springs,NV,3.899,36.407223,-115.581067
THE PRIDE OF VILLA PARK,SR-64,Villa Park,IL,3.299,41.879899,-87.978246
THE PRIDE OF ELGIN,SR-31,Elgin,IL,3.499,42.038356,-88.260631
The Texan,US-285 & CR-116,Pecos,TX,2.999,31.414384,-103.508129
Thorntons #221354,US-12,Lake Zurich,IL,3.349,42.196721,-88.070299
THORNTONS #442562,SR-63,Monroe,OH,3.199,39.441285,-84.365196
TA Express Jonesboro,I-555 EXIT 39,Jonesboro,AR,3.3923,35.833016,-90.696526
THORNTONS #221345,US-20,Hanover Park,IL,3.759,41.794444,-87.808333
H AND R OIL COMPANY,"SR-4, EXIT 8",Lexington,KY,3.249,38.017394,-84.485423
LOVES TRAVEL STOP #569,I-84 EXIT 304,Baker City,OR,3.4573,44.780102,-117.828631
LOVES TRAVEL STOP #504,I-76 EXIT 232,North Lima,OH,3.7873,40.964866,-80.654911
83 FUEL STOP,US-83,Catarina,TX,2.959,28.345278,-99.613056
Aeg Petroleum,US-70 & SR-467,Portales,NM,3.6857,34.179915,-103.336311
TXB,FM-2147,Horseshoe Bay,TX,2.929,30.578056,-98.2725
GAS PRO TRAVEL CENTER,US-25 & SR-88,Hephzibah,GA,3.599,33.343328,-82.088689
NOBLE,US-20,Sturbridge,MA,3.999,42.112619,-72.084233
VALERO,"I-85, EXIT 28 & SR-100",Hogansville,GA,3.6657,33.164382,-84.930856
MUSTANG XPRESS,US-183 & FM-1327,Austin,TX,3.3323,30.210692,-97.942749
THRIFT BULL TRUCK STOP,SR-103,San Augustine,TX,3.499,31.515173,-94.132581
FUELPORT # 1,FM-143,San Antonio,TX,3.049,29.468525,-98.526352
247 TRUCK STOP,I-40 EXIT 247,Widener,AR,2.999,35.059167,-90.629313
CIRCLE K #2726298,SR 33 & SR 50,Mascotte,FL,3.539,28.578056,-81.886944
76,US 40,Franklinville,NJ,3.169,39.615557,-75.04088
PARKERS #112,SR 67,Statesboro,GA,3.199,32.440841,-81.773956
U Stop #36,US 136 & SR 50,Tecumseh,NE,3.399,40.369702,-96.204951
Smart Stop Travel Center,US 271 & SR 37,Bogata,TX,3.199,33.469862,-95.193725
Circle K #2746245,I 35W EXIT 6,Minneapolis,MN,3.599,45.049582,-93.246095
151 TRAVEL CENTER,SR 34 & N Central Rd,Darlington,SC,3.299,34.300294,-79.873221
Gas N Wash,SR-171,Lemont,IL,3.299,41.695076,-88.023558
PETRO HENDERSON #968,"I-11, EXIT 15A",Henderson,NV,3.639,35.992678,-114.951684
One9 #1417,I-35 Exit 323,Lorena,TX,2.9023,31.409271,-97.230161
SPEED TREK TRAVEL CENTER,I-90 EXIT 25,Belvidere,IL,3.699,42.259465,-88.850943
Travel Refresh,US 59,Corrigan,TX,2.949,31.000657,-94.7959
Parkers #110,SR 56,Augusta,GA,3.1923,33.511692,-82.099505
QUARLES #54242,SR-152,Pampa,TX,3.499,35.538043,-100.957885
QUIKTRIP #7909,US-10,El Paso,TX,2.849,31.758411,-106.478311
Maverik Country Store #741,US-80,Rock Springs,WY,3.3073,41.605957,-109.230047
TA EXPRESS #567,"I-20, EXIT 81 & SR-149",Ruston,LA,3.114,32.530823,-92.643927
Spinx  #292,"I-26, EXIT 10",Inman,SC,3.1657,35.052795,-82.054013
TAILGATE #3,SR 21,Bryan,TX,3.599,30.632698,-96.36616
Racetrac #182,US- 19,Hampton,GA,2.999,33.412398,-84.294744
MAVERIK #728,Hwy 483,Lovington,NM,3.094,32.951166,-103.348849
MAVERIK #740,"I-25, EXIT 347",Las Vegas,NM,3.1623,35.594862,-105.227162
Maverik #732,"US 20, EXIT 310",Idaho Falls,ID,3.394,43.517679,-111.990626
MAVERIK #717,US-395,Spokane,WA,3.979,47.666485,-117.436527
Refuel #63,US 501 & SR 544,Conway,SC,3.134,33.873066,-79.055712
RACETRAC #2642,"I-70, EXIT 77",Indianapolis,IN,3.259,39.938417,-86.13894
ALLSUPS CONVENIENCE STORE #2473,US-287,Bowie,TX,2.899,33.556796,-97.837337
CIRCLE K #2709540,"I-10, EXIT 10 & SR-90",Sierra Vista,AZ,3.629,31.536467,-110.266565
Circle K #2701875,US-78 E,Grovetown,GA,3.499,33.476622,-82.240937
Circle K #2746108,"I-90/US-212, EXIT 447",Billings,MT,3.579,45.774489,-108.500452
CIRCLE K #4707124,SR-3,Liberty,ME,4.099,44.374085,-69.33058
CIRCLE K #2723033,"I-295, EXIT 21A & I-95",Fayetteville,NC,3.279,35.05099,-78.842255
CIRCLE K #2703586,US-550 & SR-516,Flora Vista,NM,3.719,36.802771,-108.082683
CIRCLE K #4707605,SR-365/SR-69/SR-49 & SR-26,Rome,NY,3.999,43.219349,-75.449758
CIRCLE K #4705626,"I-77/US-62, EXIT 105 & SR-172",Canton,OH,3.459,40.827,-81.3853
Circle K #2709045,"US-62 & SR-375, EXIT 39",El Paso,TX,3.2023,31.758411,-106.478311
CIRCLE K #2741849,SR-358 & SR-286,Corpus Christi,TX,3.124,27.794086,-97.402994
HOLIDAY STATIONSTORE #2746223,"I-35, EXIT 135 & US-61",Andover,MN,3.499,45.25068,-93.284531
7-ELEVEN #42315,"I-85, Exit 88",Lexington,NC,3.399,35.82306,-80.262049
RACETRAC #2631,"I-75, EXIT 285 & US-41/SR-3",Emerson,GA,2.8873,34.119969,-84.757045
QUIKTRIP #1499,I-10 EXIT 267,Tucson,AZ,3.0623,32.213873,-110.969445
J STARR,I-29 EXIT 8,Hankinson,ND,3.499,46.055797,-96.899069
MAVERIK #5369,SR 21,Colorado Springs,CO,3.499,38.8335,-104.8206
7-Eleven #42340,SR-340/SR-6,Woodway,TX,2.9323,31.505074,-97.231062
QUIKTRIP #7075,"I-16/SR-404, EXIT 51 & US-441",Dublin,GA,2.999,32.547794,-82.90368
RACETRAC #2641,HWY 59 & FM 989,Texarkana,TX,2.8573,33.407371,-94.118245
ALLSUPS CONVENIENCE STORE #2470,SR 18,Eunice,NM,3.099,32.439225,-103.159407
MAVERIK #5148,US 40,Kremmling,CO,3.679,40.063224,-106.395472
Shelee's Travel Center,"I-10, Exit 146",Coachella,CA,3.949,33.674965,-116.177231
PILOT #1433,I-10 EXIT 160,Chandler,AZ,3.499,33.330091,-111.863156
Circle K #2707255,"I-75, Exit 60",Tifton,GA,3.0623,31.450278,-83.508611
ALLSUPS #2476,I-40 EXIT 38 & SR 6,Elk City,OK,2.9307,35.410359,-99.421086
KWIK STAR #1153,US 71,Milford,IA,3.324,43.31964,-95.161534
Kwik Star #1213,I-380 EXIT 2,North Liberty,IA,3.159,41.744318,-91.60612
Kwik Trip #747,I-94 ALT & US-12,Baldwin,WI,3.499,44.9657,-92.365498
Loves Travel Stop #550,I-75 EXIT 13,Valdosta,GA,3.2223,30.810578,-83.277166
Pilot Travel Center #1390,I-16 Exit  143,Ellabell,GA,3.2857,32.127304,-81.498302
Quiktrip #1148,I-26 EXIT 53,Flat Rock,NC,2.849,35.288993,-82.391568
QUIKTRIP #4042,I-10,Converse,TX,2.9457,29.517331,-98.321673
GAS N WASH,I-355 EXIT 7,Lockport,IL,3.399,41.613481,-88.025581
MARATHON,US-24,Taylor,MI,3.499,42.231738,-83.267269
Quiktrip #7250,US 49,Richland,MS,2.9157,32.215224,-90.156231
KWIK TRIP #748,US 8,Barron,WI,3.6473,45.400535,-91.84996
KWIK TRIP #1269,SR 27,Cadott,WI,3.4007,44.963014,-91.169884
Kwik Star #1296,SR 115,Harrisburg,SD,2.939,43.446021,-96.686389
MAVERIK #747,I-215 Exit 21,Salt Lake City,UT,3.3923,40.755851,-111.896657
7-ELEVEN 42279,"I-76, Exit 39",Keenesburg,CO,3.149,40.095847,-104.446366
RaceTrac #2654,I-20 EXIT 130,Greensboro,GA,3.399,33.563682,-83.170192
ALLSUPS CONVENIENCE STORE #2472,US-75,Atoka,OK,2.9673,34.34451,-96.141827
SHEETZ #831,I-26 EXIT 44 & US 25,Hendersonville,NC,2.859,35.319213,-82.499995
ROAD RANGER #319,"I-35E, EXIT 381",Milford,TX,3.0307,32.148198,-96.96115
MAVERIK #722,"I-29, EXIT 304",Baker City,OR,3.459,44.780102,-117.828631
ALLSUPS #2432,US 287 & SR 34,Ennis,TX,2.929,32.332102,-96.622363
Stinker #122,I-84 EXIT 36,Nampa,ID,3.4023,43.58342,-116.584818
Kwik Star #1184,US 61,Dubuque,IA,3.489,42.514977,-90.681914
KWIK TRIP #1283,SR 83 & W CAPITOL DR,Hartland,WI,3.749,43.117153,-88.344572
Kwik Trip #1298,US 10,Mondovi,WI,3.349,44.609853,-91.669576
Gas N Wash,"I-55, EXIT 285",Chicago,IL,3.399,41.885847,-87.618123
ALLSUPS CONVENIENCE STORE #2477,HWY 69 & 11th st,Kiowa,OK,2.9573,34.727755,-95.932836
SHEETZ #837,I-94,Romulus,MI,3.099,42.220304,-83.358288
A One Stop,"I-45, EXIT 246",Ennis,TX,2.9357,32.332102,-96.622363
Sheetz #838,"I-85, Exit 71",Salisbury,NC,2.859,35.651498,-80.488945
